cap,subset,scheme,ov,IS_sh,IS_dd,OOS_sh,OOS_cagr,OOS_dd,OOS_vol,OOS_worst
NOCAP,FULL,EQ,False,1.1122400965390942,-0.21490061243690262,0.5320948652935834,0.05934383102319396,-0.34621773617636364,0.12224478141732767,-0.07189878398371966
NOCAP,FULL,EQ,True,0.8869188248077429,-0.1119337682923941,0.524392651041027,0.02599065781171972,-0.11436470422602141,0.05143171562433367,-0.02597502416294086
NOCAP,FULL,HLV,False,1.1655080614135438,-0.18359685132841796,0.4911174685811768,0.04705863977461067,-0.30699369198228643,0.10477195525761974,-0.06675705570237159
NOCAP,FULL,HLV,True,0.8595393276541318,-0.10936287574583703,0.5510373651567932,0.024811091992171574,-0.10204607345364092,0.046419632872214685,-0.028550484732976538
NOCAP,FULL,INV,False,1.212141120931382,-0.155054220328823,0.42905727157691753,0.0368477015564419,-0.27061259894676004,0.09477784142620065,-0.06262324125611561
NOCAP,FULL,INV,True,0.7841907412904668,-0.10196050451575878,0.3861078872258044,0.015114149974443603,-0.11700241726799909,0.04101810772076907,-0.03170590829593361
NOCAP,NOHO,EQ,False,1.2208764724579262,-0.18372138484040912,0.6119526483321219,0.07780128845386125,-0.2735859877804713,0.13770230955396995,-0.09118092552253512
NOCAP,NOHO,EQ,True,0.7838658081499756,-0.10534297436722895,0.7610656435505304,0.04406565937032236,-0.12502767055028596,0.05891734732132042,-0.021364804098755984
NOCAP,NOHO,HLV,False,1.3185089350091412,-0.14586487238741241,0.5906810983089579,0.06367959281185942,-0.22980143261049002,0.11582189376922922,-0.08604417934685166
NOCAP,NOHO,HLV,True,1.4712302009852183,-0.09848049768763478,0.4267671860810132,0.019816603766691143,-0.15205752334596245,0.048742798505838,-0.020230872392458302
NOCAP,NOHO,INV,False,1.3988447795855736,-0.11108976458208975,0.5300313556107122,0.05071825453433898,-0.2070943859484634,0.1034005695382647,-0.08089706058257384
NOCAP,NOHO,INV,True,1.5876832126719473,-0.08207105151430238,0.3667849829885863,0.014672518143752367,-0.1429621999082228,0.04212134320481307,-0.019572189952734246
NOCAP,CORE3,EQ,False,1.0830894919204095,-0.2016451604581987,0.6353263533894533,0.09462527644614083,-0.29791629025378197,0.1628318087001718,-0.12157456736338015
NOCAP,CORE3,EQ,True,0.8484624525106065,-0.1038936638413428,0.8621579162152395,0.05622456533983633,-0.10731104468333641,0.0659289687709905,-0.028486405465007976
NOCAP,CORE3,HLV,False,1.2028224805793106,-0.1394954844681714,0.5996901160801742,0.07262563509502673,-0.2500621707664422,0.1312000398601759,-0.10722692806336052
NOCAP,CORE3,HLV,True,1.0268592149978844,-0.10115725464809056,0.5525920486237119,0.02802152110128797,-0.13107331994404003,0.05247797070922212,-0.02564216774964158
NOCAP,CORE3,INV,False,1.2899239198607355,-0.09957947630969444,0.5204469565760448,0.05451739068353412,-0.22855709622647769,0.11456289411009514,-0.09477339382464364
NOCAP,CORE3,INV,True,1.4448148944746506,-0.08014491382765465,0.5392743538014583,0.025082112624996267,-0.11238255102789241,0.048058854502506895,-0.030657790167990095
NOCAP,CORE2,EQ,False,0.9065583433358213,-0.2831615437479831,0.6255156383440088,0.13603440342600592,-0.4466423846810954,0.2516577405038091,-0.18236185104507024
NOCAP,CORE2,EQ,True,-0.004738561154502913,-0.13140118730612949,0.8121782820987059,0.05743664767331835,-0.10204693638578699,0.07191207317449483,-0.042726304170818415
NOCAP,CORE2,HLV,False,0.9531082927986483,-0.22873973555302862,0.6156044271928112,0.11965696930160807,-0.4051879678356237,0.22238173682804416,-0.18229851350469944
NOCAP,CORE2,HLV,True,0.617709302476825,-0.10271790405142889,0.6785420558586174,0.04366898917466733,-0.12148754700569597,0.06619550200396437,-0.040323997004904626
NOCAP,CORE2,INV,False,0.9804130590637983,-0.19520548323373021,0.5861870923544565,0.10366406786129567,-0.38174982400549085,0.20264040503438852,-0.18224259333508144
NOCAP,CORE2,INV,True,0.603589381583289,-0.10326440534044756,0.5398960207040062,0.032475673052989595,-0.11487400182368779,0.06281772636069459,-0.041061483247491565
CAP8,FULL,EQ,False,1.1566915203406607,-0.20166420186213863,0.4774468520276167,0.046940844446363705,-0.33273139645499206,0.10833251666937746,-0.062065289797961234
CAP8,FULL,EQ,True,0.8216386364021903,-0.11794381794162134,0.42360702917646537,0.01881447487821508,-0.1032209470647325,0.046540297000460584,-0.02597481621534795
CAP8,FULL,HLV,False,1.2013039174322757,-0.17651335989807582,0.43935288359306923,0.039142071233147835,-0.29996584300566265,0.09837914413484315,-0.060489380410377595
CAP8,FULL,HLV,True,0.786712192526717,-0.11560205461703577,0.3965051873965451,0.015722824931314827,-0.12131916198169257,0.041503917444901985,-0.02806330636005519
CAP8,FULL,INV,False,1.2395526127305323,-0.15223496703526118,0.38856403526143446,0.0322556557572915,-0.2692940068560824,0.09274631835298808,-0.05890306360574569
CAP8,FULL,INV,True,0.5737514873968605,-0.11761649223575699,0.4293158650300658,0.01669778442046521,-0.10316855725341223,0.040468907067602304,-0.03106300348076978
CAP8,NOHO,EQ,False,1.2765600654528098,-0.1696363692745353,0.5645902668109317,0.06233092173889232,-0.2592624649781864,0.11974761586970209,-0.07888910673834927
CAP8,NOHO,EQ,True,0.11656451676480238,-0.12066427988506101,0.4170525725126915,0.01997544808161522,-0.13782651490213915,0.05044672841405104,-0.021710571897645525
CAP8,NOHO,HLV,False,1.3632366617133045,-0.13776240209187163,0.5379624619069551,0.05343634201223524,-0.22237691548979432,0.10747517973815329,-0.07791513023271682
CAP8,NOHO,HLV,True,1.5371914103844055,-0.09662719524235175,0.4426854689333543,0.02002276334877573,-0.12231176294793344,0.04729163292325687,-0.020611131006178986
CAP8,NOHO,INV,False,1.4315044147897744,-0.10758595461777354,0.4831855918346054,0.04463440287229847,-0.21510610589405044,0.10088154604459205,-0.07593148519230292
CAP8,NOHO,INV,True,1.6290047577055011,-0.0807055724868444,0.19438673266027273,0.006656591082419672,-0.14380126163670115,0.03779103304535462,-0.019745726174882645
CAP8,CORE3,EQ,False,1.1583921419163943,-0.17764856371341609,0.5893603438070234,0.0744053987534401,-0.2732303542123746,0.13782230982280405,-0.10518547565113236
CAP8,CORE3,EQ,True,-0.5530560173244405,-0.14583210090935417,0.6228234416202288,0.03388538627059967,-0.11960038781068427,0.055987759356338575,-0.026408606989415398
CAP8,CORE3,HLV,False,1.2589366301515796,-0.127838279588241,0.5404978527403512,0.05979728539856777,-0.24251593458445408,0.12093857987996628,-0.09684993585507048
CAP8,CORE3,HLV,True,1.4427370513764914,-0.09816774657316041,0.6215505544180696,0.03069164252233003,-0.10477041014908883,0.050683156730295505,-0.027416414555812927
CAP8,CORE3,INV,False,1.3268087945380023,-0.09555956688600709,0.4687689200797247,0.04728974183308754,-0.2398914238800891,0.1118987588750915,-0.0887413758233116
CAP8,CORE3,INV,True,1.4604072020804277,-0.07922983579349452,0.4837928168604254,0.020985585501323678,-0.10355016068129674,0.045002211668378825,-0.03141917766781818
CAP8,CORE2,EQ,False,0.9710383478573876,-0.24943906905119395,0.6060700584626315,0.10901081501687093,-0.403779879955236,0.2047277195581673,-0.15777821347669854
CAP8,CORE2,EQ,True,0.15442566045317568,-0.11502479737306404,0.6498601217554352,0.03969053785131127,-0.10879817653158286,0.06292244860046096,-0.0396129104841231
CAP8,CORE2,HLV,False,1.0073577757736716,-0.21071783344733563,0.5890316296575694,0.09959780616946334,-0.3858318211185062,0.19219170486841522,-0.16318704184466964
CAP8,CORE2,HLV,True,0.4842297847996733,-0.11183288280140469,0.46603990557053754,0.02585932605906205,-0.13268837895855268,0.05841526968213443,-0.03396999773646191
CAP8,CORE2,INV,False,1.0238665946048273,-0.1854672682787586,0.5588435539207561,0.09024039667264261,-0.3697108736445902,0.18495110262228595,-0.16808640283874518
CAP8,CORE2,INV,True,0.7520024248351295,-0.10047465842218362,0.5068492150089146,0.030509981662239172,-0.11012636755645022,0.06317707741651622,-0.0422845104538202
CAP5,FULL,EQ,False,1.1769479979871071,-0.16797252774123772,0.41373365355250374,0.034737028505279044,-0.2898687062765585,0.09295267768143024,-0.05205606843209752
CAP5,FULL,EQ,True,0.8132899757913945,-0.10726034109794669,0.28271190966259857,0.010226050926027463,-0.11862059078935738,0.038617438659380006,-0.025974298957600055
CAP5,FULL,HLV,False,1.2221148119175027,-0.15652484248298104,0.4036987087331387,0.03258797870500363,-0.272915244435586,0.08928822774244112,-0.054201872014295334
CAP5,FULL,HLV,True,0.6791704521800455,-0.12066825175573126,0.29168863660129773,0.010005062733184689,-0.12026293215126604,0.03639660516187833,-0.027183335851531005
CAP5,FULL,INV,False,1.2568934387577062,-0.14329955648459403,0.3810974728949228,0.030002553928349496,-0.2554625568014012,0.08762125924698008,-0.0553533682234857
CAP5,FULL,INV,True,0.5404746907565484,-0.11769470843826457,0.31231805982919597,0.010693273138217219,-0.11041472941923725,0.03613784264468492,-0.02919466510953075
CAP5,NOHO,EQ,False,1.3178876139805793,-0.13798393368582318,0.50526960548298,0.04700052109534991,-0.22594480871703204,0.10096163345864452,-0.0663783057231341
CAP5,NOHO,EQ,True,1.4543702206120397,-0.09863849796010615,0.18067838745275758,0.00680364033162828,-0.12491100559067025,0.04250740736652178,-0.023059032416327032
CAP5,NOHO,HLV,False,1.3981309273428135,-0.11845902555436028,0.5021604225422022,0.04454138560089649,-0.2010672627018174,0.09591992903064231,-0.0692712583118638
CAP5,NOHO,HLV,True,1.5252080702047777,-0.09028901617247187,0.3926253826391984,0.01576981749415629,-0.12106946298788812,0.04209918868599817,-0.021340359501851154
CAP5,NOHO,INV,False,1.4509971397579082,-0.09941031479999263,0.4746353229463045,0.04099163939035022,-0.2052597221116491,0.09391466638994295,-0.07035789022710076
CAP5,NOHO,INV,True,1.5838427023313804,-0.07881525971311287,0.4300740632265157,0.016965365626682827,-0.10272273868113013,0.04106540527367327,-0.01963508723926447
CAP5,CORE3,EQ,False,1.2706129731877318,-0.11513321040921798,0.5395579353660765,0.05451987113691814,-0.21363308262659997,0.10945707219039046,-0.08850440763084547
CAP5,CORE3,EQ,True,1.3625361779220901,-0.09449319477272966,0.5966992414561528,0.028059627237306595,-0.10600152629741555,0.048317541662672284,-0.028350074627107587
CAP5,CORE3,HLV,False,1.3165022754552391,-0.10009962456760269,0.5030202500047622,0.04866107976246403,-0.20989810861108726,0.10548819199747388,-0.08519892870284146
CAP5,CORE3,HLV,True,1.3961762226866072,-0.08681681919181838,0.51219990218292,0.022298992560207065,-0.10885752501376067,0.0450196663645326,-0.030061226245773558
CAP5,CORE3,INV,False,1.3487098052685322,-0.0868030301249364,0.4595145141720186,0.04292905246138479,-0.2286314120592623,0.10299783216114229,-0.08130476467707295
CAP5,CORE3,INV,True,1.4643304683515905,-0.07476925110149668,0.4756736111496456,0.019349841191866668,-0.1050750668004995,0.04214205634960208,-0.030427631226367227
CAP5,CORE2,EQ,False,1.0419930310619616,-0.17341597638235928,0.5782313075396153,0.08177512973177081,-0.32377422736747363,0.1570763167826682,-0.1327566114462682
CAP5,CORE2,EQ,True,0.34452396792775747,-0.1101634317258866,0.4614259842145033,0.024574447414032807,-0.12972511774262507,0.05596643666701118,-0.0343174511526731
CAP5,CORE2,HLV,False,1.0516686977261513,-0.1661962833123909,0.5654211191030354,0.0797507657638723,-0.323211829757044,0.1574509021532554,-0.13844927766992557
CAP5,CORE2,HLV,True,0.7598624180897382,-0.10316430930789666,0.49854533160278813,0.028293721485319834,-0.12028007289079201,0.05945327721342613,-0.03872434161916691
CAP5,CORE2,INV,False,1.0539466245145745,-0.15915279011026862,0.5498179828183261,0.07763412243208134,-0.3228264345837293,0.15873065351587384,-0.14399244429688196
CAP5,CORE2,INV,True,0.745975723816938,-0.10027681615429085,0.49260487606488473,0.028474403480092336,-0.11145696250088588,0.06067381307544042,-0.04276434244375042
