depth_scaled,volcap,subset,gate,overlay,IS_sh,IS_dd,IS_cagr,IS_vol,OOS_sh,OOS_cagr,OOS_dd,OOS_vol,OOS_worst,max_corr
False,False,CORE3,NONE,OFF,1.3102422285196573,-0.2016451604581987,0.2232031723772505,0.16395902035087545,0.7144897042814289,0.11080139838134939,-0.29791629025378097,0.16606318997191366,-0.12157456736338015,0.3376920329597893
False,False,CORE3,NONE,V2_BOOK,1.1308906088922241,-0.10248065768417114,0.07256243675490137,0.06373684559318418,0.9502840197081102,0.06269685615566156,-0.11135550698846908,0.06627127455191051,-0.028486405465007976,
False,False,CORE3,NONE,V2_PERC,1.2231630897973798,-0.10783741109350709,0.08921742661749921,0.07198120731105302,0.869652755002063,0.0643562575482699,-0.12461250241867683,0.07490906881773081,-0.05181797871663933,
False,False,CORE3,NONE,JOINT_PERC,0.9788022022344007,-0.10783741109350709,0.06699936572063625,0.06865424568164084,0.8543067906266861,0.0638707879459639,-0.13175596279339452,0.07579913042794044,-0.05181797871663933,
False,False,CORE3,PROD_SIZE,OFF,1.325014858983971,-0.19777226073872511,0.22522475674816467,0.1632965465478157,0.7198013442315516,0.10257150153327577,-0.29313124443827854,0.1513016795573282,-0.10935567936642066,0.30937940009125686
False,False,CORE3,PROD_SIZE,V2_BOOK,1.1445405570012037,-0.10165064944967706,0.07389773196076499,0.06408339474526127,0.8946649222881107,0.05738577509254106,-0.10692919791618194,0.06467367149248118,-0.028486405465007976,
False,False,CORE3,PROD_SIZE,V2_PERC,1.5144037617847328,-0.1074826966847422,0.12001903341596565,0.07679351002913479,0.8589674849369311,0.062305904756526864,-0.11735400227922099,0.07347240544823355,-0.05181797871663933,
False,False,CORE3,PROD_SIZE,JOINT_PERC,1.277477296976061,-0.1074826966847422,0.09452090196433405,0.07276855666658856,0.8403527292263494,0.0615054542587834,-0.1300834827558106,0.07427328912184854,-0.05181797871663933,
False,False,CORE3,UT_GATE,OFF,0.6305311660087249,-0.2751740553383575,0.07776838952249854,0.13254993014899066,0.9612779785262751,0.12332628774963816,-0.18458963697060338,0.1294438744568554,-0.09485812011065775,0.3195416477811277
False,False,CORE3,UT_GATE,V2_BOOK,-0.22100035683142552,-0.12168162219213718,-0.010162029368131043,0.042194147598003176,0.9986929758611944,0.08118524789843629,-0.0999751385162656,0.08142723089746079,-0.05918786654516881,
False,False,CORE3,UT_GATE,V2_PERC,0.7905702184455345,-0.10753230340592923,0.04584177584007443,0.058879954887007965,0.8786478856397136,0.07024028379386293,-0.15578684360679995,0.0809556443660818,-0.061732097686572264,
False,False,CORE3,UT_GATE,JOINT_PERC,0.7905702184455345,-0.10753230340592923,0.04584177584007443,0.058879954887007965,0.8654252229083614,0.0694935049865475,-0.15257963337736324,0.08143167949753331,-0.061732097686572264,
False,False,CORE3B6,NONE,OFF,1.1631454257903582,-0.2716911203787059,0.24385591511786764,0.20553780705123167,0.7702289567733257,0.12988430139993157,-0.31389834984521847,0.1791610607483509,-0.09712424343113618,0.3376920329597893
False,False,CORE3B6,NONE,V2_BOOK,0.5352318552708971,-0.10578201098165163,0.03315258160212764,0.0648436101457506,0.6177789860370921,0.039043763801186904,-0.15780165546746516,0.06542820512128603,-0.03769393334738834,
False,False,CORE3B6,NONE,V2_PERC,0.5343258347061497,-0.19890855898844562,0.04636447209427108,0.09286681422369653,0.695353207030868,0.05640304709650845,-0.2058792151200678,0.08392791994971027,-0.042490209130301236,
False,False,CORE3B6,NONE,JOINT_PERC,0.4917403838451678,-0.19890855898844562,0.04145874010724149,0.0910059078889807,0.7171918676272575,0.06853253954465721,-0.17357881131505082,0.09925018752310649,-0.042490209130301236,
False,False,CORE3B6,PROD_SIZE,OFF,1.179927611091594,-0.26708767545377465,0.24676258117981087,0.20439564977791078,0.7286306914655067,0.10893242941334425,-0.30477052377346525,0.15921743481926753,-0.09503455829060592,0.30937940009125686
False,False,CORE3B6,PROD_SIZE,V2_BOOK,0.5998815967721735,-0.10539437604643165,0.03748799193112484,0.06483696994258245,0.6622064332481331,0.04142551638128911,-0.13912176296551615,0.06439562180106953,-0.04627365459929901,
False,False,CORE3B6,PROD_SIZE,V2_PERC,0.7541788453703198,-0.19693254464859244,0.07186227039596682,0.09841715768590617,0.770722530125378,0.059739180482734966,-0.16696408262354456,0.07934713150987428,-0.042490209130301236,
False,False,CORE3B6,PROD_SIZE,JOINT_PERC,0.7443270671865289,-0.19693254464859244,0.07014167536715576,0.09743160077539165,0.72058510043656,0.06038709129899367,-0.17444848338116148,0.08654706449202698,-0.042490209130301236,
False,False,CORE3B6,UT_GATE,OFF,0.5026627983652626,-0.3496348482501137,0.072827041601083,0.16710487171447058,0.9050960221607165,0.12194429542119645,-0.20916948164679094,0.13739211072655105,-0.09712424343113618,0.3195416477811277
False,False,CORE3B6,UT_GATE,V2_BOOK,-0.5943700286569196,-0.14002520778172067,-0.026364520721277818,0.043363071574219585,0.792094594591662,0.05264110010721823,-0.12312100495325085,0.06762726247363071,-0.0376939333473884,
False,False,CORE3B6,UT_GATE,V2_PERC,-0.10930769952997722,-0.19139432306565018,-0.009001930825347948,0.064006262937074,0.8051261235127206,0.07250649623552419,-0.17246111089318794,0.09219244605802493,-0.08172496627621212,
False,False,CORE3B6,UT_GATE,JOINT_PERC,-0.10902613915286147,-0.19139432306565018,-0.008984068657947097,0.06400625060766262,0.8252782096898263,0.07525755833483405,-0.17321207074832234,0.09315386034942587,-0.08172496627621212,
False,False,CORE3BB,NONE,OFF,1.0634264131535862,-0.2710422994828211,0.19528069851374363,0.18337010356968123,0.7786585621764442,0.12250505290567304,-0.27772599764969175,0.165994292097617,-0.1001435777862578,0.42140016253605656
False,False,CORE3BB,NONE,V2_BOOK,0.583566289742609,-0.10278866067604919,0.036413321054046266,0.0648811806174341,0.6413436820623394,0.03786947858793588,-0.1557792917091695,0.06080494181921839,-0.03611488195595404,
False,False,CORE3BB,NONE,V2_PERC,0.8929104642044492,-0.1823235842227765,0.08043793020597723,0.0913054708536585,0.5688780238734081,0.04097025514842367,-0.2928510890556342,0.07555787913682566,-0.045197563208930244,
False,False,CORE3BB,NONE,JOINT_PERC,0.8784842686816795,-0.1823235842227765,0.0789945354197652,0.09127998935268257,0.7628470286315867,0.05931993782524403,-0.21836189249376314,0.07966238641038395,-0.04397253208347932,
False,False,CORE3BB,PROD_SIZE,OFF,1.0773302456511904,-0.2675721153235633,0.19728531264700933,0.18239558113648455,0.7600199004953424,0.10665969089142835,-0.25291556131980486,0.14765500276583568,-0.09719688041270097,0.42356818743287306
False,False,CORE3BB,PROD_SIZE,V2_BOOK,0.5678878430830587,-0.10651521453538848,0.03533919890095105,0.06484215920445752,0.8159235023023915,0.047158779716283794,-0.11198643282267062,0.05855374939480541,-0.03611793820318134,
False,False,CORE3BB,PROD_SIZE,V2_PERC,0.904569540593638,-0.18078568685167296,0.08126773959436018,0.09094130619221785,0.6311197521443672,0.043735598364649464,-0.2219080006483054,0.07190043702913011,-0.04112110834285858,
False,False,CORE3BB,PROD_SIZE,JOINT_PERC,0.890115578983933,-0.18078568685167296,0.07982567818996245,0.09091561877161435,0.742648921521455,0.055848397594973065,-0.19317145619799292,0.07716292691239385,-0.04112110834285858,
False,False,CORE3BB,UT_GATE,OFF,0.4020566336693168,-0.3270397738793934,0.04923996473995618,0.14548427085701157,0.8266970306386991,0.10047637263725684,-0.22221054779982907,0.1251790056047854,-0.1001435777862578,0.4150203742333713
False,False,CORE3BB,UT_GATE,V2_BOOK,-0.39011158900262466,-0.1250313567364666,-0.01928964811653444,0.047084132950060656,0.80140627623465,0.05110424674475844,-0.10992576915246621,0.0647818115153183,-0.03611793820318134,
False,False,CORE3BB,UT_GATE,V2_PERC,-0.1326360352960942,-0.18119635538951506,-0.010643351685098335,0.06485930040958401,0.8381652437907714,0.06397470137785266,-0.14341963775057032,0.0775426570557403,-0.05691487206639466,
False,False,CORE3BB,UT_GATE,JOINT_PERC,-0.1326360352960942,-0.18119635538951506,-0.010643351685098335,0.06485930040958401,0.8470724229013415,0.06675815432292853,-0.1434196377505701,0.08004142117845182,-0.05691487206639466,
False,True,CORE3,NONE,OFF,1.2911506628105558,-0.16036584516673247,0.172230399922636,0.1295092629137787,0.7205633731893464,0.09210500870508542,-0.21937040796535423,0.13453073654713466,-0.09179534184461281,0.3009224844223173
False,True,CORE3,NONE,V2_BOOK,0.07536772135219948,-0.13789632529386608,0.0025550208831583987,0.05118324813704493,0.9458160973839697,0.06104048654557159,-0.11193677477965314,0.06483174850168262,-0.028484202780545607,
False,True,CORE3,NONE,V2_PERC,1.1439809421730425,-0.11648216387776489,0.07871861215001208,0.06827158984502864,0.7249350318869731,0.04902522754967009,-0.16446984500867456,0.06929666800863431,-0.05181797871663933,
False,True,CORE3,NONE,JOINT_PERC,1.1999610995384253,-0.11648216387776489,0.08204984542842442,0.06761974069280344,0.7393657008565676,0.05069958032191457,-0.15189126621984006,0.07018561458853183,-0.05181797871663933,
False,True,CORE3,PROD_SIZE,OFF,1.2878350080837049,-0.16024711431636118,0.17129956279107583,0.12919424056057438,0.6966063185530185,0.08172505817247289,-0.2186228401769127,0.1234286502298979,-0.0891847585150529,0.3172766275673914
False,True,CORE3,PROD_SIZE,V2_BOOK,0.07125859476776258,-0.13787346897787323,0.002343182721786352,0.05113517307611268,0.9576500985556045,0.05814319512584132,-0.10419525886880743,0.06091790274710942,-0.028484202780545607,
False,True,CORE3,PROD_SIZE,V2_PERC,1.1424037593607592,-0.11639128273819288,0.07852497327870878,0.06820468633286732,0.7216544389895165,0.04768579415870877,-0.1536509303886303,0.0676894525524783,-0.05181797871663933,
False,True,CORE3,PROD_SIZE,JOINT_PERC,1.197993970218886,-0.11639128273819288,0.08183353607356114,0.06756052433548007,0.711620647058229,0.04752001720458243,-0.1618139369885283,0.06849925342066814,-0.05181797871663933,
False,True,CORE3,UT_GATE,OFF,0.6969753346554636,-0.21319339103538204,0.07277692196589514,0.10920959092120047,0.8796297926408407,0.0967632998436121,-0.1518169400995273,0.11187460524187948,-0.09179534184461281,0.35626612419657744
False,True,CORE3,UT_GATE,V2_BOOK,0.040094297276753406,-0.10450831410261685,0.0007940960642445205,0.04512551659468032,0.9664332138819925,0.06099446056846469,-0.10454172286579444,0.0633017926888193,-0.028484202780545607,
False,True,CORE3,UT_GATE,V2_PERC,0.7582628999875135,-0.10885366056301637,0.043528493618731234,0.058433647496660183,0.7632538776062407,0.054948461286649986,-0.17727338784572388,0.0736117003918721,-0.07821357791861562,
False,True,CORE3,UT_GATE,JOINT_PERC,0.7582628999875135,-0.10885366056301637,0.043528493618731234,0.058433647496660183,0.7522286730132067,0.05460430744188982,-0.17404142841075287,0.07432669577208367,-0.07821357791861562,
False,True,CORE3B6,NONE,OFF,1.21399810535565,-0.20793075417187967,0.20100362832261642,0.16141124400358828,0.757815239511122,0.10475700308028002,-0.24719303334569886,0.14517380587311693,-0.0948271597316025,0.3009224844223173
False,True,CORE3B6,NONE,V2_BOOK,0.9314277842896076,-0.10103769957679198,0.06127829904955684,0.06620396835833267,0.6636896520032083,0.04133794318900286,-0.13912146974553719,0.06409970024098863,-0.036992489742796654,
False,True,CORE3B6,NONE,V2_PERC,1.2817372852465774,-0.1693694493246719,0.1414639315312498,0.10774279157991812,0.5908973575412638,0.0418111854645673,-0.26586520946348047,0.07389911430448537,-0.0388634840374795,
False,True,CORE3B6,NONE,JOINT_PERC,1.2817372852465774,-0.1693694493246719,0.1414639315312498,0.10774279157991812,0.628400581762219,0.049536083337667236,-0.21273090422130203,0.08229236948274311,-0.045566941326147886,
False,True,CORE3B6,PROD_SIZE,OFF,1.2118968253250437,-0.20777242230730752,0.1998523088229871,0.16082159349743738,0.6893023598108464,0.08403533630349136,-0.25184017762643407,0.12903170283657772,-0.09286796119243726,0.3172766275673914
False,True,CORE3B6,PROD_SIZE,V2_BOOK,0.9376907292927983,-0.10093342597905919,0.06170817278838281,0.06619292685697593,0.6733844378633372,0.039624893025788754,-0.13450323414330467,0.06038999306235705,-0.036992489742796654,
False,True,CORE3B6,PROD_SIZE,V2_PERC,1.280276882859253,-0.16925122741302046,0.14075971947994015,0.10735089406612286,0.6502666921643662,0.04373752387373053,-0.19235438381622383,0.06952671495653878,-0.0388634840374795,
False,True,CORE3B6,PROD_SIZE,JOINT_PERC,1.280276882859253,-0.16925122741302046,0.14075971947994015,0.10735089406612286,0.6300421807449327,0.042996678257856136,-0.19375108618702297,0.07077036664929275,-0.0388634840374795,
False,True,CORE3B6,UT_GATE,OFF,0.6045669984824544,-0.2711999016488932,0.07590310536590095,0.13587209844437978,0.8929519232601887,0.10141119868837678,-0.1677693210415786,0.11550751733630218,-0.0948271597316025,0.35626612419657744
False,True,CORE3B6,UT_GATE,V2_BOOK,-0.5372692553876103,-0.13128617649647412,-0.022552064260799698,0.04089223169165008,0.6292485327937146,0.04273535258859895,-0.1375777502353468,0.07041107015895044,-0.03774548576870057,
False,True,CORE3B6,UT_GATE,V2_PERC,0.38917005765924684,-0.19585353209647827,0.02423917917424845,0.06735946141281549,0.756848333505729,0.0626296466172922,-0.17863389562150622,0.08501747599263218,-0.08183683305753105,
False,True,CORE3B6,UT_GATE,JOINT_PERC,0.38917005765924684,-0.19585353209647827,0.02423917917424845,0.06735946141281549,0.6734979739955552,0.054468264455518556,-0.19059988593449306,0.08395714883541129,-0.08183683305753105,
False,True,CORE3BB,NONE,OFF,1.166786283708791,-0.1969165262105309,0.16662459417312103,0.14042148418816747,0.7744537376876492,0.09892219853763007,-0.2251132736729733,0.13314535192113514,-0.09830591082663084,0.4352062837077598
False,True,CORE3BB,NONE,V2_BOOK,0.5480008650560295,-0.10216708431553867,0.02967843974727913,0.056250096807980786,0.6169355577396849,0.038772068573920127,-0.1632367313339249,0.065061103421538,-0.0609682930766129,
False,True,CORE3BB,NONE,V2_PERC,1.2919264959574686,-0.15596498798813307,0.1328368522359078,0.10043060666910814,0.5379005372135983,0.036819546982750806,-0.2353397071047203,0.07201344723590583,-0.0609682930766129,
False,True,CORE3BB,NONE,JOINT_PERC,1.2919264959574686,-0.15596498798813307,0.1328368522359078,0.10043060666910814,0.5422729886864763,0.038555490307007334,-0.2201517361270826,0.07490932852146845,-0.0609682930766129,
False,True,CORE3BB,PROD_SIZE,OFF,1.1642683056233811,-0.1967054407124379,0.1655505995687392,0.1398679649860907,0.7272460525500513,0.08230278158949478,-0.209293946037039,0.1183389616603107,-0.09546360273416604,0.43559268461141176
False,True,CORE3BB,PROD_SIZE,V2_BOOK,0.5623268793501327,-0.10206667401246372,0.030518510465101567,0.056269419326938186,0.6813345891746785,0.03926836086237695,-0.13150980096436526,0.059066490764354156,-0.03506698095569151,
False,True,CORE3BB,PROD_SIZE,V2_PERC,1.2886806865375953,-0.1558771493146609,0.1319639374361803,0.10005656329148496,0.5157699142444082,0.03314280143674786,-0.22815218800373804,0.06763711777852892,-0.05888446435044324,
False,True,CORE3BB,PROD_SIZE,JOINT_PERC,1.2886806865375953,-0.1558771493146609,0.1319639374361803,0.10005656329148496,0.5207526594584163,0.033753884043489224,-0.2235373202400257,0.06819815640039777,-0.05888446435044324,
False,True,CORE3BB,UT_GATE,OFF,0.5578751437360088,-0.24424121210656158,0.059077808964909106,0.11437858880449923,0.8234352191905203,0.08430906556461926,-0.16096981744962302,0.10488962885049108,-0.09830591082663084,0.4439692482237275
False,True,CORE3BB,UT_GATE,V2_BOOK,-0.2684752090261364,-0.1077721194203296,-0.01297171503955774,0.044878464552335136,0.7765337824462417,0.04669893429194216,-0.11330365117261154,0.06115689594401152,-0.03506698095569151,
False,True,CORE3BB,UT_GATE,V2_PERC,0.5203826175514131,-0.18095418366774085,0.0349816074386704,0.07087097865053692,0.7171401653247844,0.05498766809065603,-0.1260121381915541,0.07897005666739684,-0.07669155796669927,
False,True,CORE3BB,UT_GATE,JOINT_PERC,0.5203826175514131,-0.18095418366774085,0.0349816074386704,0.07087097865053692,0.7385903200176306,0.05759549663324681,-0.1258143563603923,0.0801452108163595,-0.07669155796669927,
True,False,CORE3,NONE,OFF,1.0421574743033823,-0.1897698359119343,0.11306388727874217,0.10843000194383554,0.38946363229343756,0.03771499754739627,-0.3243912760933113,0.11093792346620217,-0.12157456736338015,0.5207918301093208
True,False,CORE3,NONE,V2_BOOK,0.5578630047793639,-0.10813163821630156,0.02928691879352141,0.05438410497275237,0.29375947419030096,0.009638807185391896,-0.11503879994262356,0.03470462100694452,-0.038316868466173264,
True,False,CORE3,NONE,V2_PERC,0.8984040699650896,-0.10787357403409004,0.05644043348075245,0.06334034383999285,0.35465050694171374,0.016398710509375913,-0.1669183770071997,0.0492838822426095,-0.05181797871663933,
True,False,CORE3,NONE,JOINT_PERC,0.8886252274793138,-0.10787357403409004,0.055777417160279175,0.06333000148396595,0.3581437891210491,0.01679309216941194,-0.1698566029996671,0.049983188213916986,-0.05181797871663933,
True,False,CORE3,PROD_SIZE,OFF,1.0495159616173546,-0.18694645482115535,0.11365566025704998,0.1081467822018806,0.38056298874286826,0.033249782494801705,-0.2967924010181008,0.09891421844903946,-0.10935567936642066,0.5058330134099932
True,False,CORE3,PROD_SIZE,V2_BOOK,0.556653660603962,-0.10880958739052615,0.02921095477523994,0.0543679383745847,0.2731543050916258,0.00908683875572458,-0.12903081718317244,0.03540997863159268,-0.03830372682105729,
True,False,CORE3,PROD_SIZE,V2_PERC,0.8755111810272417,-0.1095921181714069,0.055217089504866035,0.06369869171387815,0.37734909456695537,0.01709416230008176,-0.14971512510699592,0.047962547006536405,-0.05181797871663933,
True,False,CORE3,PROD_SIZE,JOINT_PERC,0.8660479341736685,-0.1095921181714069,0.05457316143662094,0.06368902617306343,0.3998738805906999,0.018371839397902878,-0.14109039874840834,0.048460626300609426,-0.05181797871663933,
True,False,CORE3,UT_GATE,OFF,0.5391404788001993,-0.2309670600866528,0.047022679291785385,0.09331453439437465,0.647979095836411,0.053708463831995346,-0.1861846444287254,0.08650807366589035,-0.09485812011065775,0.5131918474693561
True,False,CORE3,UT_GATE,V2_BOOK,-0.0043788662774901345,-0.10409078672428207,-0.0010918616267698855,0.042641835803520996,0.6450765666678039,0.023957780995556677,-0.11348658875963791,0.03780774481720025,-0.023530309411228204,
True,False,CORE3,UT_GATE,V2_PERC,0.7008704906450823,-0.10836102434338934,0.04143336837084077,0.060527567305414684,0.5220022685181831,0.026947641326386496,-0.1375817879486373,0.053706835083426274,-0.05181797871663933,
True,False,CORE3,UT_GATE,JOINT_PERC,0.7008704906450823,-0.10836102434338934,0.04143336837084077,0.060527567305414684,0.5179530548864353,0.02689593501274623,-0.13471407256449142,0.0540669522140113,-0.05181797871663933,
True,False,CORE3B6,NONE,OFF,0.7705792108160205,-0.23425507384362865,0.09159404535049709,0.12368035616127855,0.531638221158861,0.05592830305850938,-0.27638206808704624,0.11472212701097165,-0.09118657847079287,0.5207918301093208
True,False,CORE3B6,NONE,V2_BOOK,-0.02713205115902443,-0.11830777516586977,-0.0020152446966338333,0.04196892036268011,0.26417263394900287,0.011057062969876297,-0.1386043993029623,0.04555203157670827,-0.05622048390180452,
True,False,CORE3B6,NONE,V2_PERC,0.43333717526069804,-0.17827256734301933,0.028678277019995146,0.07108151710425888,0.49758908953497516,0.036397198592769575,-0.1425871475671382,0.07796354510200494,-0.0745775664498328,
True,False,CORE3B6,NONE,JOINT_PERC,0.42468412875114175,-0.17827256734301933,0.028041076246700047,0.07106842732732409,0.5149719194139748,0.03846460182116185,-0.14247580113291614,0.07942293219120283,-0.0745775664498328,
True,False,CORE3B6,PROD_SIZE,OFF,0.7788459583293935,-0.23080132461645098,0.09224760044975144,0.12303320489551335,0.5198153936816327,0.04738869908560894,-0.25992668610013636,0.09843503423543959,-0.0858202085282376,0.5058330134099932
True,False,CORE3B6,PROD_SIZE,V2_BOOK,-0.025447012691809597,-0.11827169892838985,-0.0019438494124284222,0.04195690094032222,0.31673471198818354,0.013573538251103079,-0.12852996911533465,0.045893137353195834,-0.0562017545279285,
True,False,CORE3B6,PROD_SIZE,V2_PERC,0.4247035306342259,-0.17847342977738723,0.028024661731192113,0.07101997711300101,0.4465047230136036,0.02928854580336626,-0.17460493853281267,0.07017197191483243,-0.0562017545279285,
True,False,CORE3B6,PROD_SIZE,JOINT_PERC,0.41628270976085524,-0.17847342977738723,0.027405707514968736,0.07100756792598566,0.47105042424078586,0.031499250953579194,-0.17265894713741758,0.07122762191177509,-0.0562017545279285,
True,False,CORE3B6,UT_GATE,OFF,0.17748029810696747,-0.28182855936965934,0.013062102165413148,0.10336965287008464,0.6714706516164063,0.05672940684999017,-0.17081237526767268,0.08794612396147329,-0.08790944640341722,0.5131918474693561
True,False,CORE3B6,UT_GATE,V2_BOOK,-1.058475616766622,-0.10555482855889409,-0.033472807654857606,0.03168786085903718,0.528723821934145,0.027739838943881656,-0.12817589704626842,0.05458152041080849,-0.08009314610244228,
True,False,CORE3B6,UT_GATE,V2_PERC,0.022254847742337224,-0.18845825107357528,-0.0005035127838175502,0.06109641486879112,0.5126835994141309,0.03503033426436186,-0.16860573785223232,0.07228304556468948,-0.08790944640341722,
True,False,CORE3B6,UT_GATE,JOINT_PERC,0.022254847742337224,-0.18845825107357528,-0.0005035127838175502,0.06109641486879112,0.5910694226377169,0.041860607074335254,-0.15322594088256736,0.07404100145752855,-0.08790944640341722,
True,False,CORE3BB,NONE,OFF,0.6835364986029944,-0.2366072361380629,0.0715865833419067,0.11001264728428965,0.527493579441675,0.05238955300513637,-0.23747585513116087,0.10783027595406078,-0.10156382572147084,0.5965681270189203
True,False,CORE3BB,NONE,V2_BOOK,-0.21596801793766177,-0.10598300651650028,-0.009420581032776987,0.04010829199468978,0.26174694739166177,0.01283158959838393,-0.17007099770612644,0.05435742788339838,-0.06696265316318328,
True,False,CORE3BB,NONE,V2_PERC,0.7565902032389534,-0.17154293784706254,0.05058547440199135,0.06830776277377885,0.43335910216686363,0.03200890571194526,-0.1791475706911222,0.08013244966467609,-0.08979145482520422,
True,False,CORE3BB,NONE,JOINT_PERC,0.7565902032389534,-0.17154293784706254,0.05058547440199135,0.06830776277377885,0.5385702254085403,0.04215730749476254,-0.15510477311110227,0.08309648425192288,-0.08979145482520422,
True,False,CORE3BB,PROD_SIZE,OFF,0.6898862944454318,-0.2340671656326927,0.07201922022459395,0.10950413459099544,0.5402213692064981,0.046115073496397097,-0.21468145254796422,0.09117622322052346,-0.07449282278753358,0.577153599886796
True,False,CORE3BB,PROD_SIZE,V2_BOOK,0.26781942953041504,-0.10251989938572748,0.010757924386016748,0.043472915058820324,0.40619460299258603,0.022191599391747863,-0.1056534845056315,0.058207123092987895,-0.06410334443549295,
True,False,CORE3BB,PROD_SIZE,V2_PERC,0.7594695546963456,-0.1702963565582155,0.050603864382945396,0.06804860816100411,0.46683628923343057,0.030759159469775144,-0.1493248457606956,0.07017160144285602,-0.06410334443549295,
True,False,CORE3BB,PROD_SIZE,JOINT_PERC,0.7594695546963456,-0.1702963565582155,0.050603864382945396,0.06804860816100411,0.5880371641619061,0.04139007774340753,-0.136406222374873,0.0735731015330882,-0.06410334443549295,
True,False,CORE3BB,UT_GATE,OFF,0.10204932427355085,-0.26785661865251575,0.005150950294025902,0.09148488905802077,0.5925027870686884,0.04704865186374185,-0.14473429168606833,0.08348602303062826,-0.1015180003002937,0.6582045767344218
True,False,CORE3BB,UT_GATE,V2_BOOK,-0.6929717494163498,-0.10335761347606709,-0.025311073689095798,0.03605661046089167,0.3875823828908402,0.020126699048812924,-0.1346457023437212,0.05541107674834824,-0.1015180003002937,
True,False,CORE3BB,UT_GATE,V2_PERC,-0.049676951764609206,-0.18594826257044128,-0.004493528500985611,0.05744092547051218,0.418670045174659,0.024979935010117194,-0.15606965316419463,0.06383616842415252,-0.097059711157029,
True,False,CORE3BB,UT_GATE,JOINT_PERC,-0.049676951764609206,-0.18594826257044128,-0.004493528500985611,0.05744092547051218,0.41630839542060344,0.025222229513596206,-0.1816412304094801,0.06493517476680116,-0.097059711157029,
True,True,CORE3BB,NONE,OFF,0.8311950599878878,-0.19321997865032536,0.07941705666415366,0.09767051091690714,0.5386308656959667,0.04703879736540029,-0.18733846668040022,0.09343010224179814,-0.08129674311753168,0.59649080779068
True,True,CORE3BB,NONE,V2_BOOK,0.12458458130980025,-0.10724843374816162,0.004252315139005702,0.040677736913123076,0.5161867282452927,0.02682442726943557,-0.10056983029055444,0.05411389527265453,-0.0609682930766129,
True,True,CORE3BB,NONE,V2_PERC,0.7837409650353487,-0.15699061597538166,0.051128781246827515,0.06643804509919732,0.4435612175072945,0.027930592118836195,-0.2011076224538182,0.06718288699718022,-0.0609682930766129,
True,True,CORE3BB,NONE,JOINT_PERC,0.7837409650353487,-0.15699061597538166,0.051128781246827515,0.06643804509919732,0.42806698821020756,0.027369869258257795,-0.20533798153366378,0.06855702980861603,-0.0609682930766129,
True,True,CORE3BB,PROD_SIZE,OFF,0.8238483221243353,-0.19298192255469582,0.07830760113319446,0.09724284394867025,0.5308004532463736,0.03991145016674924,-0.20208790037413726,0.07973276968497095,-0.07275954510899865,0.594871697438619
True,True,CORE3BB,PROD_SIZE,V2_BOOK,0.11979786485880102,-0.10712888638951579,0.004052540831400275,0.040624447033011754,0.38898193571631706,0.019696914022047984,-0.11397920305026332,0.0538733840427315,-0.05888446435044324,
True,True,CORE3BB,PROD_SIZE,V2_PERC,0.7731650288101318,-0.15686682369971483,0.050221239639037574,0.06620999637636046,0.47627565833080054,0.026855020803850937,-0.1597569459562268,0.059337601736116075,-0.05888446435044324,
True,True,CORE3BB,PROD_SIZE,JOINT_PERC,0.7731650288101318,-0.15686682369971483,0.050221239639037574,0.06620999637636046,0.4223405940934428,0.02396715934008742,-0.1864873889794365,0.06039648974610598,-0.05888446435044324,
True,True,CORE3BB,UT_GATE,OFF,0.2672323021929511,-0.22154015218409895,0.018136357368415457,0.07889459639639176,0.5874692361261732,0.04181063950874031,-0.14298833023811874,0.07444462968260372,-0.08129674311753168,0.6560728258705811
True,True,CORE3BB,UT_GATE,V2_BOOK,-0.797437044824414,-0.10351148874441696,-0.026958838585735556,0.03356371820355356,0.4514072122421584,0.022315327571071242,-0.12995037898128403,0.05187750228137728,-0.07467806759959948,
True,True,CORE3BB,UT_GATE,V2_PERC,0.2725531999766631,-0.17155818279887491,0.014401186878174821,0.058790968132606626,0.5720029632488981,0.034047090543354974,-0.11376359100157252,0.061868592188361146,-0.06487763635318358,
True,True,CORE3BB,UT_GATE,JOINT_PERC,0.2725531999766631,-0.17155818279887491,0.014401186878174821,0.058790968132606626,0.5876456272361974,0.035356598113487125,-0.11349376713346182,0.06243484637862507,-0.06487763635318358,
