,prob,wind5,raw
2020-01-02,0.51512367,0.0,-0.0008778228979724166
2020-01-03,0.47413796,0.0,6.350565788270157e-05
2020-01-06,0.4472325,0.0,0.0003263043733720225
2020-01-07,0.4797092,0.0,-0.018057242252571742
2020-01-08,0.52510786,0.0,-0.0007078651021499152
2020-01-09,0.58688676,0.0,0.0010287409845805336
2020-01-10,0.5985962,0.0,0.00923403169089105
2020-01-13,0.5176933,0.0,0.010244418993519999
2020-01-14,0.45441407,0.0,0.005169723950980275
2020-01-15,0.34996262,0.0,-0.012913838056808197
2020-01-16,0.49460644,0.0,-0.020483233615332885
2020-01-17,0.7589983,0.0,-0.0013234531241350278
2020-01-21,0.87178653,0.0,0.00037347940853496423
2020-01-22,0.9061899,0.0,-0.0013568883872870944
2020-01-23,0.7315892,0.0,0.00012185852116945686
2020-01-24,0.5293854,0.0,-0.0003083244350668521
2020-01-27,0.36769408,1.0,0.0017989806712213397
2020-01-28,0.33761036,1.0,0.01941941140513233
2020-01-29,0.4996069,1.0,-0.008624871856995795
2020-01-30,0.40503892,1.0,-0.021390979227952255
2020-01-31,0.31099996,1.0,-0.002761589481045751
2020-02-03,0.36268944,1.0,0.03130770365198422
2020-02-04,0.29787514,1.0,-0.0001706153788601767
2020-02-05,0.6582158,1.0,-0.0001779500616515165
2020-02-06,0.5922985,1.0,0.0063887024347349716
2020-02-07,0.7878487,1.0,0.023231198973178803
2020-02-10,0.4224941,1.0,0.002464571152245843
2020-02-11,0.14346541,1.0,-0.004777542378598634
2020-02-12,0.30292255,0.0,0.028294296875150882
2020-02-13,0.7222055,0.0,-0.0028461443847246554
2020-02-14,0.8060351,0.0,0.0035907123158167584
2020-02-18,0.78542954,0.0,-0.012354371780178963
2020-02-19,0.7215273,0.0,0.0037265456832822823
2020-02-20,0.7135037,0.0,-0.012142849763345663
2020-02-21,0.71550196,0.0,-0.0008930522551022118
2020-02-24,0.71404666,0.0,-0.015978877528789306
2020-02-25,0.71461976,0.0,0.0
2020-02-26,0.6998094,0.0,0.0
2020-02-27,0.6635062,0.0,0.0
2020-02-28,0.6705618,0.0,0.0
2020-03-02,0.5704229,0.0,-6.149436996344352e-05
2020-03-03,0.5524326,0.0,-0.006768735583993789
2020-03-04,0.58504796,0.0,0.010398473870278794
2020-03-05,0.51562834,0.0,-0.00871669523099734
2020-03-06,0.45425302,0.0,-0.0009819576561249806
2020-03-09,0.2976699,0.0,-0.006695548302175752
2020-03-10,0.18946268,0.0,-0.025963488239175905
2020-03-11,0.4086863,0.0,-0.004690643997049522
2020-03-12,0.43601584,0.0,-0.09485812011065747
2020-03-13,0.45518214,0.0,0.0
2020-03-16,0.45673168,0.0,0.0
2020-03-17,0.417162,0.0,0.0
2020-03-18,0.42646563,0.0,0.0
2020-03-19,0.35125402,0.0,0.0
2020-03-20,0.19788441,0.0,0.0
2020-03-23,0.21317494,0.0,0.0
2020-03-24,0.26675755,0.0,0.0
2020-03-25,0.45412028,0.0,0.0
2020-03-26,0.5799013,0.0,0.0
2020-03-27,0.6282918,0.0,0.0
2020-03-30,0.5890193,0.0,0.0
2020-03-31,0.49258903,0.0,0.0
2020-04-01,0.3726893,0.0,0.0
2020-04-02,0.45944855,0.0,-2.9057685978032275e-05
2020-04-03,0.55569166,0.0,-0.006986096617527728
2020-04-06,0.61690396,0.0,0.01401725020235143
2020-04-07,0.60923004,0.0,0.0046797113333001015
2020-04-08,0.58811384,0.0,-0.005703594604241476
2020-04-09,0.54792213,0.0,-0.0025829875801637657
2020-04-13,0.27652213,1.0,0.008020191995595337
2020-04-14,0.33143884,1.0,0.014125219301613284
2020-04-15,0.18660632,1.0,0.00548911628156463
2020-04-16,0.17072284,1.0,-0.004566151572050917
2020-04-17,0.3406132,1.0,0.008823660914354521
2020-04-20,0.067156166,1.0,0.21143449164834374
2020-04-21,0.047292773,0.0,0.07199959534648269
2020-04-22,0.027928453,0.0,0.00046527973863385626
2020-04-23,0.041014217,0.0,0.00023775223431943436
2020-04-24,0.054786332,0.0,3.705914260622086e-05
2020-04-27,0.071103066,0.0,0.0015473259948022833
2020-04-28,0.07095479,0.0,0.0013315626216627097
2020-04-29,0.005645462,0.0,-2.7521869549927478e-05
2020-04-30,0.0063441168,0.0,-0.0013849456300855808
2020-05-01,0.00478393,0.0,0.0011172227132636022
2020-05-04,0.006608443,0.0,0.00022387493174145406
2020-05-05,0.009891346,0.0,-0.00043280758886730106
2020-05-06,0.011557343,0.0,-0.0016113776299147885
2020-05-07,0.011993239,0.0,0.0006655484540448602
2020-05-08,0.022027569,0.0,0.0009706237513084509
2020-05-11,0.026644628,0.0,-0.0004743932371093034
2020-05-12,0.03346491,0.0,-0.002055465248463835
2020-05-13,0.045611616,0.0,0.00014224516089273925
2020-05-14,0.11035884,0.0,0.00028929636442860164
2020-05-15,0.51372975,0.0,-0.0005913365836202466
2020-05-18,0.7544536,0.0,0.0011192816889705642
2020-05-19,0.2628271,0.0,-0.0023540151022991953
2020-05-20,0.8055966,0.0,-0.0011471418125975977
2020-05-21,0.8602438,0.0,-0.0029807808359344893
2020-05-22,0.91345966,0.0,0.002727509541161423
2020-05-26,0.9265863,0.0,-0.0052210304860636735
2020-05-27,0.9144127,0.0,-0.0022266440314677276
2020-05-28,0.89260274,0.0,-0.013454846170144454
2020-05-29,0.86456776,0.0,0.0
2020-06-01,0.8784474,0.0,0.0
2020-06-02,0.8729696,0.0,0.0
2020-06-03,0.88701546,0.0,0.0
2020-06-04,0.88182956,0.0,0.0
2020-06-05,0.90792805,0.0,0.0
2020-06-08,0.9006597,0.0,0.0
2020-06-09,0.8974213,0.0,0.0
2020-06-10,0.9057767,0.0,0.0
2020-06-11,0.91073275,0.0,0.0
2020-06-12,0.8992458,0.0,-4.418463922437475e-05
2020-06-15,0.87677455,0.0,0.006676725173665314
2020-06-16,0.790332,0.0,0.006593123220835351
2020-06-17,0.69465023,0.0,0.004175526659706271
2020-06-18,0.5853151,0.0,0.0
2020-06-19,0.56735295,0.0,0.0
2020-06-22,0.57193464,0.0,0.0
2020-06-23,0.60547805,0.0,-4.593825292956352e-05
2020-06-24,0.57484215,0.0,0.0016510906630926533
2020-06-25,0.5532907,0.0,-0.004954872727112781
2020-06-26,0.5257171,0.0,-0.005560681625063008
2020-06-29,0.5231757,0.0,0.00013626388607142884
2020-06-30,0.53790236,0.0,0.010619505380141595
2020-07-01,0.55091196,0.0,0.004987463544722558
2020-07-02,0.5305626,0.0,0.007067217312868763
2020-07-06,0.5285261,0.0,0.0
2020-07-07,0.4889117,0.0,0.0
2020-07-08,0.38017705,0.0,0.0
2020-07-09,0.31519866,0.0,0.0
2020-07-10,0.31030998,0.0,0.0
2020-07-13,0.2696146,0.0,0.0
2020-07-14,0.2939577,0.0,0.0
2020-07-15,0.3546586,0.0,0.0
2020-07-16,0.4370029,0.0,0.0
2020-07-17,0.43716058,0.0,0.0
2020-07-20,0.43847,0.0,0.0
2020-07-21,0.41723266,0.0,0.0
2020-07-22,0.3271389,0.0,0.0
2020-07-23,0.21199244,0.0,0.0
2020-07-24,0.09912167,0.0,0.0
2020-07-27,0.036111332,0.0,0.0
2020-07-28,0.0111561855,0.0,0.0
2020-07-29,0.0036842858,0.0,0.0
2020-07-30,0.0018202602,0.0,0.0
2020-07-31,0.0017638055,0.0,0.0
2020-08-03,0.0028244238,0.0,0.0
2020-08-04,0.006564184,0.0,0.0
2020-08-05,0.015478913,0.0,0.0
2020-08-06,0.03281762,0.0,0.0
2020-08-07,0.0627309,0.0,-1.7693224569398262e-05
2020-08-10,0.09673075,0.0,0.001734986584351431
2020-08-11,0.20158108,0.0,0.002122355464178655
2020-08-12,0.41474098,0.0,0.0017036367739198064
2020-08-13,0.6268432,0.0,0.000514893665041681
2020-08-14,0.700041,0.0,-0.0008926505842562805
2020-08-17,0.71360487,0.0,0.003930399872603374
2020-08-18,0.7585781,0.0,-0.0011439225630413912
2020-08-19,0.6941994,0.0,0.0015826632938103892
2020-08-20,0.35241938,0.0,0.001449420765722615
2020-08-21,0.34939146,0.0,0.0
2020-08-24,0.5838818,0.0,-0.00013516978764199243
2020-08-25,0.36287898,1.0,-0.004799087904892373
2020-08-26,0.35620132,1.0,-0.0028920004560560493
2020-08-27,0.23916519,1.0,-0.002449579888352239
2020-08-28,0.22553082,1.0,0.006003718287495082
2020-08-31,0.18657462,1.0,1.418829463473853e-05
2020-09-01,0.33843738,0.0,0.0256125604195115
2020-09-02,0.46855953,0.0,-0.009568457432170977
2020-09-03,0.3322988,0.0,-0.011795837452093528
2020-09-04,0.5591323,0.0,0.012244515274605934
2020-09-08,0.8452257,0.0,-0.0038147194256606706
2020-09-09,0.89296466,0.0,0.0028542318789135596
2020-09-10,0.88333875,0.0,-0.004058487180844268
2020-09-11,0.8409184,0.0,0.007698748067472455
2020-09-14,0.7990892,0.0,0.005612402057075692
2020-09-15,0.734141,0.0,-0.012288096038225654
2020-09-16,0.64121956,0.0,-0.01864191496052646
2020-09-17,0.58904415,0.0,0.01637262030616471
2020-09-18,0.5759828,0.0,-0.006668422547520781
2020-09-21,0.6039868,0.0,-0.004408793333396863
2020-09-22,0.59682494,0.0,-0.011679631048712355
2020-09-23,0.59898406,0.0,-0.0012811741225946193
2020-09-24,0.62681925,0.0,0.00011272646881753353
2020-09-25,0.6750581,0.0,0.00825982878993764
2020-09-28,0.71164995,0.0,0.003816605798601617
2020-09-29,0.7081442,0.0,0.0005463784370599337
2020-09-30,0.63159204,0.0,0.01134594690873601
2020-10-01,0.5236235,0.0,0.012398280228492216
2020-10-02,0.49451527,0.0,-0.0002103919923094155
2020-10-05,0.48003826,0.0,-0.002844526544341208
2020-10-06,0.48173514,0.0,0.01826381523874738
2020-10-07,0.48656717,0.0,-0.009896209270046766
2020-10-08,0.4856189,0.0,0.0016829669421866893
2020-10-09,0.4808209,0.0,0.013367604541049048
2020-10-12,0.4782309,0.0,-0.006630022202481956
2020-10-13,0.46969995,0.0,-0.005528256016131855
2020-10-14,0.46557993,0.0,0.003018552208266686
2020-10-15,0.46030512,0.0,-0.002211144911690028
2020-10-16,0.4803683,0.0,-0.008404111152881083
2020-10-19,0.5319572,0.0,-0.022273452505330124
2020-10-20,0.56727797,0.0,0.000390459742497927
2020-10-21,0.52532375,0.0,0.00040102952361968083
2020-10-22,0.56294876,0.0,0.006199750710947833
2020-10-23,0.5994766,0.0,0.009214996021265673
2020-10-26,0.70449555,0.0,0.0011720931399713554
2020-10-27,0.73029125,0.0,0.011481820401543318
2020-10-28,0.75448686,0.0,0.008079375700079473
2020-10-29,0.6979116,0.0,0.0029349014137818826
2020-10-30,0.6071852,0.0,0.0
2020-11-02,0.5338622,0.0,-0.00010747060461177415
2020-11-03,0.5162613,0.0,-0.00555506810639091
2020-11-04,0.5284844,0.0,-0.00012247770094096078
2020-11-05,0.53915095,0.0,0.0051617796411826174
2020-11-06,0.5470351,0.0,0.0
2020-11-09,0.438977,0.0,0.0
2020-11-10,0.30075312,0.0,0.0
2020-11-11,0.13634303,0.0,0.0
2020-11-12,0.085725464,0.0,0.0
2020-11-13,0.05859706,0.0,0.0
2020-11-16,0.042278208,0.0,-1.659034297214113e-05
2020-11-17,0.031085748,0.0,0.002577347698490883
2020-11-18,0.023155779,0.0,-0.0032827121288313624
2020-11-19,0.01590778,0.0,0.0009498509198763818
2020-11-20,0.011964497,0.0,-0.005370297684746648
2020-11-23,0.008479465,0.0,-0.0028533232257982053
2020-11-24,0.005811752,0.0,0.0006936114388280479
2020-11-25,0.0066428143,0.0,0.0006681069326118403
2020-11-27,0.012459817,0.0,0.0034929901052866133
2020-11-30,0.020734712,0.0,0.005416161490667332
2020-12-01,0.026850991,0.0,-0.00842522666067885
2020-12-02,0.03191386,0.0,-0.0012337807381681961
2020-12-03,0.006004253,0.0,-0.0012087368095362995
2020-12-04,0.0016395163,0.0,0.0009605538388337777
2020-12-07,0.00096173555,0.0,-0.0004726898418927046
2020-12-08,0.0008125618,0.0,-0.002429895496189833
2020-12-09,0.0010158457,0.0,-0.0011470083422706785
2020-12-10,0.0017804082,0.0,-0.0015074355829359095
2020-12-11,0.0026000177,0.0,0.0007996269630834077
2020-12-14,0.0053945,0.0,0.0011233365201462567
2020-12-15,0.0090521965,0.0,0.0017666245027306146
2020-12-16,0.012074449,0.0,-0.001342124754191106
2020-12-17,0.013877247,0.0,0.0013392852164202957
2020-12-18,0.022969985,0.0,-0.00022740352213416727
2020-12-21,0.09303491,0.0,-0.00011362931943367666
2020-12-22,0.35766393,0.0,0.0012440090809463298
2020-12-23,0.6453159,0.0,-0.0002459717469995979
2020-12-24,0.65239245,0.0,0.0002494119296903755
2020-12-28,0.6229148,0.0,-0.0022473582320997245
2020-12-29,0.58100736,0.0,0.0018574583545533639
2020-12-30,0.5561663,0.0,0.0019102425809742135
2020-12-31,0.54030526,0.0,-0.005004114663693819
2021-01-04,0.50848013,0.0,-0.00462188745188277
2021-01-05,0.38939035,0.0,-0.004242208051401817
2021-01-06,0.177215,0.0,-9.844198968277647e-07
2021-01-07,0.07670984,0.0,0.002406575175920985
2021-01-08,0.079143435,0.0,-0.003989812610494131
2021-01-11,0.08241016,0.0,0.006984175062481426
2021-01-12,0.10403923,0.0,0.0007988120363900462
2021-01-13,0.04618073,0.0,0.00400964514693171
2021-01-14,0.014261159,0.0,0.005503060111726234
2021-01-15,0.0043925117,0.0,0.0019665373187716653
2021-01-19,0.0019249931,0.0,-0.003134651169494497
2021-01-20,0.001158201,0.0,0.0
2021-01-21,0.0024853991,0.0,0.0
2021-01-22,0.006293423,0.0,0.0
2021-01-25,0.018131047,0.0,0.0
2021-01-26,0.052152995,0.0,0.0
2021-01-27,0.1432008,0.0,0.0
2021-01-28,0.27956825,0.0,0.0
2021-01-29,0.34176874,0.0,0.0
2021-02-01,0.37937206,0.0,-2.235626492262575e-05
2021-02-02,0.3668937,0.0,0.0013418984420097142
2021-02-03,0.3393485,0.0,0.0
2021-02-04,0.34757513,0.0,0.0
2021-02-05,0.38104522,0.0,-1.7815002050237433e-05
2021-02-08,0.42886475,0.0,0.001154375096890063
2021-02-09,0.43514252,0.0,0.001647047623632091
2021-02-10,0.20512949,0.0,0.0007222377404693396
2021-02-11,0.27458468,0.0,0.0012421437103854011
2021-02-12,0.29786763,0.0,0.010531512733711
2021-02-16,0.310997,0.0,0.00422038011476934
2021-02-17,0.36513874,0.0,-0.0012830654898634275
2021-02-18,0.32328275,0.0,0.0
2021-02-19,0.1766461,0.0,-1.8024585816445303e-05
2021-02-22,0.06087642,0.0,-0.0009421206045828385
2021-02-23,0.03417707,0.0,0.0005728147996529646
2021-02-24,0.017909678,0.0,-0.0013694512966847027
2021-02-25,0.014462552,0.0,0.005311542795552329
2021-02-26,0.008994695,0.0,-0.014450568370391288
2021-03-01,0.006409871,0.0,0.016745486636589695
2021-03-02,0.00824181,0.0,0.0007594726673499314
2021-03-03,0.008934382,0.0,0.0
2021-03-04,0.0059221108,0.0,-1.0069291000283032e-05
2021-03-05,0.0041990145,0.0,0.002244102981571575
2021-03-08,0.004302408,0.0,-0.0005031248426670053
2021-03-09,0.002814075,0.0,0.0
2021-03-10,0.0024157465,0.0,0.0
2021-03-11,0.0024717213,0.0,0.0
2021-03-12,0.0024318162,0.0,-9.91858350278278e-06
2021-03-15,0.002350077,0.0,0.0006876364281189849
2021-03-16,0.0025694,0.0,-0.0005691338098419947
2021-03-17,0.0018687431,0.0,0.0010739767585904194
2021-03-18,0.0011384891,0.0,0.0006843608366020366
2021-03-19,0.00088913017,0.0,0.0009692907696086758
2021-03-22,0.0005399766,0.0,0.00022093009341070816
2021-03-23,0.00043855593,0.0,0.0
2021-03-24,0.0005418791,0.0,0.0
2021-03-25,0.00059974333,0.0,0.0
2021-03-26,0.00064884056,0.0,0.0
2021-03-29,0.00052133534,0.0,0.0
2021-03-30,0.0003467671,0.0,0.0
2021-03-31,0.00031143188,0.0,0.0
2021-04-01,0.0004040616,0.0,-2.2540911403787456e-05
2021-04-05,0.0007363148,0.0,-0.0011702685185241298
2021-04-06,0.0016036006,0.0,0.0008313369917983672
2021-04-07,0.0043976028,0.0,0.00018979038446042523
2021-04-08,0.020796245,0.0,-0.0019993331654331245
2021-04-09,0.25482547,0.0,-0.00029331562032896614
2021-04-12,0.5295864,0.0,0.00048278977492250785
2021-04-13,0.44876865,0.0,0.0008744662081318563
2021-04-14,0.44876865,0.0,0.0005824571984362483
2021-04-15,0.44876865,0.0,-0.0004879284025601391
2021-04-16,0.37758827,0.0,-0.0015616988464267165
2021-04-19,0.30596122,0.0,-0.00029408411959342063
2021-04-20,0.22029859,0.0,-0.004463549612331047
2021-04-21,0.19919474,0.0,0.0015433360365282385
2021-04-22,0.23404884,0.0,-3.9344965912732033e-07
2021-04-23,0.27913988,0.0,-3.555394796231978e-07
2021-04-26,0.27589026,0.0,0.002059991401055379
2021-04-27,0.29225937,0.0,0.002333383879460497
2021-04-28,0.23236379,0.0,0.0006250110682402845
2021-04-29,0.1524874,0.0,-0.0012467691268316318
2021-04-30,0.05828152,0.0,-0.0010917028379088863
2021-05-03,0.04629026,0.0,0.006604352997178296
2021-05-04,0.04346764,0.0,-0.002322189911799669
2021-05-05,0.002949616,0.0,0.0
2021-05-06,0.005363245,0.0,0.0
2021-05-07,0.020606821,0.0,0.0
2021-05-10,0.11064324,0.0,0.0
2021-05-11,0.22528672,0.0,0.0
2021-05-12,0.21002205,0.0,0.0
2021-05-13,0.15196411,0.0,0.0
2021-05-14,0.12829143,0.0,0.0
2021-05-17,0.1597873,0.0,0.0
2021-05-18,0.2755648,0.0,0.0
2021-05-19,0.20979507,0.0,0.0
2021-05-20,0.18642186,0.0,0.0
2021-05-21,0.09484533,0.0,-3.166344586383771e-05
2021-05-24,0.03779879,0.0,-0.008461964667764652
2021-05-25,0.01846178,0.0,0.003197972525793181
2021-05-26,0.021116236,0.0,0.0013727457170964743
2021-05-27,0.11584171,0.0,-0.000857750381380612
2021-05-28,0.3085837,0.0,0.012054446089621768
2021-06-01,0.39015028,0.0,-0.013788420617248673
2021-06-02,0.36865982,0.0,-0.0001342680056371014
2021-06-03,0.43163693,0.0,-0.00023322605653961702
2021-06-04,0.45311105,0.0,-0.002749086062335002
2021-06-07,0.44876865,0.0,0.0
2021-06-08,0.44876865,0.0,0.0
2021-06-09,0.43141925,0.0,0.0
2021-06-10,0.37967694,0.0,0.0
2021-06-11,0.2820526,0.0,0.0
2021-06-14,0.215634,0.0,0.0
2021-06-15,0.1712417,1.0,-0.0001693121693121693
2021-06-16,0.1343116,1.0,-0.009151764850244265
2021-06-17,0.114673376,1.0,0.002736932047755542
2021-06-18,0.13173588,1.0,0.01242793990689596
2021-06-21,0.18123394,1.0,-0.012357921265490417
2021-06-22,0.245418,1.0,0.026699253194277548
2021-06-23,0.34861785,0.0,0.027120955164302563
2021-06-24,0.45843595,0.0,0.004949060087655886
2021-06-25,0.688817,0.0,0.0
2021-06-28,0.6864411,0.0,-0.00013877533222456096
2021-06-29,0.6955173,0.0,0.00798373268779299
2021-06-30,0.76213765,1.0,-0.003543472747911849
2021-07-01,0.7779252,1.0,-0.01956671795555763
2021-07-02,0.75792485,1.0,-0.000266219797778795
2021-07-06,0.75439143,1.0,-0.033802130485686734
2021-07-07,0.7603556,1.0,-0.00024302912650505537
2021-07-08,0.7335691,0.0,0.021402017300799644
2021-07-09,0.7387106,0.0,-0.00377412354640913
2021-07-12,0.7144744,0.0,0.0
2021-07-13,0.59144676,0.0,0.0
2021-07-14,0.33310744,0.0,0.0
2021-07-15,0.06594176,0.0,0.0
2021-07-16,0.012672346,0.0,0.0
2021-07-19,0.004171088,0.0,0.0
2021-07-20,0.0021265107,0.0,0.0
2021-07-21,0.0018077941,0.0,0.0
2021-07-22,0.0017330288,0.0,0.0
2021-07-23,0.0023539495,0.0,0.0
2021-07-26,0.0051231557,0.0,0.0
2021-07-27,0.013577724,0.0,0.0
2021-07-28,0.019237174,0.0,0.0
2021-07-29,0.024775004,0.0,0.0
2021-07-30,0.030654373,0.0,0.0
2021-08-02,0.021571923,0.0,0.0
2021-08-03,0.014530929,0.0,0.0
2021-08-04,0.01038926,0.0,0.0
2021-08-05,0.005428709,0.0,0.0
2021-08-06,0.0030094304,0.0,0.0
2021-08-09,0.0021067525,0.0,0.0
2021-08-10,0.0019516076,0.0,0.0
2021-08-11,0.0017322452,0.0,0.0
2021-08-12,0.0016835746,0.0,0.0
2021-08-13,0.0018049225,0.0,0.0
2021-08-16,0.0022775582,0.0,0.0
2021-08-17,0.0029218642,0.0,0.0
2021-08-18,0.0045935255,0.0,0.0
2021-08-19,0.00747257,0.0,-9.446781511500226e-06
2021-08-20,0.017001813,0.0,-0.0007985695674913168
2021-08-23,0.043179877,0.0,-0.0021346520063463335
2021-08-24,0.101891,0.0,0.008957805709342185
2021-08-25,0.43515256,0.0,-0.003287153917038521
2021-08-26,0.07889018,0.0,0.0020007351610089198
2021-08-27,0.01934304,0.0,-0.0028041424468873014
2021-08-30,0.022503536,0.0,-0.002062204815278174
2021-08-31,0.025630236,0.0,-0.002366230636448929
2021-09-01,0.061999694,0.0,0.017914515692567145
2021-09-02,0.16127978,0.0,-0.0004848374035575973
2021-09-03,0.27347058,0.0,-0.0019641964174353385
2021-09-07,0.09432046,0.0,-0.00013866161816214944
2021-09-08,0.058010925,0.0,0.0002742019090906972
2021-09-09,0.043306474,0.0,-6.808124653219754e-05
2021-09-10,0.033857714,0.0,0.0007444610252583567
2021-09-13,0.022201953,0.0,0.0009430989524736209
2021-09-14,0.049936034,0.0,-0.000529408943392867
2021-09-15,0.049161185,0.0,0.0018884364506207261
2021-09-16,0.03396053,0.0,-0.001359540968627176
2021-09-17,0.03591546,0.0,-0.0019863679815636665
2021-09-20,0.026356308,0.0,-0.0016834401717980745
2021-09-21,0.024636406,0.0,-0.0010800292656113733
2021-09-22,0.038288265,0.0,-0.0010026064348347711
2021-09-23,0.019744897,0.0,-5.6650497091741624e-06
2021-09-24,0.02045719,0.0,-0.0011522967934837673
2021-09-27,0.018915612,0.0,0.0001986130123811477
2021-09-28,0.018324405,0.0,0.0018753307743908337
2021-09-29,0.017994486,0.0,-0.00014946524717917052
2021-09-30,0.035563365,0.0,0.008873507831059306
2021-10-01,0.01965081,0.0,0.0006201202570505192
2021-10-04,0.038302418,0.0,-0.0038630710703827014
2021-10-05,0.085848175,0.0,0.00015749421995013232
2021-10-06,0.10744529,0.0,-0.00032737790852751804
2021-10-07,0.117137484,0.0,-4.1361918934093234e-07
2021-10-08,0.118580304,0.0,0.009894400273463142
2021-10-11,0.11073388,0.0,-0.0014687008919024819
2021-10-12,0.03636448,0.0,0.004632193195338772
2021-10-13,0.010258072,0.0,0.0005122637828734252
2021-10-14,0.0031107054,0.0,0.0
2021-10-15,0.0017256439,0.0,0.0
2021-10-18,0.0011460198,0.0,0.0
2021-10-19,0.0009823804,0.0,-2.25907688815664e-05
2021-10-20,0.0009085048,0.0,-0.002287085355114761
2021-10-21,0.0005248992,0.0,0.002184202162874639
2021-10-22,0.0007071768,0.0,-0.004897694400428022
2021-10-25,0.0008440305,0.0,0.006694151224784514
2021-10-26,0.0015240584,0.0,-0.007191491985697036
2021-10-27,0.0037792893,0.0,0.002284957079285267
2021-10-28,0.014271177,0.0,-0.005404955792869211
2021-10-29,0.07301121,0.0,0.0
2021-11-01,0.3195275,0.0,0.0
2021-11-02,0.7150784,0.0,0.0
2021-11-03,0.7720227,0.0,0.0
2021-11-04,0.7739536,0.0,0.0
2021-11-05,0.7778554,0.0,0.0
2021-11-08,0.78471655,0.0,-9.423938647969383e-05
2021-11-09,0.7969209,1.0,5.465855745961045e-05
2021-11-10,0.8141032,1.0,-0.004430874775171166
2021-11-11,0.8322816,1.0,0.005792538708026443
2021-11-12,0.82734776,1.0,0.00559434447219982
2021-11-15,0.7621318,1.0,0.010677438379685308
2021-11-16,0.58335465,1.0,0.039063405769183115
2021-11-17,0.44949332,1.0,-0.012983419678392337
2021-11-18,0.29397446,1.0,-0.00015952756569415717
2021-11-19,0.46204305,1.0,-0.012938268582235292
2021-11-22,0.69763017,1.0,0.009908301677131855
2021-11-23,0.71354526,1.0,0.028928267930452042
2021-11-24,0.7797263,1.0,0.0006917075876873365
2021-11-26,0.8241491,1.0,-0.005168492037080994
2021-11-29,0.79518783,1.0,0.006956102797262748
2021-11-30,0.66505075,1.0,-0.006925273709336242
2021-12-01,0.7077039,1.0,0.021797003541595028
2021-12-02,0.7873765,1.0,-0.002237907806503605
2021-12-03,0.8135692,1.0,-0.010033656414145036
2021-12-06,0.8453625,1.0,0.012404235822766403
2021-12-07,0.7908035,1.0,-0.005001092665397345
2021-12-08,0.8567905,0.0,0.04732254408792991
2021-12-09,0.7675332,0.0,0.018397689506762738
2021-12-10,0.7200832,0.0,-2.613744696400111e-07
2021-12-13,0.78123504,0.0,0.0013560280581891887
2021-12-14,0.78747374,0.0,0.0004515209618905388
2021-12-15,0.74393183,0.0,-0.0001336027264944646
2021-12-16,0.7244566,0.0,0.0012219485249708052
2021-12-17,0.6494327,0.0,-7.254638254975078e-05
2021-12-20,0.627393,0.0,0.0
2021-12-21,0.59874743,0.0,0.0
2021-12-22,0.5875639,0.0,0.0
2021-12-23,0.63031644,0.0,0.0
2021-12-27,0.5825577,0.0,0.0
2021-12-28,0.55808616,0.0,0.0
2021-12-29,0.5615337,0.0,0.0
2021-12-30,0.5685666,0.0,0.0
2021-12-31,0.5696079,0.0,0.0
2022-01-03,0.56929237,0.0,0.0
2022-01-04,0.57062894,0.0,0.0
2022-01-05,0.56944126,0.0,0.0
2022-01-06,0.55258155,0.0,0.0
2022-01-07,0.54730254,0.0,-0.00013982765118480915
2022-01-10,0.5733733,0.0,-0.004727975690159145
2022-01-11,0.5497894,0.0,0.006886063997212975
2022-01-12,0.5208289,0.0,-0.00026399233455509045
2022-01-13,0.5072173,1.0,0.0036345180615171267
2022-01-14,0.4956544,1.0,-0.0036024546831303892
2022-01-18,0.48352346,1.0,-0.0168300105146171
2022-01-19,0.47221804,1.0,-0.0076268927112295975
2022-01-20,0.5037885,1.0,0.004403938654738495
2022-01-21,0.54845643,0.0,0.03235562268071155
2022-01-24,0.4846875,0.0,0.0018986294556028959
2022-01-25,0.35461247,0.0,0.0052813367879188675
2022-01-26,0.17630613,1.0,0.01703337962615862
2022-01-27,0.07455311,1.0,0.012171648301058484
2022-01-28,0.036130134,1.0,0.0
2022-01-31,0.017688496,1.0,0.0
2022-02-01,0.014730026,1.0,-0.00016343393311259738
2022-02-02,0.008217396,0.0,0.022658288380521502
2022-02-03,0.0083533805,0.0,-0.002038836292702232
2022-02-04,0.0023484074,0.0,0.0
2022-02-07,0.0036936302,0.0,0.0
2022-02-08,0.006118949,0.0,0.0
2022-02-09,0.0067084115,0.0,0.0
2022-02-10,0.006956657,0.0,0.0
2022-02-11,0.0063769687,1.0,0.0
2022-02-14,0.0055813515,1.0,-6.303956253595525e-06
2022-02-15,0.003275368,1.0,0.0012574553093836521
2022-02-16,0.006015049,1.0,-0.00040337635484133144
2022-02-17,0.012401216,1.0,0.0002819390444098162
2022-02-18,0.034991827,0.0,0.027729155149831115
2022-02-22,0.27836695,0.0,0.019310512592450965
2022-02-23,0.49097025,0.0,0.0015253496637330538
2022-02-24,0.4988662,0.0,-4.314421989340001e-06
2022-02-25,0.39575496,0.0,-0.00027642909315188954
2022-02-28,0.3511664,0.0,0.0035884744455404794
2022-03-01,0.22931564,0.0,0.011802969066766384
2022-03-02,0.17751676,0.0,0.01780829435449717
2022-03-03,0.107423715,0.0,0.0
2022-03-04,0.06842713,0.0,0.0
2022-03-07,0.03920818,0.0,0.0
2022-03-08,0.020541867,0.0,-3.009597043706131e-06
2022-03-09,0.01162617,0.0,0.003788757281801755
2022-03-10,0.023832932,0.0,-0.0017636968441879222
2022-03-11,0.007083776,0.0,0.0
2022-03-14,0.007020562,0.0,0.0
2022-03-15,0.006321085,0.0,-2.8898381554959914e-06
2022-03-16,0.0045290594,0.0,0.0008346280554756447
2022-03-17,0.0039748666,0.0,-0.001130033710753588
2022-03-18,0.0029843748,0.0,0.000686306667947939
2022-03-21,0.0029483233,0.0,-0.00041902726409661576
2022-03-22,0.0026960582,0.0,-0.0003357100333023981
2022-03-23,0.002561698,0.0,-0.004713383589253453
2022-03-24,0.0021630598,0.0,-3.564287534204472e-05
2022-03-25,0.002080634,0.0,-9.884602564720403e-05
2022-03-28,0.0018189057,0.0,0.00040110303909568777
2022-03-29,0.0016527317,0.0,0.0009094850576343177
2022-03-30,0.002168506,0.0,0.0005967527937861725
2022-03-31,0.0017424071,0.0,-0.004999646682304412
2022-04-01,0.0019387004,0.0,0.0060193857058515945
2022-04-04,0.0024246615,0.0,0.0019370675087680268
2022-04-05,0.004876998,0.0,-0.0008736909255639387
2022-04-06,0.0012083098,0.0,-0.0003408442892898192
2022-04-07,0.0028033745,0.0,0.0006044636521766132
2022-04-08,0.0016518742,0.0,7.039727736090055e-05
2022-04-11,0.0009284773,0.0,0.0007842338019049624
2022-04-12,0.00040751856,0.0,0.00035521839434226135
2022-04-13,0.00085303024,0.0,-0.0011624976440499104
2022-04-14,0.0014901649,0.0,-0.0005175215427032915
2022-04-18,0.0011755527,0.0,-0.000469318286052218
2022-04-19,0.00088235823,0.0,0.0006066125521176611
2022-04-20,0.001328589,0.0,0.0014883154900282277
2022-04-21,0.0016703304,0.0,-0.0011347789625086862
2022-04-22,0.0013155562,0.0,-9.654882309830776e-05
2022-04-25,0.0010935595,0.0,0.002713048890153232
2022-04-26,0.0015771744,0.0,0.00171183296675842
2022-04-27,0.0016641365,0.0,-4.417043082968964e-05
2022-04-28,0.0015941521,0.0,0.0
2022-04-29,0.001709062,0.0,0.0
2022-05-02,0.0017300713,0.0,0.0
2022-05-03,0.0017439472,0.0,0.0
2022-05-04,0.0017775004,0.0,0.0
2022-05-05,0.0017737731,0.0,0.0
2022-05-06,0.0017709268,0.0,0.0
2022-05-09,0.001803455,0.0,0.0
2022-05-10,0.0018791256,0.0,0.0
2022-05-11,0.0019446386,0.0,0.0
2022-05-12,0.0019928871,0.0,-7.95941106028772e-06
2022-05-13,0.0020356046,0.0,-0.0012339949930900542
2022-05-16,0.0021858104,0.0,-0.005155264893055829
2022-05-17,0.002350702,0.0,0.0
2022-05-18,0.0022882605,0.0,0.0
2022-05-19,0.00078590406,0.0,0.0
2022-05-20,0.00074059557,0.0,0.0
2022-05-23,0.0004285574,0.0,0.0
2022-05-24,0.0002617989,0.0,0.0
2022-05-25,0.00026887553,0.0,0.0
2022-05-26,0.00062016456,0.0,0.0
2022-05-27,0.0014477355,0.0,0.0
2022-05-31,0.0029061986,0.0,0.0
2022-06-01,0.004862122,0.0,-2.6754708718835036e-06
2022-06-02,0.0030884438,0.0,0.0006522564399065705
2022-06-03,0.0027577705,0.0,-1.7376509335293154e-06
2022-06-06,0.0033360666,0.0,0.0002529759093242165
2022-06-07,0.003790755,0.0,0.0002463400667071348
2022-06-08,0.0025797174,0.0,0.0005306221014169314
2022-06-09,0.0010896382,0.0,0.00015890794154912286
2022-06-10,0.0007428391,0.0,-0.0003907699042148805
2022-06-13,0.0005184895,0.0,-4.120651716784554e-08
2022-06-14,0.00041129545,0.0,0.0015903698379078554
2022-06-15,0.00036107676,0.0,0.001605990602052251
2022-06-16,0.0010574557,0.0,-0.0015365291245124718
2022-06-17,0.0021593207,0.0,0.0020164892590696917
2022-06-21,0.0027816165,0.0,0.0006090104055640308
2022-06-22,0.0031477576,0.0,0.0
2022-06-23,0.0029852448,0.0,-1.8820070190707172e-06
2022-06-24,0.0028563263,0.0,0.00036663150951577264
2022-06-27,0.003601111,0.0,-2.547046791487074e-05
2022-06-28,0.0037688445,0.0,-0.0008576649419268272
2022-06-29,0.0037863408,0.0,-0.00030977070122504863
2022-06-30,0.0011881981,0.0,-0.00316530844355689
2022-07-01,0.0011143183,0.0,0.007281059332888123
2022-07-05,0.0029450562,0.0,-0.00020728645245423705
2022-07-06,0.0034550189,0.0,0.0018536916762289324
2022-07-07,0.0049118763,0.0,0.00032265161440424794
2022-07-08,0.0059419842,0.0,-0.004474098734677981
2022-07-11,0.0070265085,0.0,0.0
2022-07-12,0.009673167,0.0,0.0
2022-07-13,0.012042286,0.0,0.0
2022-07-14,0.013864927,0.0,0.0
2022-07-15,0.015181925,0.0,0.0
2022-07-18,0.017149385,1.0,0.0
2022-07-19,0.019563187,1.0,-9.950699562678544e-05
2022-07-20,0.023563731,1.0,0.002404169897209791
2022-07-21,0.03307823,1.0,0.017350652856707956
2022-07-22,0.05347463,1.0,0.01436394617785184
2022-07-25,0.07535705,0.0,0.041285257569839764
2022-07-26,0.08854202,0.0,0.011993257121484387
2022-07-27,0.107224606,0.0,0.009831583478125246
2022-07-28,0.34150726,0.0,-0.0017627774472983282
2022-07-29,0.46128735,0.0,-0.0008362820232495935
2022-08-01,0.39530277,0.0,0.006370217082573192
2022-08-02,0.36913535,0.0,-0.00011422523093657222
2022-08-03,0.39855298,0.0,0.0011950390054762399
2022-08-04,0.5719035,0.0,-0.013931214377865547
2022-08-05,0.45546085,0.0,0.0050913385602167575
2022-08-08,0.101186804,0.0,-0.0013483399259207884
2022-08-09,0.23486812,0.0,0.015830702076470016
2022-08-10,0.32553244,0.0,0.010272487931081905
2022-08-11,0.49584076,0.0,-0.004203728573660069
2022-08-12,0.59245,0.0,0.005408943118992651
2022-08-15,0.7432765,0.0,-0.0030167647396416785
2022-08-16,0.6255258,0.0,0.0017609410720581117
2022-08-17,0.4237497,0.0,-9.821022656203042e-05
2022-08-18,0.46440932,0.0,0.005041274813890715
2022-08-19,0.58833253,0.0,-0.0014551673191868567
2022-08-22,0.6694702,0.0,-0.013192124319255151
2022-08-23,0.7188392,0.0,-0.005328274227584361
2022-08-24,0.73136914,0.0,-0.019012961177921766
2022-08-25,0.74268633,0.0,0.005237565511316468
2022-08-26,0.75517815,0.0,0.002510842091053706
2022-08-29,0.7774743,0.0,-0.016523094892780685
2022-08-30,0.85632855,0.0,-0.002893091879620255
2022-08-31,0.90386283,0.0,-0.0036268907646265346
2022-09-01,0.8999734,0.0,0.008924114974179196
2022-09-02,0.8574139,0.0,-0.002755336210037216
2022-09-06,0.77158123,0.0,0.001215025911489987
2022-09-07,0.6938701,0.0,-0.0006659527896222008
2022-09-08,0.5952675,0.0,0.002706505980516368
2022-09-09,0.5287229,0.0,-0.0026616403336923765
2022-09-12,0.49632517,0.0,0.0
2022-09-13,0.5616646,0.0,0.0
2022-09-14,0.569229,0.0,0.0
2022-09-15,0.53328705,0.0,-0.0001047475980823853
2022-09-16,0.51815134,0.0,-0.004762507691035261
2022-09-19,0.41373402,0.0,0.015953808190409653
2022-09-20,0.6168957,0.0,0.010425492703561398
2022-09-21,0.6559944,0.0,0.011894640951683258
2022-09-22,0.6501372,0.0,0.007698033266932282
2022-09-23,0.6893959,0.0,-0.00789592046374252
2022-09-26,0.65516204,0.0,0.01451111986808648
2022-09-27,0.63859516,1.0,0.0176595791768843
2022-09-28,0.7252975,1.0,0.007865081502500041
2022-09-29,0.6290923,1.0,-0.01808278583502218
2022-09-30,0.6395946,1.0,0.002482911657428465
2022-10-03,0.41334286,1.0,-0.0324214653543138
2022-10-04,0.56042176,0.0,0.031469517298570816
2022-10-05,0.44286132,0.0,0.005686191283268107
2022-10-06,0.40649235,0.0,-5.8863065720909694e-05
2022-10-07,0.29734656,0.0,-0.010796130179363327
2022-10-10,0.26009217,0.0,-0.01733899986968726
2022-10-11,0.22890362,0.0,0.0
2022-10-12,0.23124427,0.0,-1.2031962162789726e-05
2022-10-13,0.24223809,0.0,0.001050423401753802
2022-10-14,0.24205838,0.0,0.0021034130435414336
2022-10-17,0.2526387,0.0,0.0005252949044048292
2022-10-18,0.23645067,0.0,0.003934027358581096
2022-10-19,0.2435186,0.0,-0.0013114595440176708
2022-10-20,0.2645762,0.0,0.0
2022-10-21,0.1536574,0.0,0.0
2022-10-24,0.11823535,0.0,-1.0245978261482743e-05
2022-10-25,0.09131272,0.0,0.001507312683115922
2022-10-26,0.06356823,0.0,0.0013140236805225128
2022-10-27,0.059088927,0.0,-0.0003104507933027758
2022-10-28,0.04808497,0.0,3.088048917225056e-05
2022-10-31,0.036125045,0.0,-0.0013412207696285275
2022-11-01,0.025004204,0.0,0.006392881972775332
2022-11-02,0.0023407715,0.0,0.0005345764809551368
2022-11-03,0.00061290764,0.0,0.004537154861148415
2022-11-04,0.00017027132,0.0,0.0
2022-11-07,0.00015748882,0.0,0.0
2022-11-08,0.00015257676,0.0,-3.67671681738561e-05
2022-11-09,0.00015615021,0.0,-0.0021694807695463877
2022-11-10,0.00033794815,0.0,0.0
2022-11-11,0.0009919769,0.0,0.0
2022-11-14,0.0021003354,0.0,-4.950135766564499e-05
2022-11-15,0.0038805394,0.0,-0.00012889474632748598
2022-11-16,0.0062932856,0.0,-3.752537894693836e-05
2022-11-17,0.009626967,0.0,0.004951668675702554
2022-11-18,0.015484576,0.0,0.0003477248191574287
2022-11-21,0.019279309,0.0,-0.0006891485250550678
2022-11-22,0.02105801,0.0,0.001516661655529675
2022-11-23,0.024444794,0.0,-0.00029654190564704715
2022-11-25,0.028616235,0.0,0.0005994392588764294
2022-11-28,0.045399178,0.0,0.007053933210532775
2022-11-29,0.16985413,0.0,0.00965181284138128
2022-11-30,0.22287679,0.0,0.003765504420211519
2022-12-01,0.285671,0.0,-0.023276080838125702
2022-12-02,0.41439235,0.0,-0.0005326956051515404
2022-12-05,0.4375587,0.0,-0.007747212942387043
2022-12-06,0.353785,0.0,-0.003681447010224267
2022-12-07,0.3883669,1.0,-0.010876564921131895
2022-12-08,0.42460635,1.0,0.005263353679773377
2022-12-09,0.4926738,1.0,-0.014301522221820169
2022-12-12,0.5014699,1.0,0.005607579284034119
2022-12-13,0.4877721,1.0,0.016014320494385326
2022-12-14,0.52342904,0.0,0.023725802310245892
2022-12-15,0.6596297,0.0,-0.00880250700487181
2022-12-16,0.65134317,1.0,0.0003890096658641538
2022-12-19,0.5838167,1.0,0.005914183025348493
2022-12-20,0.57001156,1.0,-0.0026205321704200596
2022-12-21,0.56784093,1.0,0.0029667964051000046
2022-12-22,0.5622567,1.0,0.004938772338835537
2022-12-23,0.53909886,0.0,0.037868537823700366
2022-12-27,0.69889164,0.0,0.016816414476301295
2022-12-28,0.7443697,0.0,0.0051680363937891
2022-12-29,0.73847514,0.0,0.0
2022-12-30,0.85560465,0.0,0.0
2023-01-03,0.57338834,0.0,0.0
2023-01-04,0.71334434,0.0,-7.978063110578189e-05
2023-01-05,0.6395034,0.0,-0.002336277161023804
2023-01-06,0.6878618,0.0,0.003669232267388367
2023-01-09,0.6483257,0.0,0.001330507565781643
2023-01-10,0.58645654,0.0,0.010715732313448887
2023-01-11,0.39708108,0.0,0.005158507520445639
2023-01-12,0.279484,0.0,-0.0007000108552533369
2023-01-13,0.24971354,0.0,-0.0013623257849741856
2023-01-17,0.20595604,0.0,0.0001443864634564781
2023-01-18,0.16585803,0.0,0.0028798297449445344
2023-01-19,0.14464001,0.0,0.015600448164953888
2023-01-20,0.13381013,0.0,0.002741092650126447
2023-01-23,0.12237519,0.0,0.0013459529586727153
2023-01-24,0.107344314,0.0,0.0
2023-01-25,0.10179027,0.0,0.0
2023-01-26,0.089669734,0.0,0.0
2023-01-27,0.08143851,0.0,0.0
2023-01-30,0.05791512,0.0,-0.00011613716074381686
2023-01-31,0.028466696,0.0,0.01414275792812118
2023-02-01,0.0272105,0.0,-0.028486405465008358
2023-02-02,0.044940177,0.0,-0.00579527471260167
2023-02-03,0.0658203,0.0,-0.009184468147594589
2023-02-06,0.16478871,0.0,-0.003613780484409899
2023-02-07,0.36604258,0.0,-1.838179276383119e-05
2023-02-08,0.5520757,0.0,-0.0004158344135739599
2023-02-09,0.8538103,0.0,0.0010371745647964887
2023-02-10,0.8387137,0.0,-0.0013160989386940124
2023-02-13,0.8541274,0.0,0.001134634360734979
2023-02-14,0.87236404,0.0,-0.00028583484221877216
2023-02-15,0.8818885,0.0,-0.0015401733312417946
2023-02-16,0.8508508,0.0,0.000799351255908232
2023-02-17,0.76549345,0.0,-5.778763386175162e-05
2023-02-21,0.74440503,0.0,-0.0014476529464980707
2023-02-22,0.75744116,1.0,-0.006063024666701564
2023-02-23,0.77701116,1.0,-0.0037529807497611403
2023-02-24,0.7489952,1.0,-0.002302099729388213
2023-02-27,0.60070443,1.0,0.010687457161736672
2023-02-28,0.49459505,1.0,0.0037042440101195287
2023-03-01,0.6999616,0.0,0.05726933312835345
2023-03-02,0.67872226,0.0,0.002331193671299448
2023-03-03,0.30138153,1.0,0.004669540112227123
2023-03-06,0.24287537,1.0,0.00644485686788077
2023-03-07,0.12684844,1.0,9.225153563615747e-05
2023-03-08,0.10123346,1.0,-0.0001269191349145263
2023-03-09,0.08138633,1.0,-0.012961185316575294
2023-03-10,0.21788262,0.0,0.02152646352036444
2023-03-13,0.3261805,0.0,0.0086602913836131
2023-03-14,0.21099764,0.0,0.008552416276505069
2023-03-15,0.13556685,0.0,-0.004967204168896597
2023-03-16,0.10728414,0.0,0.004943814738262479
2023-03-17,0.08956211,0.0,0.017720265141103503
2023-03-20,0.08246675,0.0,-0.0033143428903339
2023-03-21,0.079896815,0.0,-0.008826098904556256
2023-03-22,0.07190324,0.0,0.0030812191487268638
2023-03-23,0.07685734,0.0,-0.008322605978236971
2023-03-24,0.0884823,0.0,0.006825377463824636
2023-03-27,0.08307971,0.0,-0.0023545811949433806
2023-03-28,0.07637182,0.0,-0.002701173928305197
2023-03-29,0.060335614,0.0,-0.03046193671747581
2023-03-30,0.036645714,0.0,-0.024743886240244053
2023-03-31,0.022306226,0.0,-0.007367983529611451
2023-04-03,0.0022983656,0.0,-0.02914561506722195
2023-04-04,0.0007973087,0.0,0.0
2023-04-05,0.00061786367,0.0,0.0
2023-04-06,0.00065805996,0.0,0.0
2023-04-10,0.0010885892,0.0,0.0
2023-04-11,0.0070468355,0.0,0.0
2023-04-12,0.43497452,0.0,0.0
2023-04-13,0.83929604,0.0,-0.0001242373684330411
2023-04-14,0.8776168,0.0,-0.004598704166074306
2023-04-17,0.8731207,0.0,-0.0025370693133217764
2023-04-18,0.8560978,0.0,-0.006089790767962463
2023-04-19,0.8455099,0.0,-0.01397993894190699
2023-04-20,0.8333913,0.0,-0.0001399644001484019
2023-04-21,0.8104393,0.0,-0.00186319390003031
2023-04-24,0.7845791,0.0,0.004337889165810849
2023-04-25,0.740575,0.0,-0.005196714886688228
2023-04-26,0.6982956,0.0,0.004758924189389194
2023-04-27,0.6893743,0.0,-0.010004942294696227
2023-04-28,0.6922548,0.0,-0.003497462595209826
2023-05-01,0.7083904,1.0,0.0035652131426257977
2023-05-02,0.685254,1.0,-0.004867057351546508
2023-05-03,0.54617494,1.0,-0.008939489052053428
2023-05-04,0.459064,1.0,0.004927128671330617
2023-05-05,0.43427873,1.0,-0.004861651467318479
2023-05-08,0.4157537,1.0,0.02948209545099583
2023-05-09,0.52476865,1.0,0.0029770146087031006
2023-05-10,0.5884528,1.0,0.035441199897308456
2023-05-11,0.6531208,1.0,0.0007417315887511711
2023-05-12,0.6806466,1.0,-0.01237117845695699
2023-05-15,0.6872691,1.0,0.024950052442080293
2023-05-16,0.74652976,1.0,0.005638879630411536
2023-05-17,0.7890219,0.0,0.03090318108086947
2023-05-18,0.6299133,0.0,0.014561431289673186
2023-05-19,0.48801744,0.0,-0.01690747468922295
2023-05-22,0.4989974,0.0,0.015140840708084987
2023-05-23,0.44381982,0.0,-0.019669519315993936
2023-05-24,0.41468614,0.0,0.008703499552456261
2023-05-25,0.34223494,0.0,-0.0038241866330353553
2023-05-26,0.27093363,0.0,0.0015014537287508965
2023-05-30,0.2330231,0.0,-0.006101211075653015
2023-05-31,0.20943707,1.0,0.005914434425210909
2023-06-01,0.19898047,1.0,0.0037343324475608013
2023-06-02,0.153562,1.0,0.00149508118611641
2023-06-05,0.14532994,1.0,0.009578957726437885
2023-06-06,0.132566,1.0,0.010263690738555716
2023-06-07,0.09710072,0.0,0.021083886167841938
2023-06-08,0.07478571,0.0,0.008903685884961916
2023-06-09,0.04777191,0.0,-0.0010846629824432523
2023-06-12,0.029986346,0.0,0.010483633375903991
2023-06-13,0.025032945,0.0,0.015921824243870772
2023-06-14,0.028605746,0.0,-0.005388022540301815
2023-06-15,0.032923173,0.0,-3.091011983769611e-05
2023-06-16,0.02511985,0.0,0.003031756303422451
2023-06-20,0.01774155,0.0,-0.007771449355162501
2023-06-21,0.013495045,0.0,0.010700596010754225
2023-06-22,0.017504431,0.0,-0.000475514303437552
2023-06-23,0.03550841,0.0,-0.000562628284788627
2023-06-26,0.11429269,0.0,-0.0011206452430127197
2023-06-27,0.28993276,0.0,0.002325047568732456
2023-06-28,0.38200468,0.0,0.0008769941446752408
2023-06-29,0.25481883,0.0,-9.688923758514585e-05
2023-06-30,0.15695196,0.0,0.0021459666083446893
2023-07-03,0.065835916,0.0,-0.006386727331958934
2023-07-05,0.026666569,0.0,-2.5743017138700407e-06
2023-07-06,0.019957518,0.0,0.0014211917144373132
2023-07-07,0.009843673,0.0,0.0011236604807239312
2023-07-10,0.02349025,0.0,-0.0009126948468133399
2023-07-11,0.06656741,0.0,0.0013202257885371613
2023-07-12,0.19529586,0.0,0.0021759742919350805
2023-07-13,0.31504884,0.0,-0.0011404791157723698
2023-07-14,0.38459826,0.0,0.00020609317415689734
2023-07-17,0.33891356,0.0,0.0010431177560937365
2023-07-18,0.2788373,0.0,0.004951660841789432
2023-07-19,0.19341913,0.0,-0.002487380203646678
2023-07-20,0.07745801,0.0,0.0
2023-07-21,0.032640167,0.0,0.0
2023-07-24,0.011538755,0.0,0.0
2023-07-25,0.005162218,0.0,0.0
2023-07-26,0.0020749578,0.0,0.0
2023-07-27,0.0019713326,0.0,0.0
2023-07-28,0.0018384352,0.0,0.0
2023-07-31,0.0016892321,0.0,0.0
2023-08-01,0.0012159102,0.0,-2.8116025392838853e-05
2023-08-02,0.0018188312,0.0,0.0022059584693086033
2023-08-03,0.0019071882,0.0,-0.001871779166433485
2023-08-04,0.0015884308,0.0,-0.0026081432305576696
2023-08-07,0.0011768742,0.0,-0.00031217641358015905
2023-08-08,0.0012811889,0.0,-0.002356680249247443
2023-08-09,0.0020924192,0.0,-0.0016146779103938355
2023-08-10,0.004076202,0.0,0.007021415398600463
2023-08-11,0.009281908,0.0,0.0006618426129749852
2023-08-14,0.016994404,0.0,0.001181361402499114
2023-08-15,0.01586781,0.0,0.0029705383527529345
2023-08-16,0.014036149,0.0,0.002508906696194536
2023-08-17,0.017992217,0.0,-0.005320348325965599
2023-08-18,0.021062816,0.0,-0.002841723149301642
2023-08-21,0.023327481,0.0,0.0028236045891322633
2023-08-22,0.020916652,0.0,-0.0008822909406720437
2023-08-23,0.055632215,0.0,0.009226552379419193
2023-08-24,0.12374238,0.0,-0.00017037161871427957
2023-08-25,0.14873722,0.0,0.0
2023-08-28,0.051439423,0.0,0.0
2023-08-29,0.009659286,0.0,0.0
2023-08-30,0.008939784,0.0,0.0
2023-08-31,0.028320765,0.0,0.0
2023-09-01,0.23418501,0.0,-1.8049467050579394e-05
2023-09-05,0.6219283,0.0,0.0032123022463618734
2023-09-06,0.79931605,0.0,-0.00268313641192959
2023-09-07,0.8389628,0.0,0.006166991730934147
