cap,cush,joint,prob_n,overlay,IS_sh,IS_cagr,IS_dd,IS_vol,IS_worst,OOS_sh,OOS_cagr,OOS_dd,OOS_vol,OOS_worst
NOCAP,OFF,V2,0,BOOK,1.1308906088922241,0.07256243675490137,-0.10248065768417114,0.06373684559318418,-0.02316453623992197,0.9502840197081102,0.06269685615566156,-0.11135550698846908,0.06627127455191051,-0.028486405465007976
NOCAP,OFF,V2,0,PER,1.7444075344479824,0.11900832724344923,-0.03941807183088164,0.06569757054233237,-0.02316453623992197,0.7810981831170822,0.05589794074711274,-0.12461250241867616,0.07300770936975001,-0.05181797871663933
NOCAP,OFF,J_FULL,0,BOOK,1.1308906088922241,0.07256243675490137,-0.10248065768417114,0.06373684559318418,-0.02316453623992197,0.9461106474430804,0.08367614354181163,-0.14226210713545562,0.08889692903470306,-0.028486405465007976
NOCAP,OFF,J_FULL,0,PER,1.7444075344479824,0.11900832724344923,-0.03941807183088164,0.06569757054233237,-0.02316453623992197,0.893609257119541,0.08290756480478523,-0.1261494304448596,0.09382151644173757,-0.028486405465007976
NOCAP,OFF,J_P3,3,BOOK,1.1308906088922241,0.07256243675490137,-0.10248065768417114,0.06373684559318418,-0.02316453623992197,0.9437643663613232,0.08435421724950021,-0.15711067603184925,0.08987333930323232,-0.0301621224078599
NOCAP,OFF,J_P3,3,PER,1.7444075344479824,0.11900832724344923,-0.03941807183088164,0.06569757054233237,-0.02316453623992197,0.8894525127305696,0.08336284523712023,-0.14898603925611464,0.0948408389721732,-0.02974720177301143
NOCAP,OFF,J_P5,5,BOOK,1.1308906088922241,0.07256243675490137,-0.10248065768417114,0.06373684559318418,-0.02316453623992197,0.957241190001023,0.08634585893383773,-0.14741618137640866,0.09059310446069088,-0.0301621224078599
NOCAP,OFF,J_P5,5,PER,1.7444075344479824,0.11900832724344923,-0.03941807183088164,0.06569757054233237,-0.02316453623992197,0.8831100021393986,0.08319727380260322,-0.14569809593306238,0.09540974940576594,-0.02974720177301143
NOCAP,OFF,J_P10,10,BOOK,1.1308906088922241,0.07256243675490137,-0.10248065768417114,0.06373684559318418,-0.02316453623992197,0.9563770811139657,0.08686870770658017,-0.14926874448963,0.09123963347824131,-0.0301621224078599
NOCAP,OFF,J_P10,10,PER,1.7444075344479824,0.11900832724344923,-0.03941807183088164,0.06569757054233237,-0.02316453623992197,0.8999165389252844,0.08556119209173763,-0.14810705593235407,0.09612736558405693,-0.02974720177301143
NOCAP,S05,V2,0,BOOK,1.1308906088922241,0.07256243675490137,-0.10248065768417114,0.06373684559318418,-0.02316453623992197,0.888428706831932,0.05827462187376953,-0.11193640516981451,0.0661851936060833,-0.028486405465007976
NOCAP,S05,V2,0,PER,1.7444075344479824,0.11900832724344923,-0.03941807183088164,0.06569757054233237,-0.02316453623992197,0.7063971862515682,0.04956019361362407,-0.17316524166075598,0.07212474500640745,-0.074634745172255
NOCAP,S05,J_FULL,0,BOOK,1.1308906088922241,0.07256243675490137,-0.10248065768417114,0.06373684559318418,-0.02316453623992197,0.9002940825911278,0.08298781607609818,-0.1438925298713487,0.09305546473879785,-0.028486405465007976
NOCAP,S05,J_FULL,0,PER,1.7444075344479824,0.11900832724344923,-0.03941807183088164,0.06569757054233237,-0.02316453623992197,0.879511112626025,0.08413694767430502,-0.13556125653375717,0.09686161719875025,-0.028486405465007976
NOCAP,S05,J_P3,3,BOOK,1.1308906088922241,0.07256243675490137,-0.10248065768417114,0.06373684559318418,-0.02316453623992197,0.898547165327401,0.08362838223605973,-0.15926754316266734,0.09399207147009324,-0.030363810646865965
NOCAP,S05,J_P3,3,PER,1.7444075344479824,0.11900832724344923,-0.03941807183088164,0.06569757054233237,-0.02316453623992197,0.8681397311536598,0.08374557915800884,-0.16015783454936094,0.09782206668633464,-0.02974720177301143
NOCAP,S05,J_P5,5,BOOK,1.1308906088922241,0.07256243675490137,-0.10248065768417114,0.06373684559318418,-0.02316453623992197,0.9122369316961539,0.0856015500878653,-0.14729538549978227,0.09464338818140483,-0.030363810646865965
NOCAP,S05,J_P5,5,PER,1.7444075344479824,0.11900832724344923,-0.03941807183088164,0.06569757054233237,-0.02316453623992197,0.8705374033094604,0.08447597851507815,-0.14203699376935242,0.09839044316663331,-0.02974720177301143
NOCAP,S05,J_P10,10,BOOK,1.1308906088922241,0.07256243675490137,-0.10248065768417114,0.06373684559318418,-0.02316453623992197,0.9127389792220002,0.08622213101059018,-0.1491482110880593,0.09528423858773195,-0.030363810646865965
NOCAP,S05,J_P10,10,PER,1.7444075344479824,0.11900832724344923,-0.03941807183088164,0.06569757054233237,-0.02316453623992197,0.8792864001080892,0.08597367264528666,-0.14501061453897912,0.09905611534047487,-0.02974720177301143
NOCAP,S07,V2,0,BOOK,1.1308906088922241,0.07256243675490137,-0.10248065768417114,0.06373684559318418,-0.02316453623992197,0.8626495181086972,0.05500845141571764,-0.12130388275912363,0.06444769866294774,-0.028486405465007976
NOCAP,S07,V2,0,PER,1.7444075344479824,0.11900832724344923,-0.03941807183088164,0.06569757054233237,-0.02316453623992197,0.6687816855151906,0.04705152626549758,-0.18433969089093427,0.07266953929405558,-0.08623523007666448
NOCAP,S07,J_FULL,0,BOOK,1.1308906088922241,0.07256243675490137,-0.10248065768417114,0.06373684559318418,-0.02316453623992197,0.9016003409464257,0.0808153231998574,-0.14165978370009202,0.09046393674213625,-0.028486405465007976
NOCAP,S07,J_FULL,0,PER,1.7444075344479824,0.11900832724344923,-0.03941807183088164,0.06569757054233237,-0.02316453623992197,0.893885998671145,0.08431302207763114,-0.13321719279737831,0.09535994318004842,-0.028486405465007976
NOCAP,S07,J_P3,3,BOOK,1.1308906088922241,0.07256243675490137,-0.10248065768417114,0.06373684559318418,-0.02316453623992197,0.897808291751025,0.08129309239677895,-0.1590126955489619,0.09143692744970647,-0.03038309819283166
NOCAP,S07,J_P3,3,PER,1.7444075344479824,0.11900832724344923,-0.03941807183088164,0.06569757054233237,-0.02316453623992197,0.8815565432656314,0.08402714476696627,-0.15639027036229314,0.09652097799264704,-0.02974720177301143
NOCAP,S07,J_P5,5,BOOK,1.1308906088922241,0.07256243675490137,-0.10248065768417114,0.06373684559318418,-0.02316453623992197,0.9122068293775182,0.08331006506147465,-0.1488169022106044,0.0921039548728893,-0.03038309819283166
NOCAP,S07,J_P5,5,PER,1.7444075344479824,0.11900832724344923,-0.03941807183088164,0.06569757054233237,-0.02316453623992197,0.8839631762708785,0.08475862216411456,-0.14338564947940735,0.09708262352450214,-0.02974720177301143
NOCAP,S07,J_P10,10,BOOK,1.1308906088922241,0.07256243675490137,-0.10248065768417114,0.06373684559318418,-0.02316453623992197,0.9110202094125798,0.08379974106391996,-0.15066642172424916,0.09278963145416373,-0.03038309819283166
NOCAP,S07,J_P10,10,PER,1.7444075344479824,0.11900832724344923,-0.03941807183088164,0.06569757054233237,-0.02316453623992197,0.8945658822942474,0.08645144570751073,-0.14580113011382956,0.09774799346426766,-0.02974720177301143
CAP8,OFF,V2,0,BOOK,-0.11039647019673805,-0.006946976663614213,-0.14177895054341905,0.05126914824224352,-0.02316453623992197,0.6069890000431983,0.03319719419949618,-0.140279847787266,0.056388632858361314,-0.026408606989415398
CAP8,OFF,V2,0,PER,1.5152259817428109,0.10937366392442782,-0.05489486792900533,0.07012448614502072,-0.02316453623992197,0.6856875347438067,0.04468088212813259,-0.1370215407738038,0.06699229076970349,-0.05181797871663933
CAP8,OFF,J_FULL,0,BOOK,-0.11039647019673805,-0.006946976663614213,-0.14177895054341905,0.05126914824224352,-0.02316453623992197,0.9847615731875089,0.06754175761583148,-0.1395799744172559,0.06873835430837219,-0.026408606989415398
CAP8,OFF,J_FULL,0,PER,1.5152259817428109,0.10937366392442782,-0.05489486792900533,0.07012448614502072,-0.02316453623992197,0.900475479137461,0.06581985457928763,-0.13332012225713785,0.07377667990830018,-0.028224999262652456
CAP8,OFF,J_P3,3,BOOK,-0.11039647019673805,-0.006946976663614213,-0.14177895054341905,0.05126914824224352,-0.02316453623992197,0.9861905423658773,0.0689040457141008,-0.14432755280818388,0.0700222609747948,-0.02727568302202678
CAP8,OFF,J_P3,3,PER,1.5152259817428109,0.10937366392442782,-0.05489486792900533,0.07012448614502072,-0.02316453623992197,0.8871733984904274,0.06581067983070654,-0.15452757937980066,0.07497327228101117,-0.028224999262652456
CAP8,OFF,J_P5,5,BOOK,-0.11039647019673805,-0.006946976663614213,-0.14177895054341905,0.05126914824224352,-0.02316453623992197,0.9687326067317593,0.0691473867192196,-0.14595495737429476,0.07163682380801857,-0.02727568302202678
CAP8,OFF,J_P5,5,PER,1.5152259817428109,0.10937366392442782,-0.05489486792900533,0.07012448614502072,-0.02316453623992197,0.8848913152628131,0.06620444213331145,-0.14712039449028025,0.07564048103988254,-0.028224999262652456
CAP8,OFF,J_P10,10,BOOK,-0.11039647019673805,-0.006946976663614213,-0.14177895054341905,0.05126914824224352,-0.02316453623992197,0.9032243978512641,0.0689531410602402,-0.14716201393810668,0.07708008579965177,-0.03043094367988107
CAP8,OFF,J_P10,10,PER,1.5152259817428109,0.10937366392442782,-0.05489486792900533,0.07012448614502072,-0.02316453623992197,0.9040905360266797,0.06846020705510436,-0.14887796745827464,0.07643952328323728,-0.028224999262652456
CAP8,S05,V2,0,BOOK,-0.11039647019673805,-0.006946976663614213,-0.14177895054341905,0.05126914824224352,-0.02316453623992197,0.6522617687351187,0.03644543522903332,-0.13758724754124507,0.05737338764230045,-0.026408606989415398
CAP8,S05,V2,0,PER,1.5152259817428109,0.10937366392442782,-0.05489486792900533,0.07012448614502072,-0.02316453623992197,0.6030367399860245,0.03840596098868998,-0.16348965674524274,0.06609597941787684,-0.074634745172255
CAP8,S05,J_FULL,0,BOOK,-0.11039647019673805,-0.006946976663614213,-0.14177895054341905,0.05126914824224352,-0.02316453623992197,1.0155787320941234,0.07109829849920835,-0.13992516676561328,0.07001152517017999,-0.026408606989415398
CAP8,S05,J_FULL,0,PER,1.5152259817428109,0.10937366392442782,-0.05489486792900533,0.07012448614502072,-0.02316453623992197,0.9194354677478724,0.06726864480276729,-0.1423007801210796,0.07372478453519914,-0.028224999262652456
CAP8,S05,J_P3,3,BOOK,-0.11039647019673805,-0.006946976663614213,-0.14177895054341905,0.05126914824224352,-0.02316453623992197,1.0125445726342257,0.07214620891324919,-0.14402658419834236,0.0712752386989951,-0.02770544851779754
CAP8,S05,J_P3,3,PER,1.5152259817428109,0.10937366392442782,-0.05489486792900533,0.07012448614502072,-0.02316453623992197,0.8959766591741587,0.0664271816534383,-0.16526648850096448,0.07486923870121048,-0.028224999262652456
CAP8,S05,J_P5,5,BOOK,-0.11039647019673805,-0.006946976663614213,-0.14177895054341905,0.05126914824224352,-0.02316453623992197,1.0077673830576692,0.07275897217316163,-0.1456545611770531,0.07224917416251081,-0.02770544851779754
CAP8,S05,J_P5,5,PER,1.5152259817428109,0.10937366392442782,-0.05489486792900533,0.07012448614502072,-0.02316453623992197,0.9043090643271452,0.06770339791338964,-0.1430956893129669,0.07555918857063723,-0.028224999262652456
CAP8,S05,J_P10,10,BOOK,-0.11039647019673805,-0.006946976663614213,-0.14177895054341905,0.05126914824224352,-0.02316453623992197,1.0048911170820465,0.07337777207030372,-0.14686204230301758,0.0730907578311128,-0.02770544851779754
CAP8,S05,J_P10,10,PER,1.5152259817428109,0.10937366392442782,-0.05489486792900533,0.07012448614502072,-0.02316453623992197,0.9133214574385248,0.06910711690077975,-0.14541563080044695,0.07631522877880086,-0.028224999262652456
CAP8,S07,V2,0,BOOK,-0.11039647019673805,-0.006946976663614213,-0.14177895054341905,0.05126914824224352,-0.02316453623992197,0.6347137666807333,0.03477006281349704,-0.13770541767022315,0.05631657540435746,-0.026408606989415398
CAP8,S07,V2,0,PER,1.5152259817428109,0.10937366392442782,-0.05489486792900533,0.07012448614502072,-0.02316453623992197,0.56242832520986,0.03592370852090543,-0.17515169495620864,0.06669231141461889,-0.08623523007666448
CAP8,S07,J_FULL,0,BOOK,-0.11039647019673805,-0.006946976663614213,-0.14177895054341905,0.05126914824224352,-0.02316453623992197,1.0082169081092376,0.06947189276509436,-0.13659357242545545,0.06894471659901243,-0.026408606989415398
CAP8,S07,J_FULL,0,PER,1.5152259817428109,0.10937366392442782,-0.05489486792900533,0.07012448614502072,-0.02316453623992197,0.9245411554761568,0.06734698435005404,-0.14034597817699568,0.07337178198864891,-0.028224999262652456
CAP8,S07,J_P3,3,BOOK,-0.11039647019673805,-0.006946976663614213,-0.14177895054341905,0.05126914824224352,-0.02316453623992197,1.005852392277943,0.07045329870030881,-0.14252197312244086,0.0700983866539008,-0.027653450661129234
CAP8,S07,J_P3,3,PER,1.5152259817428109,0.10937366392442782,-0.05489486792900533,0.07012448614502072,-0.02316453623992197,0.8994666577459578,0.06660922628427812,-0.16188441346476334,0.07476271392726605,-0.028224999262652456
CAP8,S07,J_P5,5,BOOK,-0.11039647019673805,-0.006946976663614213,-0.14177895054341905,0.05126914824224352,-0.02316453623992197,0.9931623937908707,0.07098955601410983,-0.14415281172295924,0.07160558741906932,-0.027653450661129234
CAP8,S07,J_P5,5,PER,1.5152259817428109,0.10937366392442782,-0.05489486792900533,0.07012448614502072,-0.02316453623992197,0.9079733764722434,0.06788647761456756,-0.1448126352569541,0.07543587208067425,-0.028224999262652456
CAP8,S07,J_P10,10,BOOK,-0.11039647019673805,-0.006946976663614213,-0.14177895054341905,0.05126914824224352,-0.02316453623992197,0.9866479343771715,0.07152019949395028,-0.14536241533245275,0.07265734057580286,-0.027653450661129234
CAP8,S07,J_P10,10,PER,1.5152259817428109,0.10937366392442782,-0.05489486792900533,0.07012448614502072,-0.02316453623992197,0.9194136772918575,0.06948201561543876,-0.14657496394336245,0.07618296711080719,-0.028224999262652456
CAP5,OFF,V2,0,BOOK,1.6631851665233996,0.12824471825242267,-0.09449319477272966,0.07421025412225916,-0.020717823528550006,0.5248738207680761,0.023728594693191774,-0.15934948475436128,0.046743709162192525,-0.02835007462710761
CAP5,OFF,V2,0,PER,2.1745248796579064,0.19298025797437623,-0.05120214052575578,0.0827310899711619,-0.0176235591266865,0.4798715656497142,0.026423529948637947,-0.13698023097370438,0.05781748579134617,-0.05181797871663933
CAP5,OFF,J_FULL,0,BOOK,1.6631851665233996,0.12824471825242267,-0.09449319477272966,0.07421025412225916,-0.020717823528550006,0.8872597277195944,0.05011219424658786,-0.13630945163321917,0.056917767524467325,-0.02835007462710761
CAP5,OFF,J_FULL,0,PER,2.1745248796579064,0.19298025797437623,-0.05120214052575578,0.0827310899711619,-0.0176235591266865,0.7813189349879271,0.0487003035918101,-0.13004537024898477,0.06341317036093846,-0.03177969281168337
CAP5,OFF,J_P3,3,BOOK,1.6631851665233996,0.12824471825242267,-0.09449319477272966,0.07421025412225916,-0.020717823528550006,0.9304660327973032,0.05526903652365078,-0.13883265503549402,0.05971425017098451,-0.02835007462710761
CAP5,OFF,J_P3,3,PER,2.1745248796579064,0.19298025797437623,-0.05120214052575578,0.0827310899711619,-0.0176235591266865,0.7838958222714436,0.04979756609922892,-0.14288523577123735,0.06463811942935713,-0.03177969281168337
CAP5,OFF,J_P5,5,BOOK,1.6631851665233996,0.12824471825242267,-0.09449319477272966,0.07421025412225916,-0.020717823528550006,0.8816023803615435,0.055111356016088076,-0.14031320229603683,0.06308902515508263,-0.02835007462710761
CAP5,OFF,J_P5,5,PER,2.1745248796579064,0.19298025797437623,-0.05120214052575578,0.0827310899711619,-0.0176235591266865,0.75498060062476,0.04889325135390843,-0.1452163764044322,0.0660977840415149,-0.03177969281168337
CAP5,OFF,J_P10,10,BOOK,1.6631851665233996,0.12824471825242267,-0.09449319477272966,0.07421025412225916,-0.020717823528550006,0.885778047718678,0.056015032938945275,-0.1406543158315181,0.06380976912087048,-0.02835007462710761
CAP5,OFF,J_P10,10,PER,2.1745248796579064,0.19298025797437623,-0.05120214052575578,0.0827310899711619,-0.0176235591266865,0.7691880786455334,0.050526304918769194,-0.14610950401696332,0.06697558324723685,-0.03177969281168337
CAP5,S05,V2,0,BOOK,1.6631851665233996,0.12824471825242267,-0.09449319477272966,0.07421025412225916,-0.020717823528550006,0.5138667923027161,0.024245437544115456,-0.16020794320455223,0.048930015569885216,-0.028948109706537835
CAP5,S05,V2,0,PER,2.1745248796579064,0.19298025797437623,-0.05120214052575578,0.0827310899711619,-0.0176235591266865,0.38060254102993707,0.02024935883254031,-0.15563016849335864,0.05692941860419812,-0.074634745172255
CAP5,S05,J_FULL,0,BOOK,1.6631851665233996,0.12824471825242267,-0.09449319477272966,0.07421025412225916,-0.020717823528550006,0.9527498988724254,0.055832343426733155,-0.12905931216292932,0.058827656881894876,-0.028948109706537835
CAP5,S05,J_FULL,0,PER,2.1745248796579064,0.19298025797437623,-0.05120214052575578,0.0827310899711619,-0.0176235591266865,0.8277403291438905,0.05023935698556259,-0.13094303894494874,0.06148907854951822,-0.030640087965816777
CAP5,S05,J_P3,3,BOOK,1.6631851665233996,0.12824471825242267,-0.09449319477272966,0.07421025412225916,-0.020717823528550006,0.9421440874474118,0.05627505455329884,-0.13633169046538118,0.06000865037170671,-0.028948109706537835
CAP5,S05,J_P3,3,PER,2.1745248796579064,0.19298025797437623,-0.05120214052575578,0.0827310899711619,-0.0176235591266865,0.8173325894773019,0.050518383718965554,-0.13566879101322604,0.06268725713780074,-0.030640087965816777
CAP5,S05,J_P5,5,BOOK,1.6631851665233996,0.12824471825242267,-0.09449319477272966,0.07421025412225916,-0.020717823528550006,0.92034529414142,0.056401714568555805,-0.13781653746657785,0.06166945770114255,-0.028948109706537835
CAP5,S05,J_P5,5,PER,2.1745248796579064,0.19298025797437623,-0.05120214052575578,0.0827310899711619,-0.0176235591266865,0.7991923421248113,0.05048355316553477,-0.13308576857728782,0.06418703630838489,-0.030640087965816777
CAP5,S05,J_P10,10,BOOK,1.6631851665233996,0.12824471825242267,-0.09449319477272966,0.07421025412225916,-0.020717823528550006,0.9247329778215277,0.05747967141745303,-0.1381586416490821,0.06253816892197875,-0.028948109706537835
CAP5,S05,J_P10,10,PER,2.1745248796579064,0.19298025797437623,-0.05120214052575578,0.0827310899711619,-0.0176235591266865,0.8014559885220517,0.05127955379186111,-0.13455268860592295,0.0650177878226652,-0.030640087965816777
CAP5,S07,V2,0,BOOK,1.6631851665233996,0.12824471825242267,-0.09449319477272966,0.07421025412225916,-0.020717823528550006,0.5339013318351409,0.02453915800366513,-0.16427748873732217,0.0475027040751237,-0.029023254681826007
CAP5,S07,V2,0,PER,2.1745248796579064,0.19298025797437623,-0.05120214052575578,0.0827310899711619,-0.0176235591266865,0.33471339589365323,0.017804636973720367,-0.16795396446041477,0.05771751951171866,-0.08623523007666448
CAP5,S07,J_FULL,0,BOOK,1.6631851665233996,0.12824471825242267,-0.09449319477272966,0.07421025412225916,-0.020717823528550006,0.9714728541926839,0.056218173746118705,-0.13027090723914225,0.05802050609027874,-0.029023254681826007
CAP5,S07,J_FULL,0,PER,2.1745248796579064,0.19298025797437623,-0.05120214052575578,0.0827310899711619,-0.0176235591266865,0.8234654592577322,0.050268757632204286,-0.12954003720350993,0.06186907350818495,-0.031095929904163412
CAP5,S07,J_P3,3,BOOK,1.6631851665233996,0.12824471825242267,-0.09449319477272966,0.07421025412225916,-0.020717823528550006,0.960363531445248,0.05667866177507852,-0.13709993904995343,0.059217987334292885,-0.029023254681826007
CAP5,S07,J_P3,3,PER,2.1745248796579064,0.19298025797437623,-0.05120214052575578,0.0827310899711619,-0.0176235591266865,0.8115537096104314,0.050650491211344795,-0.1379689221981123,0.06333754650648002,-0.031095929904163412
CAP5,S07,J_P5,5,BOOK,1.6631851665233996,0.12824471825242267,-0.09449319477272966,0.07421025412225916,-0.020717823528550006,0.9431730374023466,0.05719092274728532,-0.13858346525288268,0.06091901489115008,-0.029023254681826007
CAP5,S07,J_P5,5,PER,2.1745248796579064,0.19298025797437623,-0.05120214052575578,0.0827310899711619,-0.0176235591266865,0.7936834590281665,0.05061380300283447,-0.1353965579022125,0.06484032925983636,-0.031095929904163412
CAP5,S07,J_P10,10,BOOK,1.6631851665233996,0.12824471825242267,-0.09449319477272966,0.07421025412225916,-0.020717823528550006,0.9241028721315658,0.05780653684443515,-0.13892526512752845,0.06294167523771868,-0.029023254681826007
CAP5,S07,J_P10,10,PER,2.1745248796579064,0.19298025797437623,-0.05120214052575578,0.0827310899711619,-0.0176235591266865,0.7989855351025942,0.051598464331415794,-0.13629994583187188,0.06564853009144402,-0.031095929904163412
