Date,prob,prob_scaled,raw,joint
2020-01-02,0.015471284021000682,0.23475420777137934,-0.0008778228979724224,0
2020-01-03,0.014209400417831811,0.2137948513672327,6.350565788270451e-05,0
2020-01-06,0.01676501783331643,0.25624258276597256,4.970704424455029e-05,0
2020-01-07,0.02213954850554996,0.3455112788497315,-0.008254320126916743,0
2020-01-08,0.037895039106508425,0.6072033572620376,-0.0007078651021499152,0
2020-01-09,0.021871472565660043,0.3410586501338819,0.0010287409845805336,0
2020-01-10,0.020628222339079835,0.3204087862851134,0.008900698357557715,0
2020-01-13,0.015678748155325325,0.2382000998659183,-0.004477915279036882,0
2020-01-14,0.01443848100608764,0.21759978367831762,0.005169723950980275,0
2020-01-15,0.03651550763332921,0.5842899191727471,-0.012913838056808197,0
2020-01-16,0.054219938319853264,0.8783530734601318,-0.020483233615332885,0
2020-01-17,0.04940550481521707,0.7983873559768918,-0.0013234531241350278,0
2020-01-21,0.08707215031057418,1.0,0.00037347940853496423,0
2020-01-22,0.219633879361756,1.0,-0.0013568883872870944,0
2020-01-23,0.02154608067429782,0.3356540275482856,0.00012185852116945686,0
2020-01-24,0.04264534493147977,0.6861039409325461,-0.0003083244350668521,0
2020-01-27,0.051166208400267386,0.8276319026755383,0.001968292840533509,0
2020-01-28,0.02809540470991576,0.4444355477487589,0.000927411941784754,0
2020-01-29,0.017725307414368105,0.27219258919279926,-0.002770531966858541,0
2020-01-30,0.0463317225468495,0.7473331241050473,0.002043426142948469,0
2020-01-31,0.020936892877109634,0.3255356742181841,-0.002761589481045751,0
2020-02-03,0.039761737450444104,0.6382084323666883,0.03130770365198422,0
2020-02-04,0.07378852295853483,1.0,-0.0001706153788601767,0
2020-02-05,0.03487561652200616,0.5570520168972134,-0.00017795006165151374,0
2020-02-06,0.05105054524743446,0.8257107863087317,0.006388702434734807,0
2020-02-07,0.8760692621392702,1.0,0.023231198973178477,0
2020-02-10,0.8963186962106523,1.0,0.002464571152245772,1
2020-02-11,0.9339671311494848,1.0,-0.00477754237859855,1
2020-02-12,0.5864592379727157,1.0,0.028294296875150584,0
2020-02-13,0.6369649109652024,1.0,-0.0028461443847245904,0
2020-02-14,0.035587523423963686,0.5688764913948846,0.0035907123158167194,0
2020-02-18,0.016961517553663482,0.25950636055159915,-0.012354371780178564,0
2020-02-19,0.005853573683252784,0.07500808043087887,0.003726545683282192,0
2020-02-20,0.004283922590494878,0.0489368353488009,-0.012263298527979517,0
2020-02-21,0.0032566955843726414,0.03187502641871113,0.0,0
2020-02-24,0.00898047106026895,0.126944531938366,0.0,0
2020-02-25,0.009597138669345555,0.13718712180091125,0.0,0
2020-02-26,0.01018793383636296,0.14699998127247382,0.0,0
2020-02-27,0.0041338827508100645,0.04644473665849548,0.0,0
2020-02-28,0.0032830433531995267,0.032312651787572394,0.0,0
2020-03-02,0.01796020030269615,0.2760940613657506,-6.14943699634445e-05,0
2020-03-03,0.017266904334707657,0.26457870666097594,-0.0066440787913419,0
2020-03-04,0.11612844589304452,1.0,0.009621443259831032,0
2020-03-05,0.03579404021965193,0.5723066485927454,-0.005848276744261632,0
2020-03-06,0.09436004578063899,1.0,-0.0058999103550993436,0
2020-03-09,0.04973429477513179,0.8038484190532741,-0.006815833910992361,0
2020-03-10,0.17565916953374647,1.0,-0.027697612624033315,0
2020-03-11,0.018130525136010333,0.27892308527646953,-0.0046906439970495605,0
2020-03-12,0.25763457667504874,1.0,-0.09485812011065775,0
2020-03-13,0.926263862238265,1.0,0.0,1
2020-03-16,0.0695831784233073,1.0,0.0,0
2020-03-17,0.09980031887676688,1.0,0.0,0
2020-03-18,0.11946963265705213,1.0,0.0,0
2020-03-19,0.23419900397392848,1.0,0.0,0
2020-03-20,0.15384560007316198,1.0,0.0,0
2020-03-23,0.3730998480585632,1.0,0.0,0
2020-03-24,0.250895662049944,1.0,0.0,0
2020-03-25,0.2522688550994069,1.0,0.0,0
2020-03-26,0.21152317192671527,1.0,0.0,0
2020-03-27,0.1351587983062929,1.0,0.0,0
2020-03-30,0.12511022949987097,1.0,0.0,0
2020-03-31,0.23983429869420553,1.0,0.0,0
2020-04-01,0.1834017809476278,1.0,0.0,0
2020-04-02,0.18285670115867378,1.0,0.0,0
2020-04-03,0.9243261561595638,1.0,-2.898964616107507e-05,1
2020-04-06,0.9269168831863358,1.0,0.014017250202351419,1
2020-04-07,0.8581564415949439,1.0,0.004679711333300101,1
2020-04-08,0.8361362895664193,1.0,-0.005703594604241473,1
2020-04-09,0.09438779423848927,1.0,-0.0025829875801637657,0
2020-04-13,4.177394392981193e-05,0.0,0.008020191995595331,0
2020-04-14,0.046120886649608166,0.7438312284452795,0.014125219301613277,0
2020-04-15,0.02083983336976407,0.323923556585656,0.0054891162815646315,0
2020-04-16,0.025166607364749693,0.3957894545285118,-0.004566151572050921,0
2020-04-17,0.019653474196248005,0.3042186292226174,0.008823660914354511,0
2020-04-20,0.960515030037281,1.0,0.21143449164834408,1
2020-04-21,0.9999846838011021,1.0,0.07199959534648269,0
2020-04-22,0.09254276050713794,1.0,0.00046527973863385626,0
2020-04-23,0.10759863237136316,1.0,0.00023775223431943436,0
2020-04-24,0.05188229745495217,0.8395258409726652,3.705914260622086e-05,0
2020-04-27,0.08280930455663862,1.0,0.0015504198366583547,0
2020-04-28,0.06823272124428127,1.0,0.000781030543028172,0
2020-04-29,0.28760738394364843,1.0,-2.7521869549927478e-05,0
2020-04-30,0.05546243690893954,0.8989904529259648,-0.0013849456300855808,0
2020-05-01,0.010061927198311156,0.14490706396252234,0.0011203145469943943,0
2020-05-04,0.02064774598410571,0.32073306582514205,-0.00020325101136726102,0
2020-05-05,0.09977623593538705,1.0,-0.00017404378179645724,0
2020-05-06,0.03626235181533911,0.5800851074122064,-0.001611377629914788,0
2020-05-07,0.010134954562139737,0.14612001778955902,0.0006655484540448602,0
2020-05-08,0.020016462425236706,0.31024771117817873,0.0009706237513084509,0
2020-05-11,0.015542781943842314,0.23594175822629512,-0.00047439323710930337,0
2020-05-12,0.011167578055945227,0.16327146011245924,-0.0020554652484638344,0
2020-05-13,0.005240249672321636,0.06482102632854705,0.00014224516089273923,0
2020-05-14,0.008867457311409673,0.12506742105828006,0.0002923897841889522,0
2020-05-15,0.01997287078722401,0.30952367238802864,-0.0006097199495257886,0
2020-05-18,0.01280569996230026,0.19047997663689545,0.0009749397339956828,0
2020-05-19,0.9999694346175049,1.0,-0.0020670973280225873,1
2020-05-20,9.792068015106364e-08,0.0,-0.00045629279001455065,0
2020-05-21,1.9915699800019898e-06,0.0,0.0,0
2020-05-22,3.7249830829650803e-06,0.0,0.0,0
2020-05-26,6.359301524026128e-06,0.0,0.0,0
2020-05-27,3.4987014468458615e-07,0.0,0.0,0
2020-05-28,1.958495219374474e-07,0.0,0.0,0
2020-05-29,2.7352493091055307e-06,0.0,-5.649470171184459e-05,0
2020-06-01,7.090886787641354e-05,0.0,0.021242643351575476,0
2020-06-02,4.8069383151044864e-05,0.0,0.01284890132756027,0
2020-06-03,0.000860515033490932,0.0,-0.010456557706863653,0
2020-06-04,0.011119411481896255,0.16247143355713833,0.0,0
2020-06-05,0.013961230401074162,0.20967285167012548,0.0,0
2020-06-08,0.0020283558759727214,0.01147282001150562,0.0,0
2020-06-09,0.003819488628272273,0.04122278239180176,0.0,0
2020-06-10,0.0005405919519243822,0.0,0.0,0
2020-06-11,0.00047858340859254346,0.0,0.0,0
2020-06-12,0.0013381124058923454,8.166014322726022e-06,-4.4184639224374613e-05,0
2020-06-15,0.0026275952243969653,0.02142593378798407,0.006676725173665293,0
2020-06-16,0.002558947769120628,0.02028572840155912,0.00659312322083533,0
2020-06-17,0.0039292354095430155,0.04304563031302448,0.004175526659706259,0
2020-06-18,0.008196250768775858,0.11391896242665257,0.0,0
2020-06-19,0.012383701985576265,0.18347076756739353,0.0,0
2020-06-22,0.009807036554540703,0.14067343747474528,0.0,0
2020-06-23,0.008450981980999292,0.11814994082342693,0.0,0
2020-06-24,0.004384669092920603,0.05061019242033219,-4.5987597518817084e-05,0
2020-06-25,0.0035940267323143066,0.03747795503920697,-0.004999164795434525,0
2020-06-26,0.0035298307907027436,0.03641168742422437,-5.592892908096769e-05,0
2020-06-29,0.008695748890374036,0.1222154163368925,0.00013626388607142816,0
2020-06-30,0.02033337022000277,0.315511416484337,0.010619505380141545,0
2020-07-01,0.023268242146780437,0.3642584059526088,0.00492169144723855,0
2020-07-02,0.0027646957169910093,0.023703115360235696,0.0,0
2020-07-06,0.008193167938133435,0.11386775790508981,0.0,0
2020-07-07,0.019588412258976506,0.3031379777836153,0.0,0
2020-07-08,0.004954646220096703,0.06007727299788748,0.0,0
2020-07-09,0.0025165591867515077,0.019581671860123873,0.0,0
2020-07-10,0.00620806031931609,0.08089595450032547,0.0,0
2020-07-13,0.0022558717213108613,0.015251762600233934,0.0,0
2020-07-14,0.002326093627480524,0.01641811895441151,0.0,0
2020-07-15,0.0023675941605352433,0.017107425369893577,0.0,0
2020-07-16,0.007389554554156989,0.1005200772762207,0.0,0
2020-07-17,0.01134700031677867,0.16625158847152682,0.0,0
2020-07-20,0.00601511263136547,0.07769117448023678,0.0,0
2020-07-21,0.007775416575518101,0.10692908331150215,0.0,0
2020-07-22,0.009294491855620741,0.13216028539737265,0.0,0
2020-07-23,0.015301473665603202,0.23193372912267288,0.0,0
2020-07-24,0.009187187794617408,0.13037801003335858,0.0,0
2020-07-27,0.009835342069681535,0.14114358018723464,0.0,0
2020-07-28,0.004185269860856348,0.04729825496345996,0.0,0
2020-07-29,0.005542794554736536,0.06984616969585963,0.0,0
2020-07-30,0.004966435183216321,0.06027308272157271,0.0,0
2020-07-31,0.006593421786708986,0.08729664654452804,0.0,0
2020-08-03,0.007076239372340227,0.09531604376153154,0.0,0
2020-08-04,0.006329931842363333,0.0829201892876298,0.0,0
2020-08-05,0.005711602916217695,0.07265000564665465,0.0,0
2020-08-06,0.005545312170282486,0.06988798623217382,0.0,0
2020-08-07,0.004712315719335734,0.056052265207715904,-1.7693224569398262e-05,0
2020-08-10,0.006065119890062282,0.07852177403410117,0.001734986584351431,0
2020-08-11,0.007081245101664832,0.09539918682220179,0.002122355464178655,0
2020-08-12,0.009220360557601488,0.1309289956873029,0.0017036367739198064,0
2020-08-13,0.008657599216168986,0.12158176627886988,0.000514893665041681,0
2020-08-14,0.006206837360902577,0.08087564167496511,-0.0008926505842562805,0
2020-08-17,0.0063201750374589204,0.08275813285798464,0.003930399872603374,0
2020-08-18,0.008134491645951264,0.11289316934776834,-0.0011439225630413912,0
2020-08-19,0.006144293147033606,0.07983680856372966,0.0015826632938103892,0
2020-08-20,0.009695638837899824,0.13882316821074892,0.001449420765722615,0
2020-08-21,0.006271963416645372,0.0819573580948328,0.0,0
2020-08-24,0.005785259898628086,0.07387341717376897,-1.6279016334468847e-05,0
2020-08-25,0.005816782850189076,0.07439700015322782,-1.0473411462122956e-06,0
2020-08-26,0.011174844647563902,0.1633921551458179,-0.0028920004560560493,0
2020-08-27,0.0025736391035086977,0.020529745292434624,-0.0024495798883522376,0
2020-08-28,0.004469972463516117,0.05202704556137987,0.006003718287495001,0
2020-08-31,0.009473328840114101,0.13513069256236498,1.4188294634849552e-05,0
2020-09-01,0.016425169610282026,0.25059784658586326,0.025612560419511217,0
2020-09-02,0.024755108206876347,0.3889546264285072,-0.009568457432170857,0
2020-09-03,0.5216690267666761,1.0,-0.011795837452093418,0
2020-09-04,0.1840503559122977,1.0,0.012244515274605796,0
2020-09-08,0.11891210339761303,1.0,-0.0038147194256606524,0
2020-09-09,0.15812767015006807,1.0,0.0028542318789135674,0
2020-09-10,0.08591254048811131,1.0,-0.0040584871808442375,0
2020-09-11,0.037357199791221395,0.5982700722356257,0.00769874806747242,0
2020-09-14,0.05690962156412117,0.9230275819403948,0.005612402057075663,0
2020-09-15,0.03820017165644066,0.612271480699473,-0.012288096038225553,0
2020-09-16,0.012028417772794772,0.1775696460838002,-0.018641914960526314,0
2020-09-17,0.01078300643284299,0.15688388705003134,0.016372620306164577,0
2020-09-18,0.011230952153165464,0.1643240772374416,-0.00666842254752076,0
2020-09-21,0.04372624007923592,0.7040571551437796,-0.004408793333396829,0
2020-09-22,0.017160067753484994,0.26280419593968346,-0.011679631048712278,0
2020-09-23,0.019315063694530527,0.2985977729894506,-0.001281174122594637,0
2020-09-24,0.038388437988568475,0.6153985053664544,0.0001127264688175326,0
2020-09-25,0.04165051517067845,0.6695802366338887,0.008259828789937574,0
2020-09-28,0.0201772659871539,0.3129185907718394,0.0038166057986015836,0
2020-09-29,0.02671776180907993,0.4215534780525125,0.0005463784370599288,0
2020-09-30,0.023529315928691546,0.3685947317667426,0.011345946908735903,0
2020-10-01,0.01567478869974993,0.23813433497257736,0.012398280228492101,0
2020-10-02,0.010210424380178286,0.14737353975470208,-0.00021039199230941328,0
2020-10-05,0.027731021034783837,0.4383832880191262,-0.0028445265443411798,0
2020-10-06,0.011528290776211335,0.1692627468243089,0.018263815238747174,0
2020-10-07,0.007080551822058533,0.09538767173925781,-0.009896209270046644,0
2020-10-08,0.011774124802452587,0.1733459467005238,0.0016829669421866713,0
2020-10-09,0.004008157030300322,0.04435648527087588,0.01336760454104892,0
2020-10-12,0.004271893646424465,0.04873703964236316,-0.006630022202481886,0
2020-10-13,0.006025423236365292,0.07786242929675946,-0.005528256016131805,0
2020-10-14,0.004012879701085959,0.0444349268481553,0.00301855220826666,0
2020-10-15,0.00607207407377505,0.07863728010341675,-0.002211144911690012,0
2020-10-16,0.011979658048055453,0.176759767544755,-0.008404111152880984,0
2020-10-19,0.0076093989254624435,0.10417159990482557,-0.022273452505329795,0
2020-10-20,0.007006314823550627,0.09415462638848698,0.0003904597424979209,0
2020-10-21,0.01097061971617599,0.1600000648509424,0.00040102952361967546,0
2020-10-22,0.022189161634137183,0.34633533206808936,0.006199750710947732,0
2020-10-23,0.019864238589260143,0.3077193372271843,0.009214996021265524,0
2020-10-26,0.02079212107799587,0.32313107546812897,0.0011720931399713365,0
2020-10-27,0.020272601399846556,0.3145020719166486,0.011481820401543129,0
2020-10-28,0.009719218988018922,0.1392148245958294,0.00807937570007934,0
2020-10-29,0.009737793523520171,0.13952333982547066,0.002934901413781836,0
2020-10-30,0.006119309453709299,0.07942183991578061,0.0,0
2020-11-02,0.008575702552909016,0.12022149711516449,-0.0001074706046117721,0
2020-11-03,0.010093057788477236,0.1454241299840823,-0.005451063010870441,0
2020-11-04,0.017773290004110105,0.27298955984609174,0.01091416605595644,0
2020-11-05,0.009228673479777294,0.1310670698315466,0.005277349851715895,0
2020-11-06,0.01691901424659297,0.2588003984810812,0.01400392691230261,0
2020-11-09,0.013092680806250576,0.19524660786533254,0.0,0
2020-11-10,0.006120656868420151,0.07944421990794315,0.0,0
2020-11-11,0.005864257019856976,0.07518552616272799,0.0,0
2020-11-12,0.0065625582733024905,0.08678401655571889,0.0,0
2020-11-13,0.006803537808185406,0.09078658537033293,0.0,0
2020-11-16,0.007754503621155074,0.10658172792717224,-1.659034297214113e-05,0
2020-11-17,0.006372259114628146,0.08362322749399505,0.002577347698490883,0
2020-11-18,0.004413108296537514,0.05108255564223322,-0.0032827121288313624,0
2020-11-19,0.004681290200702858,0.05553694438017131,0.0009498509198763818,0
2020-11-20,0.006660906412721894,0.08841753782550921,-0.005370297684746648,0
2020-11-23,0.003896214027263301,0.04249715902896939,-0.0028533232257982053,0
2020-11-24,0.00346582080128238,0.035348508397000315,0.0006936114388280479,0
2020-11-25,0.0010562007377439015,0.0,0.0006681069326118403,0
2020-11-27,0.00021961922351152222,0.0,0.0034929901052866133,0
2020-11-30,0.00015003397051859585,0.0,0.005416161490667332,0
2020-12-01,0.00026408036153391623,0.0,-0.00842522666067885,0
2020-12-02,0.0007925172438008484,0.0,-0.0012337807381681961,0
2020-12-03,0.008386147958615385,0.11707307495493774,-0.0012087368095362995,0
2020-12-04,0.0009943416799635203,0.0,0.0009605538388337777,0
2020-12-07,0.0004681789667117668,0.0,-0.0004726898418927046,0
2020-12-08,0.0002534458595842227,0.0,-0.002429895496189833,0
2020-12-09,0.00035446515177697894,0.0,-0.0011470083422706785,0
2020-12-10,0.02370718817654152,0.3715491150614714,-0.0015074355829359095,0
2020-12-11,0.09990514260999116,1.0,0.0007996269630834077,0
2020-12-14,0.08697968533551281,1.0,0.0011233365201462567,0
2020-12-15,0.00015581515543655136,0.0,0.0017666245027306146,0
2020-12-16,0.00018865951979726308,0.0,-0.001342124754191106,0
2020-12-17,1.9443114510987935e-05,0.0,0.0013392852164202957,0
2020-12-18,5.156357406446373e-05,0.0,-0.00022740352213416727,0
2020-12-21,3.764641503357608e-05,0.0,-0.00011362931943367666,0
2020-12-22,0.002447264128758436,0.018430710064697136,0.0012440090809463298,0
2020-12-23,0.0023489538843760737,0.016797818215548557,-0.0002459717469995979,0
2020-12-24,0.0010224335889418958,0.0,0.0002494119296903755,0
2020-12-28,0.0012179198980800828,0.0,-0.0022473582320997245,0
2020-12-29,0.0016380838139155073,0.004990565053364498,0.0018574583545533639,0
2020-12-30,0.0035384234359091037,0.036554407650465685,0.0019102425809742135,0
2020-12-31,0.39704578741377466,1.0,-0.005004114663693819,0
2021-01-04,0.148569753017108,1.0,-0.00462188745188277,0
2021-01-05,0.16806861606293405,1.0,-0.004242208051401817,0
2021-01-06,0.0048602730221081695,0.05850977383499038,-9.844198968277647e-07,0
2021-01-07,0.0019313536089710318,0.009861653117036885,0.002406575175920985,0
2021-01-08,5.7070030889319315e-05,0.0,-0.003989812610494131,0
2021-01-11,0.00010114808050475183,0.0,0.006984175062481426,0
2021-01-12,0.0001511742851974855,0.0,0.0007988120363900462,0
2021-01-13,0.0004750211987186925,0.0,0.00400964514693171,0
2021-01-14,0.0021624953070180013,0.01370081959567268,0.005503060111726234,0
2021-01-15,0.0014371893036774618,0.0016537916543426852,0.0019665373187716653,0
2021-01-19,0.004082680832343067,0.04559429430784529,-0.003134651169494497,0
2021-01-20,0.007682037061528807,0.10537808882228564,0.0,0
2021-01-21,0.004113622364194845,0.046108220150247174,0.0,0
2021-01-22,0.0034675142675256597,0.035376636159705335,0.0,0
2021-01-25,0.003493332272863039,0.03580546237961294,0.0,0
2021-01-26,0.003821522834582,0.04125656970383122,0.0,0
2021-01-27,0.00395675619749968,0.04350273903672782,0.0,0
2021-01-28,0.003530862025836974,0.03642881580647811,0.0,0
2021-01-29,0.003964817570387904,0.043636635053005954,0.0,0
2021-02-01,0.004256538875669022,0.048482003352202076,-2.235626492262575e-05,0
2021-02-02,0.0036582624502050944,0.03854488332147348,0.0013418984420097142,0
2021-02-03,0.005865108944312546,0.07519967626995568,0.0,0
2021-02-04,0.0034033623471957,0.03431109971971237,0.0,0
2021-02-05,0.003501516495519362,0.035941398878917626,-1.7815002050237433e-05,0
2021-02-08,0.003341012940951748,0.03327550228127015,0.001154375096890063,0
2021-02-09,0.012844812198438584,0.19112961444416043,0.001647047623632091,0
2021-02-10,0.054751038920084205,0.8871744312610754,0.0007222377404693396,0
2021-02-11,0.012193563816440888,0.180312652474264,0.0012421437103854417,0
2021-02-12,0.011090033435396664,0.16198347654945852,0.010642517274391323,0
2021-02-16,0.009620170886068253,0.1375696772425196,0.05446452211503976,0
2021-02-17,0.0035626031101364205,0.03695602187906319,-0.0012830654898634275,0
2021-02-18,0.0030628159671582974,0.0286547674451494,0.0,0
2021-02-19,0.0031435548843271456,0.029995806932767106,-1.8024585816445303e-05,0
2021-02-22,0.003579945872239403,0.03724407787015137,-0.0009421206045828385,0
2021-02-23,0.0012473363324555522,0.0,0.0005728147996529646,0
2021-02-24,0.0004841671331961933,0.0,-0.0013694512966847027,0
2021-02-25,0.00034429815176781895,0.0,0.005311542795552329,0
2021-02-26,0.001339077421108108,2.41945115563855e-05,-0.014450568370391288,0
2021-03-01,0.0014095361734571211,0.0011944847812500204,0.016745486636589695,0
2021-03-02,0.002874233455665477,0.025522491171774166,0.0007594726673499314,0
2021-03-03,0.020245992982626266,0.31406011728749755,0.0,0
2021-03-04,0.0035113493507755557,0.036104718472949444,-1.0069291000283032e-05,0
2021-03-05,0.002985957176812651,0.027378175233632715,0.002244102981571575,0
2021-03-08,0.00463434617520516,0.054757223842571194,-0.0005031248426670053,0
2021-03-09,0.001923837401114911,0.009736812062863207,0.0,0
2021-03-10,0.0038378279142159046,0.04152739022514302,0.0,0
2021-03-11,0.0038384430847384077,0.04153760794902665,0.0,0
2021-03-12,0.0033876685769575654,0.03405043279059163,-9.91858350278278e-06,0
2021-03-15,0.003358469459558286,0.03356544772008183,0.0006876364281189849,0
2021-03-16,0.0005889479348050244,0.0,-0.0005691338098419947,0
2021-03-17,0.0014276138254704297,0.0014947469849473998,0.0010739767585904194,0
2021-03-18,0.003385421585384405,0.03401311120474907,0.0006843608366020366,0
2021-03-19,0.004593888077720304,0.0540852318438723,0.0009692907696086758,0
2021-03-22,0.0032226589494382986,0.03130969221467262,0.00022093009341070816,0
2021-03-23,0.008170576237368842,0.11349251924844046,0.0,0
2021-03-24,0.010017146834418315,0.14416328093500658,0.0,0
2021-03-25,0.008323768226537747,0.11603697381714094,0.0,0
2021-03-26,0.010931838309130727,0.1593559219758985,0.0,0
2021-03-29,0.007177323631991485,0.09699501083865307,0.0,0
2021-03-30,0.006133489065926357,0.07965735731642168,0.0,0
2021-03-31,0.006198791705909803,0.08074200672632574,0.0,0
2021-04-01,0.008249847846024025,0.11480918735821037,-2.2540911403787456e-05,0
2021-04-05,0.00838303008706359,0.11702128841859452,-0.0011702685185241298,0
2021-04-06,0.0056972514167931455,0.07241163327172428,0.0008313369917983672,0
2021-04-07,0.017097375148820437,0.2617628981196872,0.00018979038446042523,0
2021-04-08,0.0112683803930504,0.16494574457455438,-0.0019993331654331245,0
2021-04-09,0.012707041341097116,0.1888412983951419,-0.00029331562032896614,0
2021-04-12,0.014911393641854504,0.22545466384014157,0.00048278977492250785,0
2021-04-13,0.03300687809566983,0.526013056881132,0.0008744662081318563,0
2021-04-14,0.00675170516812652,0.08992566699907119,0.0005824571984362483,0
2021-04-15,0.0063636688174712385,0.08348054626786848,-0.0004879284025601391,0
2021-04-16,0.00654531173485707,0.08649755879914955,-0.0015616988464267165,0
2021-04-19,0.004785096919914751,0.057261130366615315,-0.00029408411959342063,0
2021-04-20,0.009157703975786026,0.12988829619169334,-0.004463549612331047,0
2021-04-21,0.00425818312097046,0.048509313575745776,0.0015433360365282385,0
2021-04-22,0.0027758634151816507,0.023888606134506638,-3.9344965912732033e-07,0
2021-04-23,0.000872743541450702,0.0,-3.555394796231978e-07,0
2021-04-26,0.0008877414054266505,0.0,0.002059991401055379,0
2021-04-27,0.0013679707531098905,0.0005041006151050295,0.002333383879460497,0
2021-04-28,0.0016710729772625682,0.005538501194486645,0.0006250110682402845,0
2021-04-29,0.0027055267176817103,0.022720343144568556,-0.0012467691268316318,0
2021-04-30,0.008371504408316936,0.11682985173771192,-0.0010917028379088863,0
2021-05-03,0.011199478961585678,0.16380132075036136,0.006604352997178296,0
2021-05-04,0.005090301823958432,0.062330455575438745,-0.002322189911799669,0
2021-05-05,0.001815825382210617,0.007942777815598668,0.0,0
2021-05-06,0.003768741519822533,0.040379894244426694,0.0,0
2021-05-07,0.004055234605237622,0.04513842400855019,0.0,0
2021-05-10,0.0038583037233700284,0.04186748481124181,0.0,0
2021-05-11,0.004014210575036426,0.04445703210523828,0.0,0
2021-05-12,0.00407916192020056,0.04553584665580793,0.0,0
2021-05-13,0.005129010234208639,0.06297338600439008,0.0,0
2021-05-14,0.006539242006625937,0.08639674316373504,0.0,0
2021-05-17,0.005473160691873334,0.06868958049390611,0.0,0
2021-05-18,0.00515245240786475,0.06336275065839816,0.0,0
2021-05-19,0.0050457437395702055,0.061590364517092606,0.0,0
2021-05-20,0.005553623220479294,0.07002602928363293,0.0,0
2021-05-21,0.006357671952259893,0.08338094085659553,-3.166344586383771e-05,0
2021-05-24,0.005880603995374281,0.07545704255705839,-0.008461964667764652,0
2021-05-25,0.004154810469529976,0.046792337272589246,0.003197972525793181,0
2021-05-26,0.005533295254229484,0.06968839030605109,0.0013727457170964743,0
2021-05-27,0.0091937340032003,0.1304867398071984,-0.000857750381380612,0
2021-05-28,0.008018585287730062,0.11096801344165759,0.012054446089621768,0
2021-06-01,0.006721376389438904,0.0894219187292467,-0.013788420617248673,0
2021-06-02,0.012326696606864251,0.1825239321806922,-0.0001342680056371014,0
2021-06-03,0.0005553610827258715,0.0,-0.00023322605653961702,0
2021-06-04,0.0020741702487353025,0.012233777491856416,-0.002749086062335002,0
2021-06-07,0.002378557119037913,0.01728951550397909,0.0,0
2021-06-08,0.004601687518629157,0.05421477728003711,0.0,0
2021-06-09,0.004275651306824501,0.04879945280263588,0.0,0
2021-06-10,0.0044670114649887245,0.0519778646200538,0.0,0
2021-06-11,0.004685083789960498,0.05559995430367149,0.0,0
2021-06-14,0.0035298136589816363,0.03641140287353553,0.0,0
2021-06-15,0.004143148129143078,0.04659863069928753,-0.0001693121693121693,0
2021-06-16,0.004045617130952752,0.044978681801948805,-0.009151764850244265,0
2021-06-17,0.009701746650174484,0.13892461640612347,0.002736932047755542,0
2021-06-18,0.010975647869041144,0.1600835803571988,0.01242793990689596,0
2021-06-21,0.012932530837351882,0.19258658417706886,-0.012357921265490417,0
2021-06-22,0.007054570223683603,0.09495612830773842,0.026699253194277548,0
2021-06-23,0.007647032954499734,0.10479668531328619,0.027120955164302477,0
2021-06-24,0.03302797685665596,0.5263634984353956,0.0049490600876528415,0
2021-06-25,0.0036248180473606355,0.03798938584359156,0.0,0
2021-06-28,0.00370768840934121,0.03936582773389724,-0.00013093416301973592,0
2021-06-29,0.0038924714592676346,0.042434996547191406,0.010524773660942614,0
2021-06-30,0.0029801692034778864,0.027282039428653253,-0.0032746172260827073,0
2021-07-01,0.005290036024692285,0.06564795672115889,0.0,0
2021-07-02,0.004027404678744447,0.044676180623655685,-0.00012364856032603017,0
2021-07-06,0.004370277426712854,0.050371152892010995,-0.014367164335101362,0
2021-07-07,0.005868900557015344,0.0752626533637105,-0.00011766546280012952,0
2021-07-08,0.005872416927404189,0.0753210587982876,0.012932630841664763,0
2021-07-09,0.004093310004615535,0.04577084039290439,-0.0013460999713932975,0
2021-07-12,0.0061471672269545865,0.07988454582352648,0.0,0
2021-07-13,0.005399689906159575,0.06746926161568285,0.0,0
2021-07-14,0.004888343244248114,0.05897600842960531,0.0,0
2021-07-15,0.006495567904258954,0.08567133467531182,0.0,0
2021-07-16,0.0073458658278643205,0.09979442589053682,0.0,0
2021-07-19,0.006608744890751659,0.08755115686389639,0.0,0
2021-07-20,0.01086184007520426,0.15819328072369315,0.0,0
2021-07-21,0.011618986102371293,0.170769158081578,0.0,0
2021-07-22,0.008716871091745699,0.12256624722611009,0.0,0
2021-07-23,0.007555850740415493,0.10328218705218543,0.0,0
2021-07-26,0.007586524266763237,0.10379166143578143,0.0,0
2021-07-27,0.008154055539403189,0.11321811739724132,0.0,0
2021-07-28,0.0076091854024327036,0.10416805337702413,0.0,0
2021-07-29,0.007181726305958996,0.09706813740324634,0.0,0
2021-07-30,0.006759423016212734,0.09005385721273734,0.0,0
2021-08-02,0.007571994897471478,0.10355033471709778,0.0,0
2021-08-03,0.009317970318988088,0.13255025280823537,0.0,0
2021-08-04,0.008530139298465718,0.11946471060457686,0.0,0
2021-08-05,0.0094821250112896,0.13527679326943196,0.0,0
2021-08-06,0.009177360904076058,0.13021478951073395,0.0,0
2021-08-09,0.011045390202192326,0.16124197120505637,0.0,0
2021-08-10,0.012333860849789336,0.18264292724525732,0.0,0
2021-08-11,0.011600372323844758,0.17045999104177673,0.0,0
2021-08-12,0.009178569141118207,0.1302348578203019,0.0,0
2021-08-13,0.008279784131816782,0.1153064164859771,0.0,0
2021-08-16,0.008850214152343387,0.12478101943177813,0.0,0
2021-08-17,0.006190122558549326,0.08059801583145079,0.0,0
2021-08-18,0.007202242714729117,0.09740890633190685,0.0,0
2021-08-19,0.01008157635630091,0.14523342822014043,-9.446781511500226e-06,0
2021-08-20,0.013201547859209834,0.19705484386896405,-0.0007985695674913168,0
2021-08-23,0.00887411122176578,0.12517793971331662,-0.0021346520063463335,0
2021-08-24,0.006731196617982733,0.08958502859889188,0.008957805709342185,0
2021-08-25,0.01464947534775335,0.22110431103339578,-0.003287153917038521,0
2021-08-26,0.0036473003446773587,0.03836280735494321,0.0020007351610089198,0
2021-08-27,0.0027435805868697496,0.023352401921515956,-0.0028041424468873014,0
2021-08-30,0.00021995904500530603,0.0,-0.002062204815278174,0
2021-08-31,0.00038898153490594077,0.0,-0.002366230636448929,0
2021-09-01,3.837512471419163e-05,0.0,0.017914515692567145,0
2021-09-02,0.0002134480352782177,0.0,-0.0004848374035575973,0
2021-09-03,0.0002797818128890318,0.0,-0.0019641964174353385,0
2021-09-07,0.022653305475864423,0.35404456624556935,-0.00013866161816214944,0
2021-09-08,0.011142122581038246,0.16284865537066498,0.0002742019090906972,0
2021-09-09,0.005274771364814719,0.06539441713481468,-6.808124653219754e-05,0
2021-09-10,0.01588274915805836,0.2415884707999313,0.0007444610252583567,0
2021-09-13,0.025714619882678508,0.4048917121760159,0.0009430989524736209,0
2021-09-14,0.002542050156013437,0.020005066148239072,-0.000529408943392867,0
2021-09-15,0.0029332687332233828,0.026503042325340648,0.0018884364506207261,0
2021-09-16,0.005950025167212709,0.07661009905046336,-0.001359540968627176,0
2021-09-17,0.00464745841748588,0.054975012677079375,-0.0019863679815636665,0
2021-09-20,0.009360920811692772,0.13326364244422917,-0.0016834401717980745,0
2021-09-21,0.0025265806494472872,0.01974812414447422,-0.0010800292656113733,0
2021-09-22,0.0012776478995309927,0.0,-0.0010026064348347711,0
2021-09-23,0.06253854325493743,1.0,-5.665049709165868e-06,0
2021-09-24,0.12010493778081542,1.0,-0.0011522967934837528,0
2021-09-27,0.14133214651671172,1.0,0.0001986130123811477,0
2021-09-28,0.09737576241880268,1.0,0.0018753307743908337,0
2021-09-29,0.15794843409061768,1.0,-0.00014946524717915677,0
2021-09-30,0.018856361667045338,0.29097892505987644,0.00887350783105817,0
2021-10-01,0.019561531290588793,0.3026914961940996,0.0006201202570505192,0
2021-10-04,0.0037319801108981,0.03976930268936497,-0.0038630710703827014,0
2021-10-05,0.0002222341942213549,0.0,0.00015749421995013232,0
2021-10-06,0.0002461820127292514,0.0,-0.00032737790852751804,0
2021-10-07,0.00010135042475291879,0.0,-4.1361918934093234e-07,0
2021-10-08,6.750638561672623e-05,0.0,0.009894400273463142,0
2021-10-11,0.00011578948954152659,0.0,-0.0014687008919024819,0
2021-10-12,0.0006655226221413492,0.0,0.004632193195338772,0
2021-10-13,0.002292874757513009,0.01586636748284652,0.0005122637828734252,0
2021-10-14,0.003108284923225996,0.029409987699342565,0.0,0
2021-10-15,0.003328508276386885,0.03306780505731773,0.0,0
2021-10-18,0.0028923689937815516,0.0258237148393147,0.0,0
2021-10-19,0.002422294691141317,0.01801597819805423,-2.25907688815664e-05,0
2021-10-20,0.002380578320448528,0.01732308681009897,-0.002287085355114761,0
2021-10-21,0.03553932770253769,0.5680759807138791,0.002184202162874639,0
2021-10-22,0.00805164892611029,0.11151718658178619,-0.004897694400428022,0
2021-10-25,0.009270820967105815,0.13176712188566578,0.006694151224784514,0
2021-10-26,0.008815896300702774,0.12421101433641596,-0.007191491985697036,0
2021-10-27,0.009274418680356604,0.13182687839099944,0.002284957079285267,0
2021-10-28,0.004143948151444731,0.046611918733547975,-0.005404955792869211,0
2021-10-29,0.010066833763481577,0.1449885599482605,0.0,0
2021-11-01,0.003728031543022319,0.0397037186361396,0.0,0
2021-11-02,0.004161758222705647,0.046907736533385765,0.0,0
2021-11-03,0.00468276751803798,0.05556148200033776,0.0,0
2021-11-04,0.005238821604557035,0.06479730672305224,0.0,0
2021-11-05,0.006563164086025634,0.08679407885048733,0.0,0
2021-11-08,0.0058848701770645015,0.07552790204228003,-9.423938647967177e-05,0
2021-11-09,0.006123849442708363,0.0794972472253481,5.465855745959776e-05,0
2021-11-10,0.006212206692636787,0.08096482401887291,-0.004430874775170123,0
2021-11-11,0.011630334332381928,0.17095764741351943,0.005929431664904476,0
2021-11-12,0.010513789786860005,0.15241231168530156,0.005189451512867198,0
2021-11-15,0.014583808900608838,0.22001361893941845,0.0040530170917355765,0
2021-11-16,0.012809082905894822,0.19053616590848554,0.02240990156171538,0
2021-11-17,0.02956296384045595,0.4688110882375238,-0.005938802951441911,0
2021-11-18,0.03717508371060695,0.595245200661941,0.0024489443022183074,0
2021-11-19,0.00884062546203846,0.12462175531498856,-0.01293826858223475,0
2021-11-22,0.013429937871012732,0.20084830599534656,0.009908301677131467,0
2021-11-23,0.01396530328888691,0.20974050062526453,0.02892826793044758,0
2021-11-24,0.027755711297375342,0.4387933829059032,0.0006917075876873365,0
2021-11-26,0.01089333495465781,0.15871639743724336,-0.005168492037080994,0
2021-11-29,0.058387048631746825,0.9475670247176344,0.006956102797262773,0
2021-11-30,0.0006744826680247112,0.0,-0.006925273709335881,0
2021-12-01,0.6016335877957975,1.0,0.02179700354159444,1
2021-12-02,0.043216033036283935,0.6955828305497502,-0.0022379078065030084,0
2021-12-03,0.06787291754222188,1.0,-0.010033656414142795,0
2021-12-06,0.043775733332124596,0.7048792172771565,0.012404235822762646,0
2021-12-07,0.3964090859815037,1.0,-0.005001092665395678,0
2021-12-08,0.024765308512739007,0.3891240492227094,0.04732254408791496,0
2021-12-09,0.1653782553183163,1.0,0.018397689506756958,0
2021-12-10,0.11126439703703275,1.0,-2.613744696400111e-07,0
2021-12-13,0.09650775933204901,1.0,0.0013560280581891887,0
2021-12-14,0.12008858591892875,1.0,0.0004515209618905388,0
2021-12-15,0.04037432009381881,0.6483831726654309,-0.0001336027264944646,0
2021-12-16,0.034714092213054354,0.5543691659981663,0.0012219485249708052,0
2021-12-17,0.029504119007270815,0.4678337002849642,-7.254638254975078e-05,0
2021-12-20,0.03683087917499789,0.5895281079604925,0.0,0
2021-12-21,0.03582257234673196,0.5727805552343223,0.0,0
2021-12-22,0.042853493521067036,0.6895612015413886,0.0,0
2021-12-23,0.019393380692274722,0.29989858541311726,0.0,0
2021-12-27,0.015875520530331356,0.24146840633086084,0.0,0
2021-12-28,0.005094689527348143,0.06240333348502541,0.0,0
2021-12-29,0.01085532194111585,0.15808501725540974,0.0,0
2021-12-30,0.0028501175821408486,0.02512193664603922,0.0,0
2021-12-31,0.003104002644281485,0.02933886084549124,0.0,0
2022-01-03,0.00459236880538528,0.05405999736878698,0.0,0
2022-01-04,0.01654198261917494,0.2525380615786558,0.0,0
2022-01-05,0.007680683915960272,0.1053556136429851,0.0,0
2022-01-06,0.01105680449753452,0.16143155785439428,0.0,0
2022-01-07,0.012619558529819053,0.18738824566015977,-0.00013982765118473718,0
2022-01-10,0.00692858895858513,0.09286363243188003,-0.004727975690156709,0
2022-01-11,0.005080527034866915,0.06216810043600276,0.006886063997209316,0
2022-01-12,0.0036310702776352517,0.03809323276126082,-0.0002639923345549491,0
2022-01-13,0.0031560368120883333,0.030203126507964514,0.003634518061515178,0
2022-01-14,0.0017414253348342176,0.006707024291635439,-0.0036024546831284307,0
2022-01-18,0.00224301998859023,0.015038300720052501,-0.016830010514607627,0
2022-01-19,0.0009878340348639027,0.0,-0.007626892711225076,0
2022-01-20,0.0011251216419844556,0.0,0.004403938654736019,0
2022-01-21,0.0060635643570599775,0.07849593728456909,0.03235562268069867,0
2022-01-24,0.017095496657685904,0.2617316971712861,0.001898629455603369,0
2022-01-25,0.016303844014384825,0.24858267941912213,0.005281336787915153,0
2022-01-26,0.0068043140634981986,0.09079947864489532,0.017033379626145685,0
2022-01-27,0.005432928525553003,0.06802134111691352,0.012171648301058484,0
2022-01-28,0.00280001189808572,0.024289702288331612,0.0,0
2022-01-31,0.001346044876541068,0.00013992101856756802,0.0,0
2022-02-01,0.0025148517690981942,0.019553312370360586,-0.00016343393311248262,0
2022-02-02,0.002714206163300857,0.022864505089192667,0.022810440271238526,0
2022-02-03,0.007683483832960369,0.10540211908782937,-0.010910406706800501,0
2022-02-04,0.21805245045021363,1.0,0.0,0
2022-02-07,0.0026944110749653736,0.022535716989852066,-0.0001502709236220603,0
2022-02-08,0.0027646744150578266,0.023702761544076623,-0.00920773636541326,0
2022-02-09,0.004055973911521838,0.04515070357527394,0.0,0
2022-02-10,0.003810592573133354,0.04107502265407372,0.0,0
2022-02-11,0.004200550460720835,0.04755205930628893,0.0,0
2022-02-14,0.0031889695720430044,0.030750125812439816,-6.303956253595525e-06,0
2022-02-15,0.003090922161521284,0.029121599523273506,0.0012574553093836521,0
2022-02-16,0.046090323283908045,0.7433235837837509,-0.00053356561508014,0
2022-02-17,0.020322991944305493,0.3153390376859649,0.009359100369773513,0
2022-02-18,0.010440401104973168,0.15119335651714338,0.041257820305091564,0
2022-02-22,0.01383198804320385,0.20752619041364062,0.023590803018675957,0
2022-02-23,0.01029121460652413,0.1487154314661895,0.0015253496637330538,0
2022-02-24,0.0019169242065508025,0.009621986806083187,-4.314421989340001e-06,0
2022-02-25,0.0015211946512882128,0.0030490851790437403,-0.00027642909315188954,0
2022-02-28,0.00011495888987865982,0.0,0.0035884744455404794,0
2022-03-01,1.4278686051694029e-05,0.0,0.011802969066766419,0
2022-03-02,0.0016805697866488821,0.005696239207826503,0.01780829435449082,0
2022-03-03,0.45761793791349925,1.0,0.0,0
2022-03-04,0.0019062301140382947,0.009444362423116567,0.0,0
2022-03-07,0.0013148927042457095,0.0,0.0,0
2022-03-08,0.0012238155567484916,0.0,-3.009597043706131e-06,0
2022-03-09,0.0008484656418697828,0.0,0.003788757281801755,0
2022-03-10,5.91435642770082e-06,0.0,-0.0017636968441879222,0
2022-03-11,0.000682240537933731,0.0,0.0,0
2022-03-14,0.001937556410600895,0.009964679045686762,0.0,0
2022-03-15,0.0037409848171264574,0.039918867076033315,-2.8898381554959914e-06,0
2022-03-16,0.00664259916301925,0.08811346210066909,0.0008346280554756447,0
2022-03-17,0.0007896762120293791,0.0,-0.001130033710753588,0
2022-03-18,0.005235824387503165,0.06474752420722044,0.000686306667947939,0
2022-03-21,0.0027095223971454097,0.02278670970147293,-0.00041902726409661576,0
2022-03-22,0.0011456071736767204,0.0,-0.0003357100333023981,0
2022-03-23,0.0015667570388992775,0.003805857291912207,-0.004713383589253453,0
2022-03-24,0.0017005407391225238,0.006027948336603663,-3.564287534204472e-05,0
2022-03-25,0.0012632450186131966,0.0,-9.884602564720403e-05,0
2022-03-28,0.00755419267819647,0.10325464733544651,0.00040110303909568777,0
2022-03-29,0.01893071705235687,0.2922139367657092,0.0009094850576343177,0
2022-03-30,0.00015207341458025207,0.0,0.0005967527937861725,0
2022-03-31,0.0948917119607156,1.0,-0.004999646682304412,0
2022-04-01,0.0006671141327104355,0.0,0.0060193857058515945,0
2022-04-04,0.0003291122999963575,0.0,0.0019370675087680268,0
2022-04-05,9.477680928972359e-05,0.0,-0.0008736909255639387,0
2022-04-06,0.04904582120086491,0.7924131622818418,-0.0003408442892898192,0
2022-04-07,0.0030741119622358553,0.02884238917680157,0.0006044636521766132,0
2022-04-08,0.028238377517778454,0.44681026601007123,7.039727736090055e-05,0
2022-04-11,0.011509275530545201,0.16894691158401567,0.0007842338019049624,0
2022-04-12,0.03553981837908238,0.5680841306451037,0.00035521839434226135,0
2022-04-13,0.009416371934073575,0.13418466228636883,-0.0011624976440499104,0
2022-04-14,0.0020742372158983,0.012234889788294151,-0.0005175215427032915,0
2022-04-18,0.010562910774898801,0.15322819065594795,-0.000469318286052218,0
2022-04-19,0.006258856201906843,0.08173965276568784,0.0006066125521176611,0
2022-04-20,0.01057921916709756,0.15349906619757003,0.0014883154900282277,0
2022-04-21,0.005129507899381297,0.06298165201378862,-0.0011347789625086862,0
2022-04-22,0.005357286283190928,0.06676495525620954,-9.654882309830776e-05,0
2022-04-25,0.010685475995052669,0.1552639474607012,0.002713048890153232,0
2022-04-26,0.010937726428831522,0.15945372116993617,0.00171183296675842,0
2022-04-27,0.0064842540074956665,0.08548341560418199,-4.417043082968964e-05,0
2022-04-28,0.01623948831630594,0.2475137583163471,0.0,0
2022-04-29,0.007746050395319116,0.10644132339808916,0.0,0
2022-05-02,0.0051908498440975896,0.06400051593959255,0.0,0
2022-05-03,0.004718889775756725,0.05616145752244485,0.0,0
2022-05-04,0.007070811530723754,0.09522588959306526,0.0,0
2022-05-05,0.004774708905278823,0.05708858980856452,0.0,0
2022-05-06,0.003186942845125394,0.030716462729970563,0.0,0
2022-05-09,0.0028604338994888422,0.025293286342264684,0.0,0
2022-05-10,0.005014653646533179,0.0610739711358293,0.0,0
2022-05-11,0.004756133409939202,0.056780058636411244,0.0,0
2022-05-12,0.004965563967595867,0.06025861219620246,-7.95941106028772e-06,0
2022-05-13,0.006036077585861263,0.07803939356492146,-0.0012339949930900542,0
2022-05-16,0.008645337579071944,0.12137810563903764,-0.005155264893055829,0
2022-05-17,0.008891925246691914,0.12547382318187233,0.0,0
2022-05-18,0.0038026335770292136,0.040942827073160416,0.0,0
2022-05-19,0.004531152693002531,0.05304322346516838,0.0,0
2022-05-20,0.004153406753831166,0.04676902214467446,0.0,0
2022-05-23,0.003508919806787092,0.03606436476819737,0.0,0
2022-05-24,0.0033044617045744837,0.03266840160390223,0.0,0
2022-05-25,0.0041925107127524855,0.047418522470843105,0.0,0
2022-05-26,0.004140156050647274,0.046548933532745966,0.0,0
2022-05-27,0.004105567013928971,0.045974424167195556,0.0,0
2022-05-31,0.0037246748842775733,0.03964796594486004,0.0,0
2022-06-01,0.003926296309015475,0.0429968130882744,-2.6754708718835036e-06,0
2022-06-02,0.003182180825850413,0.030637367590817394,0.0006522564399065705,0
2022-06-03,0.0007033211793123322,0.0,-1.7376509335293154e-06,0
2022-06-06,0.0037505971474350894,0.040078523843350894,0.0002529759093242165,0
2022-06-07,0.007019899915374803,0.09438026905522023,0.0002463400667071348,0
2022-06-08,0.004194774136010754,0.047456116980070705,0.0005306221014169314,0
2022-06-09,0.0026698868085972965,0.022128379230594436,0.00015890794154912286,0
2022-06-10,0.11961044672228135,1.0,-0.0003907699042148805,0
2022-06-13,0.003836335026877807,0.04150259399376966,-4.120651716784554e-08,0
2022-06-14,0.0029496142837112643,0.026774535050531116,0.0015903698379078554,0
2022-06-15,0.005291839204982686,0.06567790678808466,0.001605990602052251,0
2022-06-16,0.006498334178627728,0.08571728133018648,-0.0015365291245124718,0
2022-06-17,0.006365630976047743,0.08351313689732363,0.0020164892590696917,0
2022-06-21,0.00251210119744234,0.01950762653094923,0.0006090104055640308,0
2022-06-22,0.004907058924317647,0.059286868011216694,0.0,0
2022-06-23,0.008383256303082462,0.11702504577161184,-1.8820070190707172e-06,0
2022-06-24,0.009053404868885784,0.12815593185264754,0.00036663150951577264,0
2022-06-27,0.0002718979816323827,0.0,-2.547046791487074e-05,0
2022-06-28,0.00044023920228167707,0.0,-0.0008576649419268272,0
2022-06-29,0.00034829186069082235,0.0,-0.00030977070122504863,0
2022-06-30,0.0019122835030032875,0.009544906670186266,-0.00316530844355689,0
2022-07-01,0.0017949879158397084,0.0075966762550977295,0.007281059332888123,0
2022-07-05,0.001336883293774302,0.0,-0.00020728645245423705,0
2022-07-06,0.47462624339661896,1.0,0.0018536916762289324,0
2022-07-07,0.30787860653884985,1.0,0.0003226516144042485,0
2022-07-08,0.2760089382743409,1.0,-0.004474098734677946,0
2022-07-11,0.3602868106258876,1.0,0.0,0
2022-07-12,0.015852705851084354,0.24108946409531443,0.0,0
2022-07-13,0.022887190774132867,0.35792930277102086,0.0,0
2022-07-14,0.02260759136109193,0.35328527400830545,0.0,0
2022-07-15,0.021439970289690972,0.33389157864763336,0.0,0
2022-07-18,0.016843075507740623,0.25753908793826186,0.0,0
2022-07-19,0.014426324374273698,0.21739786713211431,-9.950699562675935e-05,0
2022-07-20,0.009041895745734635,0.12796477015324959,0.002404169897209133,0
2022-07-21,0.01644662100599937,0.2509541452548349,0.01735065285670578,0
2022-07-22,0.018218803203966193,0.2803893468907024,0.014363946177850102,0
2022-07-25,0.019984079523944546,0.3097098447950367,0.04128525756982749,0
2022-07-26,0.023993985775123863,0.37631270266134637,0.011993257121484241,0
2022-07-27,0.02821860296503349,0.4464818189982601,0.009831583478125138,0
2022-07-28,0.03413258507963987,0.5447105768619093,-0.0017627774472983282,0
2022-07-29,0.020892674906418836,0.32480123230543617,-0.0008362820232495935,0
2022-08-01,5.869506366926523e-05,0.0,0.006370217082573192,0
2022-08-02,0.015537360424645198,0.23585170907055766,-0.0001142252309365636,0
2022-08-03,0.015751157629789323,0.23940279081024687,0.0011950390054761661,0
2022-08-04,0.03524928544899318,0.5632585007584892,-0.01393121437786454,0
2022-08-05,0.0595738232025946,0.9672788516558024,0.005091338560216347,0
2022-08-08,0.9097761254052988,1.0,-0.0013483399259206857,1
2022-08-09,0.10000203442785532,1.0,0.015830702076468826,0
2022-08-10,0.04843532453405656,0.7822730691773373,0.01027248793108115,0
2022-08-11,0.04529918653460522,0.7301831348141188,-0.004203728573659758,0
2022-08-12,0.016171221728997424,0.24637987898682664,0.005408943118992211,0
2022-08-15,0.02815872836605284,0.4454873270685453,-0.0030167647396414443,0
2022-08-16,0.016785853798094327,0.25658865938564457,0.0017609410720579842,0
2022-08-17,0.018904007343517954,0.29177029972533564,-9.821022656199724e-05,0
2022-08-18,0.015252665615010133,0.23112304791150348,0.005041274813890325,0
2022-08-19,0.014561494264299,0.2196429822069399,-0.0014551673191867454,0
2022-08-22,0.01785869570610735,0.27440811266872245,-0.013192124319254317,0
2022-08-23,0.01384087373175018,0.20767377796662181,-0.005401495947899986,0
2022-08-24,0.012016986595755296,0.17737977903656413,-0.027321754550165736,0
2022-08-25,0.029679626514441917,0.4707488062306829,0.005237565511316024,0
2022-08-26,0.019524698955204256,0.3020797265803389,0.0025108420910533616,0
2022-08-29,0.03988596341437147,0.6402717734276736,-0.016523094892779554,0
2022-08-30,0.018460641995930723,0.2844061876043815,-0.0028930918796199814,0
2022-08-31,0.023641763913284413,0.37046244554009805,-0.003626890764625164,0
2022-09-01,0.034183149627168445,0.545550432749096,0.008924114974179196,0
2022-09-02,0.05711447168461456,0.9264300563636073,-0.002755336210037216,0
2022-09-06,0.00022687904581999364,0.0,0.001215025911489987,0
2022-09-07,0.0007020251678410731,0.0,-0.0006659527896222008,0
2022-09-08,0.0007596649314811144,0.0,0.002706505980516368,0
2022-09-09,0.0004302315737687977,0.0,-0.0026616403336923765,0
2022-09-12,0.0004155159002725446,0.0,0.0,0
2022-09-13,0.009211306356487868,0.13077860921138815,0.0,0
2022-09-14,0.008019252806423306,0.11097910064666049,0.0,0
2022-09-15,0.006094914851514121,0.07901665582394986,-0.00010474759808237028,0
2022-09-16,0.00854351374437234,0.1196868545311331,-0.004762507691034577,0
2022-09-19,0.24461606000772024,1.0,0.015953808190407284,0
2022-09-20,0.07122189383451394,1.0,0.010425492703559809,0
2022-09-21,0.06820101957684514,1.0,0.011894640951681731,0
2022-09-22,0.06906551590888116,1.0,0.007698033266931354,0
2022-09-23,0.05622567509811997,0.911667518534961,-0.00789592046374164,0
2022-09-26,0.03138734866212537,0.4991133535175077,0.014511119868084836,0
2022-09-27,0.01529279242397353,0.2317895373470686,0.01765957917688228,0
2022-09-28,0.020290442239787397,0.3147984007713309,0.007960383407982571,0
2022-09-29,0.015264097725246178,0.2313129304587424,-0.009118586250859435,0
2022-09-30,0.019714318481101358,0.30522922722721496,0.0017816333432851405,0
2022-10-03,0.012816203947322757,0.1906544434143363,-0.015156865027713143,0
2022-10-04,0.01037470730556569,0.15010221011357164,0.03146951729856612,0
2022-10-05,0.00754097008797501,0.10303502566801094,0.005686191283267278,0
2022-10-06,0.009163883979686678,0.12999094345964066,-5.886306572090432e-05,0
2022-10-07,0.00535183945070929,0.06667448565745283,-0.010796130179362342,0
2022-10-10,0.00557461073931688,0.07037462315255322,-0.017338999869685685,0
2022-10-11,0.0064496128952622675,0.08490804128620799,0.0,0
2022-10-12,0.009419340307591912,0.13423396572319551,-1.2031962162789726e-05,0
2022-10-13,0.015233136800991582,0.23079868251667843,0.001050423401753802,0
2022-10-14,0.010854062608699828,0.15806410027315212,0.0021034130435414336,0
2022-10-17,0.020092468225017916,0.31151013557484747,0.0005252949044048292,0
2022-10-18,0.013289202488702065,0.19851075043228536,0.003934027358581096,0
2022-10-19,0.01868466085360049,0.28812704669737516,-0.0013114595440176708,0
2022-10-20,0.019738098259912944,0.30562419936099355,0.0,0
2022-10-21,0.0059240242556942565,0.07617823483574544,0.0,0
2022-10-24,0.004382759392509633,0.0505784730989636,-1.0245978261482743e-05,0
2022-10-25,0.0038243500090963706,0.04130352788453396,0.001507312683115922,0
2022-10-26,7.457965610213905e-05,0.0,0.0013140236805225128,0
2022-10-27,4.463794060313052e-05,0.0,-0.0003104507933027758,0
2022-10-28,0.0009908503968989802,0.0,3.088048917225056e-05,0
2022-10-31,0.001154138626919255,0.0,-0.0013412207696285275,0
2022-11-01,0.0018562601145780209,0.00861438172951472,0.006392881972775332,0
2022-11-02,0.003017290956413818,0.027898616146329127,0.0005345764809551381,0
2022-11-03,0.002106060926430135,0.012763468247879592,0.004537154861148252,0
2022-11-04,0.053129571304098996,0.8602425355015361,0.0,0
2022-11-07,0.006858592751994614,0.09170102485287294,0.0,0
2022-11-08,0.0976534063338191,1.0,-3.67671681738548e-05,0
2022-11-09,0.11872883811293022,1.0,-0.002169480769546311,0
2022-11-10,0.10751538380421946,1.0,0.0,0
2022-11-11,0.04988941326954599,0.8064248720645799,0.0,0
2022-11-14,0.02233641063067214,0.3487810760263902,-4.950135766564341e-05,0
2022-11-15,0.01928644797485273,0.29812247790995045,-8.094152944736126e-05,0
2022-11-16,0.03273358279636748,0.521473736798621,0.0015718514932330867,0
2022-11-17,0.051138103158854885,0.8271650864255213,0.004951668675702369,0
2022-11-18,0.02415847713875358,0.3790448350918348,0.00034772481915741507,0
2022-11-21,0.014066293196296629,0.211417900551301,-0.0006891485250550678,0
2022-11-22,0.013864562420131144,0.20806723712662403,0.001516661655529675,0
2022-11-23,0.012326751615628453,0.18252484585315087,-0.00029654190564704715,0
2022-11-25,0.010164506146132556,0.14661085718208078,0.0005994392588764294,0
2022-11-28,0.01149169695751593,0.1686549388725298,0.007053933210532775,0
2022-11-29,0.0015254157375139618,0.0031191956475496597,0.009651812841381264,0
2022-11-30,0.014927096889968981,0.22571548819280574,0.003765504420211392,0
2022-12-01,0.016545467274446526,0.252595940238462,-0.02327608083812451,0
2022-12-02,0.09073707047688168,1.0,-0.0005326956051515264,0
2022-12-05,0.060880704209917175,0.9889855960349974,-0.007747212942385841,0
2022-12-06,0.13650850614807938,1.0,-0.0036814470102242906,0
2022-12-07,0.09013736675385467,1.0,-0.010876564921129876,0
2022-12-08,0.1151886532978704,1.0,0.005263353679771762,0
2022-12-09,0.05555852446835548,0.9005864269117951,-0.014301522221819489,0
2022-12-12,0.1164307434847782,1.0,0.005607579284032637,0
2022-12-13,0.18483364224814414,1.0,0.016014320494384972,0
2022-12-14,0.06610137640464589,1.0,0.023725802310241406,0
2022-12-15,0.04176422324968385,0.6714688800459436,-0.008802507004870602,0
2022-12-16,0.01588039318001864,0.24154933899467537,0.00038900966586384025,0
2022-12-19,0.00793155064856672,0.1095224046571787,0.005914183025347731,0
2022-12-20,0.013805082690604077,0.20707930381260883,-0.002620532170420446,0
2022-12-21,0.023751184283947794,0.3722798719182905,0.0029667964051000896,0
2022-12-22,0.010234470361147975,0.1477729333944684,0.004938772338835032,0
2022-12-23,0.016483568244598134,0.2515678233627015,0.037868537823696376,0
2022-12-27,0.013361455546023747,0.19971084335360664,0.016816414476300508,0
2022-12-28,0.016723047878394053,0.25554547945052014,0.00516803639378903,0
2022-12-29,0.011994908516699772,0.17701307142067815,0.0,0
2022-12-30,0.016497420212911625,0.2517978987357805,0.0,0
2023-01-03,0.033584669358781113,0.5356099269730646,0.0,0
2023-01-04,0.05093265230860796,0.8237526341335297,-7.978063110578104e-05,0
2023-01-05,0.009749009192415422,0.1397096273729878,-0.002336277161023779,0
2023-01-06,0.008234646915914058,0.11455670629652669,0.0036692322673883265,0
2023-01-09,0.010078020665055018,0.14517436968265043,0.0013305075657816287,0
2023-01-10,0.006356815085248214,0.08336670865558773,0.010715732313448762,0
2023-01-11,0.006430133896763393,0.08458450330623227,0.005158507520445597,0
2023-01-12,0.008147106212157135,0.11310269199179716,-0.0006204621102669345,0
2023-01-13,0.009456842878794764,0.1348568676722648,-0.00102105400121735,0
2023-01-17,0.006157698085161792,0.08005945895327322,0.00014438646345650173,0
2023-01-18,0.0031160490883412424,0.029538947219398485,0.002879829744944465,0
2023-01-19,0.00272020056807023,0.022964069633558327,0.015691022398176317,0
2023-01-20,0.004626339442724932,0.05462423538050993,0.013375436450535193,0
2023-01-23,0.003593189845568579,0.0374640547020209,0.0013459529586727153,0
2023-01-24,0.003118147890973384,0.02957380744919983,0.0,0
2023-01-25,0.005728151216729173,0.07292486596454133,0.0,0
2023-01-26,0.006591840721835735,0.08727038572134806,0.0,0
2023-01-27,0.006140210727678483,0.0797690012936769,0.0,0
2023-01-30,0.006497775546803589,0.08570800269032507,-0.00011613716074381518,0
2023-01-31,0.007126492955002701,0.09615073465296003,0.014142757928121062,0
2023-02-01,0.012924555929615793,0.19245412431063497,-0.028486405465007976,0
2023-02-02,0.018372405949998102,0.282940623958297,-0.005795274712601582,0
2023-02-03,0.009087645131673268,0.12872464822976212,-0.009184468147594433,0
2023-02-06,0.021879735772964676,0.34119589853500565,-0.003613780484409839,0
2023-02-07,0.025517176970781687,0.40161226837507746,-1.838179276383119e-05,0
2023-02-08,0.020780839768023685,0.3229436976499064,-0.0004158344135739599,0
2023-02-09,0.01103554241497086,0.1610784035973558,0.0010371745647964887,0
2023-02-10,0.013819506720868693,0.2073188808943152,-0.0013160989386940124,0
2023-02-13,0.010071392753442767,0.14506428285582465,0.001134634360734979,0
2023-02-14,0.0121005424834619,0.1787676072211207,-0.00028583484221877216,0
2023-02-15,0.017790798003945965,0.27328036036649,-0.0015401733312417946,0
2023-02-16,0.01090483497547884,0.15890740795076283,0.000799351255908232,0
2023-02-17,0.015639742094750653,0.23755222559015052,-5.778763386175162e-05,0
2023-02-21,0.016325889525069817,0.24894884608805884,-0.0014476529464980477,0
2023-02-22,0.0253615167343235,0.39902681725606143,-0.006063024666700131,0
2023-02-23,0.030050029481050324,0.47690104386242893,-0.0037529807497605648,0
2023-02-24,0.021792258288542463,0.3397429342768608,-0.002302099729387746,0
2023-02-27,0.03128197599183226,0.4973631577416185,0.010687457161734274,0
2023-02-28,0.027747913684188816,0.4386638678274382,0.0037042440101185494,0
2023-03-01,0.016221573730791937,0.2472162045786825,0.05726933312834124,0
2023-03-02,0.011468603335713187,0.16827136351834437,0.002331193671298904,0
2023-03-03,0.03227324505179493,0.5138277202955552,0.004669540112227123,0
2023-03-06,0.0006612344928248507,0.0,0.00644485686788077,0
2023-03-07,0.00046905076466620307,0.0,9.225153563615747e-05,0
2023-03-08,0.0011245792740599352,0.0,-0.0001269191349145229,0
2023-03-09,0.007414612525271606,0.1009362796470552,-0.012961185316574947,0
2023-03-10,0.013162036613049781,0.19639857867290247,0.021435727313110848,0
2023-03-13,0.09379058411497751,1.0,0.009729078659388993,0
2023-03-14,0.1558460946234887,1.0,0.017780824743525676,0
2023-03-15,0.09924994366670811,1.0,-0.004967204168896485,0
2023-03-16,0.03627490712024421,0.5802936457509311,0.00494381473826237,0
2023-03-17,0.020710285914636584,0.3217718277919316,0.017720265141103093,0
2023-03-20,0.04054999116536464,0.6513009953466838,-0.003314342890333814,0
2023-03-21,0.023824243920369963,0.3734933617795457,-0.008826098904556053,0
2023-03-22,0.0118259789103777,0.17420722164402275,0.003081219148726789,0
2023-03-23,0.00900195033821249,0.1273012937193986,-0.008322605978236752,0
2023-03-24,0.014419835724058055,0.21729009337856847,0.006825377463824456,0
2023-03-27,0.012437141968438776,0.18435838322721676,-0.0023545811949433164,0
2023-03-28,0.01224337149885028,0.18113993714985646,-0.0027011739283051184,0
2023-03-29,0.015042408675464705,0.22763076849578623,-0.03046193671747495,0
2023-03-30,0.016670112450086132,0.2546662442298344,-0.02474388624024347,0
2023-03-31,0.015152309799798805,0.22945617999043624,-0.007367983529611573,0
2023-04-03,0.0407060905069192,0.6538937398168383,-0.029145615067221315,0
2023-04-04,0.0465942479949835,0.7516935614851519,0.0,0
2023-04-05,0.005651413553229993,0.07165028561904686,0.0,0
2023-04-06,0.007670968523148396,0.10519424505079558,0.0,0
2023-04-10,0.008430717450095455,0.11781335548028611,0.0,0
2023-04-11,0.005629870717870805,0.0712924681760472,0.0,0
2023-04-12,0.004168368288325674,0.047017526945779604,0.0,0
2023-04-13,0.002612969507890121,0.021183006782543035,-0.00012423736843301573,0
2023-04-14,0.001961309036880971,0.010359200187326471,-0.004598704166073368,0
2023-04-17,0.002781145307247464,0.023976336142264573,-0.002537069313321246,0
2023-04-18,0.002971115613041031,0.027131663095822947,-0.00608979076796109,0
2023-04-19,0.003550950885380533,0.03676248332214196,-0.013979938941903332,0
2023-04-20,0.006236935230822439,0.08137555464718528,-0.00013996440014836574,0
2023-04-21,0.00891486787411794,0.1258548905829084,-0.0018631939000298278,0
2023-04-24,0.04673454820409014,0.7540238890041544,0.004337889165809694,0
2023-04-25,0.03320974519722934,0.529382594193119,-0.0051967148866868046,0
2023-04-26,0.045338487399382114,0.7308359056638086,0.004758924189387908,0
2023-04-27,0.04017034279502943,0.6449951954439616,-0.010004942294693482,0
2023-04-28,0.048455014123858685,0.7826001049903695,-0.003497462595208877,0
2023-05-01,0.021108700344207434,0.32838932405304494,0.0035652131426247447,0
2023-05-02,0.03232714062215462,0.5147229030722684,-0.004867057351544952,0
2023-05-03,0.05928556141605412,0.9624909445091958,-0.008939489052050673,0
2023-05-04,0.06590125901528106,1.0,0.004927128671330617,0
2023-05-05,0.0675122421729852,1.0,-0.004861651467318479,0
2023-05-08,0.0676540940930943,1.0,0.02948209545099583,0
2023-05-09,0.03599246720981863,0.575602437520236,0.0029770146087031006,0
2023-05-10,0.036057417770887626,0.5766812390473149,0.035441199897308456,0
2023-05-11,0.028812658889830717,0.4563488382863725,0.0007417315887511711,0
2023-05-12,0.024514679368667917,0.38496120445425314,-0.01237117845695699,0
2023-05-15,0.012900630811576132,0.19205673815334973,0.024950052442080293,0
2023-05-16,0.010720633125050076,0.15584789261690432,0.005638879630411536,0
2023-05-17,0.012828838162255241,0.19086429241545774,0.030578373007128883,0
2023-05-18,0.00924284506414274,0.13130245389294568,0.008999041403181392,0
2023-05-19,0.008553319605011392,0.11984972575591735,-0.016907474689222258,0
2023-05-22,0.011044064452341172,0.16121995105710984,0.015140840708085126,0
2023-05-23,0.011440598613214274,0.167806216845244,-0.019669519315993436,0
2023-05-24,0.010714533642355866,0.15574658277236095,0.008703499552455916,0
2023-05-25,0.010971612507088356,0.16001655469082526,-0.0038241866330351974,0
2023-05-26,0.017152518316796424,0.2626788029685656,0.001501453728750835,0
2023-05-30,0.018780978466790447,0.2897268417797231,-0.006101211075652752,0
2023-05-31,0.025648083310901654,0.4037865676775224,0.005914434425210909,0
2023-06-01,0.023618302890014025,0.37007276780191745,0.0037343324475608013,0
2023-06-02,0.012512441461456006,0.18560907616532643,0.001208087768165344,0
2023-06-05,0.025154657047184857,0.39559096477529276,0.007767901205497304,0
2023-06-06,0.058625314072207016,0.9515245135643516,0.010263690738553682,0
2023-06-07,0.057891990378695975,0.9393443151583293,0.02108388616783928,0
2023-06-08,0.030151600124795133,0.47858808957496535,0.008903685884961916,0
2023-06-09,0.028975489267278033,0.45905338243431903,-0.0010846629824432523,0
2023-06-12,0.010732490230594591,0.1560448341576336,0.010483633375903991,0
2023-06-13,0.007952457279920453,0.10986965501898117,0.015921824243870772,0
2023-06-14,0.012380234432484838,0.18341317296761347,-0.005388022540301815,0
2023-06-15,0.014242290288497333,0.21434113829863732,-3.091011983769611e-05,0
2023-06-16,0.009415572358447482,0.13417138167120174,0.003031756303422451,0
2023-06-20,0.007974876853707909,0.11024203471886818,-0.007771449355162501,0
2023-06-21,0.0003336227579465831,0.0,0.010700596010754225,0
2023-06-22,0.00034573226279234,0.0,-0.000475514303437552,0
2023-06-23,0.00019134412710597313,0.0,-0.000562628284788627,0
2023-06-26,0.001365657495860165,0.0004656783842196147,-0.0011206452430127197,0
2023-06-27,0.0011265636863982441,0.0,0.002325047568732456,0
2023-06-28,0.007064967722471329,0.09512882639356533,0.0008769941446752408,0
2023-06-29,0.0027335576025531608,0.02318592436368335,-9.688923758514585e-05,0
2023-06-30,0.006702505417057776,0.08910847980759368,0.0021459666083446893,0
2023-07-03,0.004243220533929833,0.04826079129229188,-0.006386727331958934,0
2023-07-05,0.005348768421855062,0.06662347715863286,-2.5743017138700407e-06,0
2023-07-06,0.00662762926514692,0.08786481838737263,0.0014211917144373132,0
2023-07-07,0.03753118366836954,0.6011598713268936,0.0011236604807239312,0
2023-07-10,0.0017328191177785838,0.006564078642680575,-0.0009126948468133399,0
2023-07-11,0.0015787647209600127,0.0040052998453035185,0.0013202257885371613,0
2023-07-12,0.0015538578264023839,0.0035916067925981,0.0021759742919350805,0
2023-07-13,0.0009728962802632753,0.0,-0.0011404791157723698,0
2023-07-14,0.0005649806332408467,0.0,0.00020609317415689734,0
2023-07-17,0.0036495276666504966,0.038399802236994574,0.0010431177560937365,0
2023-07-18,0.0033236029016447083,0.03298632884409252,0.004951660841789432,0
2023-07-19,0.003007692867931969,0.027739195929769988,-0.002487380203646678,0
2023-07-20,0.0039671050504667005,0.04367462913591382,0.0,0
2023-07-21,0.005245119514608071,0.06490191236261317,0.0,0
2023-07-24,0.0035355423733362317,0.03650655441175506,0.0,0
2023-07-25,0.0029590299822357864,0.026930925846539458,0.0,0
2023-07-26,0.002797177067096399,0.024242616936797207,0.0,0
2023-07-27,0.002544793795453416,0.020050636846457658,0.0,0
2023-07-28,0.0027388209839792235,0.023273346917493214,0.0,0
2023-07-31,0.0027051048237860327,0.0227133356642415,0.0,0
2023-08-01,0.002632028685487227,0.02149957171374946,-2.8116025392838853e-05,0
2023-08-02,0.002501819017434928,0.019336843841606288,0.0022059584693086033,0
2023-08-03,0.008318329388116694,0.11594663699637146,-0.001871779166433485,0
2023-08-04,0.005439879849971082,0.0681367996945458,-0.0026081432305576696,0
2023-08-07,0.005141099017296362,0.06317417561176093,-0.00031217641358015905,0
2023-08-08,0.005506231073613391,0.06923886563840788,-0.002356680249247443,0
2023-08-09,0.006721297834337714,0.08942061396202483,-0.0016146779103938355,0
2023-08-10,0.008888523205742689,0.125417316711246,0.007021415398600463,0
2023-08-11,0.011120261569642815,0.16248555315740115,0.0006618426129749852,0
2023-08-14,0.013931181856638403,0.20917375797346968,0.001181361402499114,0
2023-08-15,0.004856530482722776,0.05844761182841701,0.0029705383527529345,0
2023-08-16,0.0047438364628211915,0.056575811511968,0.002508906696194536,0
2023-08-17,0.0042608829987821435,0.04855415741170705,-0.005320348325965599,0
2023-08-18,0.0019693246722564985,0.010492336522737657,-0.002841723149301642,0
2023-08-21,0.0013533885250747158,0.0002618959349045336,0.0028236045891322633,0
2023-08-22,0.006076886231172393,0.07871720801571427,-0.0008822909406720437,0
2023-08-23,0.010375772503822834,0.15011990260902566,0.009226552379419193,0
2023-08-24,0.007665685985158782,0.10510650431451474,-0.00017037161871427957,0
2023-08-25,0.01203174491662699,0.17762490854478488,0.0,0
2023-08-28,0.00719348306979046,0.0972634123102855,0.0,0
2023-08-29,0.007702249957449536,0.10571381653005407,0.0,0
2023-08-30,0.006910890632667628,0.09256967067524087,0.0,0
2023-08-31,0.005795592738767072,0.07404504130660992,0.0,0
2023-09-01,0.0058435369239218425,0.07484137407584614,-1.8049467050579394e-05,0
2023-09-05,0.005587064368297965,0.07058147269690429,0.0032123022463618825,0
2023-09-06,0.013566901971458852,0.20312322215133324,-0.002683136411929593,0
2023-09-07,0.017018500530439157,0.2604528238515512,0.006166991730933289,0
