Date,prob,prob_scaled,raw,wind5
2020-01-02,0.2859552,0.4066289768511685,-0.0008778228979724166,0.0
2020-01-03,0.12833792,0.1490004340026641,6.350565788270157e-05,0.0
2020-01-06,0.30203024,0.43290395522955377,0.0003263043733720225,0.0
2020-01-07,0.23291022,0.3199259177123696,-0.018057242252571742,0.0
2020-01-08,0.48993304,0.7400348069457072,-0.0007078651021499152,0.0
2020-01-09,0.56841767,0.8683194762369351,0.0010287409845805336,0.0
2020-01-10,0.36320812,0.532900407864641,0.00923403169089105,0.0
2020-01-13,0.20070292,0.26728245734132944,0.010244418993519999,0.0
2020-01-14,0.18514103,0.2418462348797468,0.005169723950980275,0.0
2020-01-15,0.1322802,0.15544417018354875,-0.012913838056808197,0.0
2020-01-16,0.22907063,0.3136500447535602,-0.020483233615332885,0.0
2020-01-17,0.55321956,0.8434778627191309,-0.0013234531241350278,0.0
2020-01-21,0.3679668,0.5406785738497994,0.00037347940853496423,0.0
2020-01-22,0.35199577,0.5145736020428137,-0.0013568883872870944,0.0
2020-01-23,0.12962466,0.15110364423955283,0.00012185852116945686,0.0
2020-01-24,0.15419918,0.19127117967531887,-0.0003083244350668521,0.0
2020-01-27,0.09669457,0.09727874780037711,0.0017989806712213397,1.0
2020-01-28,0.09406212,0.09297596185385731,0.01941941140513233,1.0
2020-01-29,0.34194592,0.4981469241094039,-0.008624871856995795,1.0
2020-01-30,0.11839428,0.13274735518639616,-0.021390979227952255,1.0
2020-01-31,0.27401173,0.3871071563561118,-0.002761589481045751,1.0
2020-02-03,0.17193127,0.22025462091226555,0.03130770365198422,1.0
2020-02-04,0.15232305,0.18820460698591418,-0.0001706153788601767,1.0
2020-02-05,0.325943,0.4719898299438515,-0.0001779500616515165,1.0
2020-02-06,0.19384348,0.25607057267002203,0.0063887024347349716,1.0
2020-02-07,0.36587864,0.5372654361884116,0.023231198973178803,1.0
2020-02-10,0.23979801,0.3311841523128136,0.002464571152245843,1.0
2020-02-11,0.16880287,0.21514119833070258,-0.004777542378598634,1.0
2020-02-12,0.5557424,0.8476014719690176,0.028294296875150882,0.0
2020-02-13,0.49323457,0.745431224706796,-0.0028461443847246554,0.0
2020-02-14,0.39272547,0.5811471037281664,0.0035907123158167584,0.0
2020-02-18,0.30572286,0.4389396269265951,-0.012354371780178963,0.0
2020-02-19,0.22752672,0.3111264944866985,0.0037265456832822823,0.0
2020-02-20,0.26513025,0.37259020267059406,-0.012142849763345663,0.0
2020-02-21,0.2751669,0.38899530097330753,-0.0008930522551022118,0.0
2020-02-24,0.2745416,0.38797321562055603,-0.015978877528789306,0.0
2020-02-25,0.47260588,0.7117132222375869,0.0,0.0
2020-02-26,0.18635441,0.24382953933569004,0.0,0.0
2020-02-27,0.37038517,0.544631445841017,0.0,0.0
2020-02-28,0.4045204,0.600426141199769,0.0,0.0
2020-03-02,0.46850023,0.7050024442158966,-6.149436996344352e-05,0.0
2020-03-03,0.5518821,0.8412917438333821,-0.006768735583993789,0.0
2020-03-04,0.20996426,0.2824203003560899,0.010398473870278794,0.0
2020-03-05,0.21772406,0.2951038379009068,-0.00871669523099734,0.0
2020-03-06,0.1859412,0.24315414073613328,-0.0009819576561249806,0.0
2020-03-09,0.14199573,0.17132439146424822,-0.006695548302175752,0.0
2020-03-10,0.23250006,0.31925551214248865,-0.025963488239175905,0.0
2020-03-11,0.49876288,0.7544673418953409,-0.004690643997049522,0.0
2020-03-12,0.7109559,1.0,-0.09485812011065747,0.0
2020-03-13,0.43333563,0.6475252196376213,0.0,0.0
2020-03-16,0.21894537,0.2971000998777647,0.0,0.0
2020-03-17,0.25843573,0.3616478685330513,0.0,0.0
2020-03-18,0.3361789,0.4887206199188792,0.0,0.0
2020-03-19,0.3707013,0.5451481878780958,0.0,0.0
2020-03-20,0.3954726,0.5856373231374662,0.0,0.0
2020-03-23,0.4628923,0.6958361672683891,0.0,0.0
2020-03-24,0.43983963,0.6581561348608499,0.0,0.0
2020-03-25,0.37534285,0.5527348650861279,0.0,0.0
2020-03-26,0.331281,0.48071491791795945,0.0,0.0
2020-03-27,0.338853,0.49309149374080685,0.0,0.0
2020-03-30,0.38852206,0.5742765487568514,0.0,0.0
2020-03-31,0.3949315,0.584752899266312,0.0,0.0
2020-04-01,0.38852206,0.5742765487568514,0.0,0.0
2020-04-02,0.55173874,0.8410574367822558,-2.9057685978032275e-05,0.0
2020-04-03,0.7792948,1.0,-0.006986096617527728,0.0
2020-04-06,0.5809618,0.8888231455724294,0.01401725020235143,0.0
2020-04-07,0.47789365,0.720356180962589,0.0046797113333001015,0.0
2020-04-08,0.607103,0.9315513989008386,-0.005703594604241476,0.0
2020-04-09,0.60216796,0.9234850011440554,-0.0025829875801637657,0.0
2020-04-13,0.10703878,0.11418657112271374,0.008020191995595337,1.0
2020-04-14,0.08866538,0.084154885928763,0.014125219301613284,1.0
2020-04-15,0.08788812,0.08288443997306595,0.00548911628156463,1.0
2020-04-16,0.09084493,0.0877174004243045,-0.004566151572050917,1.0
2020-04-17,0.20707557,0.27769867228849987,0.008823660914354521,1.0
2020-04-20,0.07243149,0.05762027000723766,0.21143449164834374,1.0
2020-04-21,0.166,0.21055983786263827,0.07199959534648269,0.0
2020-04-22,0.051235124,0.022974392130574096,0.00046527973863385626,0.0
2020-04-23,0.36122596,0.5296605405111235,0.00023775223431943436,0.0
2020-04-24,0.35937387,0.5266332544405824,3.705914260622086e-05,0.0
2020-04-27,0.5108531,0.7742290713772579,0.0015473259948022833,0.0
2020-04-28,0.30804327,0.4427323809807955,0.0013315626216627097,0.0
2020-04-29,0.12738082,0.1474360325583969,-2.7521869549927478e-05,0.0
2020-04-30,0.25957534,0.36351058523326407,-0.0013849456300855808,0.0
2020-05-01,0.30969352,0.4454297373928586,0.0011172227132636022,0.0
2020-05-04,0.19289058,0.2545130396860893,0.00022387493174145406,0.0
2020-05-05,0.2389474,0.3297938249324134,-0.00043280758886730106,0.0
2020-05-06,0.42751548,0.6380120610869805,-0.0016113776299147885,0.0
2020-05-07,0.1625983,0.20499969744066887,0.0006655484540448602,0.0
2020-05-08,0.15420002,0.19127254362488882,0.0009706237513084509,0.0
2020-05-11,0.18813567,0.24674103583023796,-0.0004743932371093034,0.0
2020-05-12,0.21346566,0.288143408395428,-0.002055465248463835,0.0
2020-05-13,0.26074907,0.3654290777283916,0.00014224516089273925,0.0
2020-05-14,0.32587826,0.47188402642720984,0.00028929636442860164,0.0
2020-05-15,0.4148155,0.617253674169295,-0.0005913365836202466,0.0
2020-05-18,0.39441878,0.5839148496805368,0.0011192816889705642,0.0
2020-05-19,0.51299566,0.7777311093231167,-0.0023540151022991953,0.0
2020-05-20,0.32563278,0.4714827816912164,-0.0011471418125975977,0.0
2020-05-21,0.33674586,0.4896473262267023,-0.0029807808359344893,0.0
2020-05-22,0.19720408,0.26156353857567055,0.002727509541161423,0.0
2020-05-26,0.119986065,0.13534916205983466,-0.0052210304860636735,0.0
2020-05-27,0.36148873,0.5300900384882091,-0.0022266440314677276,0.0
2020-05-28,0.21050438,0.2833031410714932,-0.013454846170144454,0.0
2020-05-29,0.4826945,0.7282032751135155,0.0,0.0
2020-06-01,0.52659935,0.7999666049125916,0.0,0.0
2020-06-02,0.5162089,0.7829831919922122,0.0,0.0
2020-06-03,0.6646103,1.0,0.0,0.0
2020-06-04,0.6214417,0.9549883392115156,0.0,0.0
2020-06-05,0.5405527,0.8227735953718824,0.0,0.0
2020-06-08,0.42345244,0.6313709419183279,0.0,0.0
2020-06-09,0.46429443,0.6981279922458103,0.0,0.0
2020-06-10,0.50811017,0.769745671715808,0.0,0.0
2020-06-11,0.397722,0.58931404405325,0.0,0.0
2020-06-12,0.48346126,0.7294565499183763,-4.418463922437475e-05,0.0
2020-06-15,0.47565117,0.7166908100557265,0.006676725173665314,0.0
2020-06-16,0.14942478,0.18346731785451187,0.006593123220835351,0.0
2020-06-17,0.09972095,0.10222542754701164,0.004175526659706271,0.0
2020-06-18,0.1497809,0.1840494076897375,0.0,0.0
2020-06-19,0.13335586,0.1572023498917205,0.0,0.0
2020-06-22,0.11121203,0.1210078290595713,0.0,0.0
2020-06-23,0.13992101,0.16793322313343378,-4.593825292956352e-05,0.0
2020-06-24,0.09491144,0.09436419459741792,0.0016510906630926533,0.0
2020-06-25,0.06447572,0.044616411341538306,-0.004954872727112781,0.0
2020-06-26,0.050637,0.02199674474193696,-0.005560681625063008,0.0
2020-06-29,0.07366212,0.059631754635546104,0.00013626388607142884,0.0
2020-06-30,0.08768078,0.0825455350392927,0.010619505380141595,0.0
2020-07-01,0.1253387,0.14409815568578047,0.004987463544722558,0.0
2020-07-02,0.05076489,0.02220578219165552,0.007067217312868763,0.0
2020-07-06,0.045131605,0.012998069186899691,0.0,0.0
2020-07-07,0.07843129,0.06742706741529848,0.0,0.0
2020-07-08,0.07108695,0.05542259408450761,0.0,0.0
2020-07-09,0.07348781,0.059346847490998146,0.0,0.0
2020-07-10,0.057651788,0.033462555417560255,0.0,0.0
2020-07-13,0.06842873,0.051077684016893936,0.0,0.0
2020-07-14,0.07501084,0.061836274662368323,0.0,0.0
2020-07-15,0.3673941,0.5397424660324405,0.0,0.0
2020-07-16,0.5186668,0.7870007054505492,0.0,0.0
2020-07-17,0.33157092,0.4811887929685536,0.0,0.0
2020-07-20,0.24635258,0.3418977326224791,0.0,0.0
2020-07-21,0.38151345,0.5628208337436701,0.0,0.0
2020-07-22,0.48965517,0.7395806117389083,0.0,0.0
2020-07-23,0.460675,0.692211958411049,0.0,0.0
2020-07-24,0.49676317,0.7511987828883696,0.0,0.0
2020-07-27,0.1080752,0.11588062084485476,0.0,0.0
2020-07-28,0.07149404,0.05608799444659165,0.0,0.0
2020-07-29,0.05951238,0.03650373063528488,0.0,0.0
2020-07-30,0.18912424,0.24835687765828676,0.0,0.0
2020-07-31,0.19954798,0.26539467806776856,0.0,0.0
2020-08-03,0.26376465,0.37035809919934354,0.0,0.0
2020-08-04,0.29292345,0.41801873516014504,0.0,0.0
2020-08-05,0.24579126,0.34098023297425323,0.0,0.0
2020-08-06,0.27370182,0.3866005952283231,0.0,0.0
2020-08-07,0.34933132,0.5102185110659099,-1.7693224569398262e-05,0.0
2020-08-10,0.48220047,0.7273957682556105,0.001734986584351431,0.0
2020-08-11,0.3516329,0.5139804788298167,0.002122355464178655,0.0
2020-08-12,0.32705703,0.47381075133224176,0.0017036367739198064,0.0
2020-08-13,0.43678293,0.6531598901610925,0.000514893665041681,0.0
2020-08-14,0.38061097,0.5613457222837511,-0.0008926505842562805,0.0
2020-08-17,0.3717932,0.5469329158903973,0.003930399872603374,0.0
2020-08-18,0.3885253,0.5742818584176774,-0.0011439225630413912,0.0
2020-08-19,0.3216747,0.4650132278934717,0.0015826632938103892,0.0
2020-08-20,0.33570036,0.48793844355298793,0.001449420765722615,0.0
2020-08-21,0.29882538,0.4276655607686426,0.0,0.0
2020-08-24,0.3284667,0.4761149005682774,-0.00013516978764199243,0.0
2020-08-25,0.067598596,0.0497208099353214,-0.004799087904892373,1.0
2020-08-26,0.070667386,0.054736807547601025,-0.0028920004560560493,1.0
2020-08-27,0.051787786,0.023877728623890367,-0.002449579888352239,1.0
2020-08-28,0.22275743,0.30333098685700755,0.006003718287495082,1.0
2020-08-31,0.08763546,0.08247145552827388,1.418829463473853e-05,1.0
2020-09-01,0.17195092,0.22028674679588675,0.0256125604195115,0.0
2020-09-02,0.29673326,0.4242459443467974,-0.009568457432170977,0.0
2020-09-03,0.2830134,0.40182056749218936,-0.011795837452093528,0.0
2020-09-04,0.407352,0.6050544605030279,0.012244515274605934,0.0
2020-09-08,0.6267143,0.9636064545693503,-0.0038147194256606706,0.0
2020-09-09,0.47527805,0.7160809297480129,0.0028542318789135596,0.0
2020-09-10,0.45830268,0.6883343472086029,-0.004058487180844268,0.0
2020-09-11,0.34033108,0.4955074381290951,0.007698748067472455,0.0
2020-09-14,0.51725316,0.7846900774540563,0.005612402057075692,0.0
2020-09-15,0.54266393,0.8262244852088675,-0.012288096038225654,0.0
2020-09-16,0.3123436,0.44976134895216513,-0.01864191496052646,0.0
2020-09-17,0.48461422,0.7313410898117085,0.01637262030616471,0.0
2020-09-18,0.40075386,0.5942696625408164,-0.006668422547520781,0.0
2020-09-21,0.4604453,0.6918365312919156,-0.004408793333396863,0.0
2020-09-22,0.52998847,0.8055061886660422,-0.011679631048712355,0.0
2020-09-23,0.58310723,0.8923298599168138,-0.0012811741225946193,0.0
2020-09-24,0.5940434,0.9102051984309821,0.00011272646881753353,0.0
2020-09-25,0.4427106,0.6628488033563205,0.00825982878993764,0.0
2020-09-28,0.47982457,0.7235123115550074,0.003816605798601617,0.0
2020-09-29,0.43004248,0.6421424900847169,0.0005463784370599337,0.0
2020-09-30,0.43823636,0.655535549324582,0.01134594690873601,0.0
2020-10-01,0.24995019,0.34777808456224046,0.012398280228492216,0.0
2020-10-02,0.3394569,0.494078554817101,-0.0002103919923094155,0.0
2020-10-05,0.25627604,0.35811782090852345,-0.002844526544341208,0.0
2020-10-06,0.27157205,0.38311945493837546,0.01826381523874738,0.0
2020-10-07,0.3489168,0.5095409691170288,-0.009896209270046766,0.0
2020-10-08,0.27802217,0.3936622979893719,0.0016829669421866893,0.0
2020-10-09,0.2945374,0.4206567597659146,0.013367604541049048,0.0
2020-10-12,0.22965921,0.3146120919689908,-0.006630022202481956,0.0
2020-10-13,0.4343683,0.6492131559429398,-0.005528256016131855,0.0
2020-10-14,0.654238,1.0,0.003018552208266686,0.0
2020-10-15,0.53076166,0.8067699853675857,-0.002211144911690028,0.0
2020-10-16,0.5790602,0.8857148993524137,-0.008404111152881083,0.0
2020-10-19,0.56146455,0.8569544638701566,-0.022273452505330124,0.0
2020-10-20,0.4812029,0.7257652152572,0.000390459742497927,0.0
2020-10-21,0.57145786,0.873288734220201,0.00040102952361968083,0.0
2020-10-22,0.588982,0.9019322597393181,0.006199750710947833,0.0
2020-10-23,0.4787674,0.7217843335873134,0.009214996021265673,0.0
2020-10-26,0.4406474,0.6594764380445778,0.0011720931399713554,0.0
2020-10-27,0.42558202,0.6348517899333677,0.011481820401543318,0.0
2020-10-28,0.46794283,0.7040913746156435,0.008079375700079473,0.0
2020-10-29,0.51293164,0.7776264749061065,0.0029349014137818826,0.0
2020-10-30,0.64878845,0.9996871099686496,0.0,0.0
2020-11-02,0.45070064,0.6759086692012366,-0.00010747060461177415,0.0
2020-11-03,0.44503456,0.6666473541961931,-0.00555506810639091,0.0
2020-11-04,0.5200563,0.7892718763344825,-0.00012247770094096078,0.0
2020-11-05,0.54720247,0.833642812069978,0.0051617796411826174,0.0
2020-11-06,0.4922324,0.7437931699857505,0.0,0.0
2020-11-09,0.45921746,0.6898295769246788,0.0,0.0
2020-11-10,0.62175417,0.9554990409004989,0.0,0.0
2020-11-11,0.52424455,0.7961176366511148,0.0,0.0
2020-11-12,0.5191334,0.7877633481100992,0.0,0.0
2020-11-13,0.4781724,0.7208117888314425,0.0,0.0
2020-11-16,0.6592847,1.0,-1.659034297214113e-05,0.0
2020-11-17,0.61942935,0.9516990773985715,0.002577347698490883,0.0
2020-11-18,0.52830374,0.8027524719092486,-0.0032827121288313624,0.0
2020-11-19,0.30711216,0.4412104568231358,0.0009498509198763818,0.0
2020-11-20,0.46493363,0.699172777616405,-0.005370297684746648,0.0
2020-11-23,0.3138065,0.45215249868577073,-0.0028533232257982053,0.0
2020-11-24,0.18962295,0.24917203237628044,0.0006936114388280479,0.0
2020-11-25,0.061094932,0.03909044272754505,0.0006681069326118403,0.0
2020-11-27,0.08229798,0.0737472443788895,0.0034929901052866133,0.0
2020-11-30,0.07827323,0.06716870857488023,0.005416161490667332,0.0
2020-12-01,0.083856165,0.07629412792589454,-0.00842522666067885,0.0
2020-12-02,0.4324995,0.6461585421685146,-0.0012337807381681961,0.0
2020-12-03,0.14954828,0.18366918239086694,-0.0012087368095362995,0.0
2020-12-04,0.05324647,0.02626197336279802,0.0009605538388337777,0.0
2020-12-07,0.12071627,0.1365426910022825,-0.0004726898418927046,0.0
2020-12-08,0.18770333,0.24603436381554125,-0.002429895496189833,0.0
2020-12-09,0.13882598,0.16614338031024492,-0.0011470083422706785,0.0
2020-12-10,0.17810516,0.23034597229936069,-0.0015074355829359095,0.0
2020-12-11,0.048803374,0.018999648233752466,0.0007996269630834077,0.0
2020-12-14,0.045177083,0.013072404438462878,0.0011233365201462567,0.0
2020-12-15,0.030945497,0.0,0.0017666245027306146,0.0
2020-12-16,0.029365484,0.0,-0.001342124754191106,0.0
2020-12-17,0.031186597,0.0,0.0013392852164202957,0.0
2020-12-18,0.028418407,0.0,-0.00022740352213416727,0.0
2020-12-21,0.019754928,0.0,-0.00011362931943367666,0.0
2020-12-22,0.038009565,0.0013569544571721856,0.0012440090809463298,0.0
2020-12-23,0.04942232,0.02001132738197239,-0.0002459717469995979,0.0
2020-12-24,0.07841641,0.06740273552921996,0.0002494119296903755,0.0
2020-12-28,0.093938194,0.09277340316459609,-0.0022473582320997245,0.0
2020-12-29,0.07092784,0.055162530307126895,0.0018574583545533639,0.0
2020-12-30,0.05220932,0.024566736273843873,0.0019102425809742135,0.0
2020-12-31,0.06513093,0.0456873553163854,-0.005004114663693819,0.0
2021-01-04,0.044884846,0.012594735903127251,-0.00462188745188277,0.0
2021-01-05,0.037157927,0.0,-0.004242208051401817,0.0
2021-01-06,0.020713104,0.0,-9.844198968277647e-07,0.0
2021-01-07,0.017533856,0.0,0.002406575175920985,0.0
2021-01-08,0.012078272,0.0,-0.003989812610494131,0.0
2021-01-11,0.01965163,0.0,0.006984175062481426,0.0
2021-01-12,0.018247016,0.0,0.0007988120363900462,0.0
2021-01-13,0.014021506,0.0,0.00400964514693171,0.0
2021-01-14,0.023318978,0.0,0.005503060111726234,0.0
2021-01-15,0.024821626,0.0,0.0019665373187716653,0.0
2021-01-19,0.02706617,0.0,-0.003134651169494497,0.0
2021-01-20,0.029289123,0.0,0.0,0.0
2021-01-21,0.02258399,0.0,0.0,0.0
2021-01-22,0.028861724,0.0,0.0,0.0
2021-01-25,0.023412868,0.0,0.0,0.0
2021-01-26,0.028237035,0.0,0.0,0.0
2021-01-27,0.023098258,0.0,0.0,0.0
2021-01-28,0.044019684,0.011180612473979598,0.0,0.0
2021-01-29,0.053866304,0.027275107796496615,0.0,0.0
2021-02-01,0.05245178,0.024963036692646174,-2.235626492262575e-05,0.0
2021-02-02,0.060236484,0.03768729178556293,0.0013418984420097142,0.0
2021-02-03,0.059448585,0.036399455472848806,0.0,0.0
2021-02-04,0.055006407,0.029138628252705984,0.0,0.0
2021-02-05,0.07323999,0.05894177882496034,-1.7815002050237433e-05,0.0
2021-02-08,0.09521116,0.09485409605545919,0.001154375096890063,0.0
2021-02-09,0.28565714,0.4061418032922672,0.001647047623632091,0.0
2021-02-10,0.09879333,0.10070921492817621,0.0007222377404693396,0.0
2021-02-11,0.22389399,0.3051887105275446,0.0012421437103854011,0.0
2021-02-12,0.15136707,0.18664203225982104,0.010531512733711,0.0
2021-02-16,0.17633632,0.227454764554666,0.00422038011476934,0.0
2021-02-17,0.030749625,0.0,-0.0012830654898634275,0.0
2021-02-18,0.027003407,0.0,0.0,0.0
2021-02-19,0.043445896,0.010242744918112964,-1.8024585816445303e-05,0.0
2021-02-22,0.036391806,0.0,-0.0009421206045828385,0.0
2021-02-23,0.050530124,0.02182205568295135,0.0005728147996529646,0.0
2021-02-24,0.0324777,0.0,-0.0013694512966847027,0.0
2021-02-25,0.030886713,0.0,0.005311542795552329,0.0
2021-02-26,0.07848896,0.06752132607308012,-0.014450568370391288,0.0
2021-03-01,0.07690308,0.06492917644972182,0.016745486636589695,0.0
2021-03-02,0.14033273,0.16860618610875844,0.0007594726673499314,0.0
2021-03-03,0.06746784,0.04950708390895608,0.0,0.0
2021-03-04,0.04888055,0.019125795301792647,-1.0069291000283032e-05,0.0
2021-03-05,0.10799482,0.115749231095655,0.002244102981571575,0.0
2021-03-08,0.07773167,0.06628351748209298,-0.0005031248426670053,0.0
2021-03-09,0.073788136,0.059837735376853406,0.0,0.0
2021-03-10,0.06474859,0.04506242285091743,0.0,0.0
2021-03-11,0.08039725,0.07064045953341315,0.0,0.0
2021-03-12,0.12599312,0.14516780877978455,-9.91858350278278e-06,0.0
2021-03-15,0.1128476,0.12368119457294843,0.0006876364281189849,0.0
2021-03-16,0.0754677,0.06258301269568278,-0.0005691338098419947,0.0
2021-03-17,0.10884894,0.11714530654924292,0.0010739767585904194,0.0
2021-03-18,0.084321596,0.07705488297666464,0.0006843608366020366,0.0
2021-03-19,0.08677176,0.08105971901087367,0.0009692907696086758,0.0
2021-03-22,0.08378427,0.07617660905669651,0.00022093009341070816,0.0
2021-03-23,0.01547882,0.0,0.0,0.0
2021-03-24,0.020288832,0.0,0.0,0.0
2021-03-25,0.022231728,0.0,0.0,0.0
2021-03-26,0.025280554,0.0,0.0,0.0
2021-03-29,0.02675192,0.0,0.0,0.0
2021-03-30,0.07449242,0.06098889663578417,0.0,0.0
2021-03-31,0.25215873,0.35138799630533835,0.0,0.0
2021-04-01,0.05733539,0.032945399324361975,-2.2540911403787456e-05,0.0
2021-04-05,0.053128578,0.02606927895167674,-0.0011702685185241298,0.0
2021-04-06,0.052314434,0.02473854520717504,0.0008313369917983672,0.0
2021-04-07,0.056787066,0.03204915049756107,0.00018979038446042523,0.0
2021-04-08,0.3362026,0.48875934634416934,-0.0019993331654331245,0.0
2021-04-09,0.20369005,0.2721649827456909,-0.00029331562032896614,0.0
2021-04-12,0.32082435,0.4636233145691909,0.00048278977492250785,0.0
2021-04-13,0.07701485,0.06511186044524923,0.0008744662081318563,0.0
2021-04-14,0.20200637,0.2694129709258598,0.0005824571984362483,0.0
2021-04-15,0.35378295,0.5174947923218053,-0.0004879284025601391,0.0
2021-04-16,0.08597175,0.07975209325127386,-0.0015616988464267165,0.0
2021-04-19,0.065913774,0.04696693486295277,-0.00029408411959342063,0.0
2021-04-20,0.059122294,0.03586612683474949,-0.004463549612331047,0.0
2021-04-21,0.045037247,0.012843839371463587,0.0015433360365282385,0.0
2021-04-22,0.3277622,0.4749633374313483,-3.9344965912732033e-07,0.0
2021-04-23,0.19869643,0.2640028162441021,-3.555394796231978e-07,0.0
2021-04-26,0.2997166,0.42912225890936706,0.002059991401055379,0.0
2021-04-27,0.14928968,0.18324650416163119,0.002333383879460497,0.0
2021-04-28,0.02000842,0.0,0.0006250110682402845,0.0
2021-04-29,0.014145304,0.0,-0.0012467691268316318,0.0
2021-04-30,0.018507408,0.0,-0.0010917028379088863,0.0
2021-05-03,0.03771899,0.000882001642855332,0.006604352997178296,0.0
2021-05-04,0.04395701,0.01107817011877817,-0.002322189911799669,0.0
2021-05-05,0.010870781,0.0,0.0,0.0
2021-05-06,0.01435813,0.0,0.0,0.0
2021-05-07,0.017409198,0.0,0.0,0.0
2021-05-10,0.03881693,0.0026766061114179016,0.0,0.0
2021-05-11,0.018739024,0.0,0.0,0.0
2021-05-12,0.017432975,0.0,0.0,0.0
2021-05-13,0.038982753,0.0029476484650247286,0.0,0.0
2021-05-14,0.037193682,2.3377121379532446e-05,0.0,0.0
2021-05-17,0.04584533,0.014164666214401283,0.0,0.0
2021-05-18,0.043225426,0.009882382134855056,0.0,0.0
2021-05-19,0.036307264,0.0,0.0,0.0
2021-05-20,0.03749711,0.0005193371946981058,0.0,0.0
2021-05-21,0.041068453,0.006356767346429617,-3.166344586383771e-05,0.0
2021-05-24,0.041068453,0.006356767346429617,-0.008461964667764652,0.0
2021-05-25,0.05328209,0.026320196960065975,0.003197972525793181,0.0
2021-05-26,0.074998476,0.06181605898124203,0.0013727457170964743,0.0
2021-05-27,0.0841537,0.07678044901631464,-0.000857750381380612,0.0
2021-05-28,0.09679412,0.0974414718553226,0.012054446089621768,0.0
2021-06-01,0.15832895,0.19802136609708423,-0.013788420617248673,0.0
2021-06-02,0.3269156,0.4735795618801324,-0.0001342680056371014,0.0
2021-06-03,0.19443509,0.2570375642026438,-0.00023322605653961702,0.0
2021-06-04,0.38128233,0.562443068425274,-0.002749086062335002,0.0
2021-06-07,0.34166288,0.497684301642762,0.0,0.0
2021-06-08,0.4765818,0.718211954813632,0.0,0.0
2021-06-09,0.47629756,0.7177473351351198,0.0,0.0
2021-06-10,0.23661613,0.3259833151775612,0.0,0.0
2021-06-11,0.25448528,0.35519078513137486,0.0,0.0
2021-06-14,0.2596548,0.36364045271731876,0.0,0.0
2021-06-15,0.57494956,0.8789959863457882,-0.0001693121693121693,1.0
2021-06-16,0.5340923,0.8122139952261693,-0.009151764850244265,1.0
2021-06-17,0.5466736,0.8327783603175269,0.002736932047755542,1.0
2021-06-18,0.41968298,0.6252096894358803,0.01242793990689596,1.0
2021-06-21,0.33619753,0.48875106522178025,-0.012357921265490417,1.0
2021-06-22,0.4996212,0.7558703101655057,0.026699253194277548,1.0
2021-06-23,0.80464846,1.0,0.027120955164302563,0.0
2021-06-24,0.7470451,1.0,0.004949060087655886,0.0
2021-06-25,0.6952304,1.0,0.0,0.0
2021-06-28,0.63612676,0.9789913185937287,-0.00013877533222456096,0.0
2021-06-29,0.6633546,1.0,0.00798373268779299,0.0
2021-06-30,0.68818593,1.0,-0.003543472747911849,1.0
2021-07-01,0.6555131,1.0,-0.01956671795555763,1.0
2021-07-02,0.7025274,1.0,-0.000266219797778795,1.0
2021-07-06,0.6777102,1.0,-0.033802130485686734,1.0
2021-07-07,0.8054085,1.0,-0.00024302912650505537,1.0
2021-07-08,0.5624644,0.8585887677298846,0.021402017300799644,0.0
2021-07-09,0.7442019,1.0,-0.00377412354640913,0.0
2021-07-12,0.7250074,1.0,0.0,0.0
2021-07-13,0.55332416,0.8436488435402233,0.0,0.0
2021-07-14,0.2773755,0.3926052857851323,0.0,0.0
2021-07-15,0.086961456,0.08136978615373905,0.0,0.0
2021-07-16,0.08895114,0.08462196558774963,0.0,0.0
2021-07-19,0.083735995,0.07609770700969817,0.0,0.0
2021-07-20,0.09987201,0.10247233895353909,0.0,0.0
2021-07-21,0.105887786,0.11230524625336785,0.0,0.0
2021-07-22,0.1396065,0.16741916028301024,0.0,0.0
2021-07-23,0.1542477,0.1913504836003155,0.0,0.0
2021-07-26,0.31410244,0.4526362136582625,0.0,0.0
2021-07-27,0.2481509,0.34483711701448433,0.0,0.0
2021-07-28,0.22837688,0.3125160911798291,0.0,0.0
2021-07-29,0.27698776,0.39197153635994425,0.0,0.0
2021-07-30,0.32198387,0.46551857120914436,0.0,0.0
2021-08-02,0.2542756,0.3548480440894361,0.0,0.0
2021-08-03,0.23324454,0.32047237436507986,0.0,0.0
2021-08-04,0.11767653,0.13157417588440734,0.0,0.0
2021-08-05,0.08832192,0.08359348672138892,0.0,0.0
2021-08-06,0.17338017,0.2226228757780896,0.0,0.0
2021-08-09,0.0790664,0.06846516699737593,0.0,0.0
2021-08-10,0.0790664,0.06846516699737593,0.0,0.0
2021-08-11,0.07477383,0.06144887645013429,0.0,0.0
2021-08-12,0.070034236,0.05370191081138877,0.0,0.0
2021-08-13,0.066074066,0.04722893496159798,0.0,0.0
2021-08-16,0.070034236,0.05370191081138877,0.0,0.0
2021-08-17,0.066074066,0.04722893496159798,0.0,0.0
2021-08-18,0.066074066,0.04722893496159798,0.0,0.0
2021-08-19,0.07605081,0.06353612117018169,-9.446781511500226e-06,0.0
2021-08-20,0.39783624,0.5895007590068816,-0.0007985695674913168,0.0
2021-08-23,0.6067277,0.9309380112942307,-0.0021346520063463335,0.0
2021-08-24,0.64644223,0.9958521709027496,0.008957805709342185,0.0
2021-08-25,0.4276848,0.6382888454247145,-0.003287153917038521,0.0
2021-08-26,0.06564719,0.046531201687833035,0.0020007351610089198,0.0
2021-08-27,0.0738707,0.05997269331555315,-0.0028041424468873014,0.0
2021-08-30,0.02556357,0.0,-0.002062204815278174,0.0
2021-08-31,0.014761027,0.0,-0.002366230636448929,0.0
2021-09-01,0.017252881,0.0,0.017914515692567145,0.0
2021-09-02,0.047169026,0.016328273843185075,-0.0004848374035575973,0.0
2021-09-03,0.06649138,0.04791104370591411,-0.0019641964174353385,0.0
2021-09-07,0.096236214,0.0965295619647094,-0.00013866161816214944,0.0
2021-09-08,0.065137155,0.04569753622567551,0.0002742019090906972,0.0
2021-09-09,0.08444505,0.07725667444429275,-6.808124653219754e-05,0.0
2021-09-10,0.058292143,0.03450922839693464,0.0007444610252583567,0.0
2021-09-13,0.08567344,0.07926449345813191,0.0009430989524736209,0.0
2021-09-14,0.05756409,0.03331921284244157,-0.000529408943392867,0.0
2021-09-15,0.062149078,0.04081346419992669,0.0018884364506207261,0.0
2021-09-16,0.13323724,0.15700847420284667,-0.001359540968627176,0.0
2021-09-17,0.10915018,0.11763769234400091,-0.0019863679815636665,0.0
2021-09-20,0.13905895,0.16652416580268886,-0.0016834401717980745,0.0
2021-09-21,0.070686966,0.05476881165001061,-0.0010800292656113733,0.0
2021-09-22,0.052942026,0.02576435706500163,-0.0010026064348347711,0.0
2021-09-23,0.15512551,0.19278528547919355,-5.6650497091741624e-06,0.0
2021-09-24,0.14514627,0.17647400742189995,-0.0011522967934837673,0.0
2021-09-27,0.11161366,0.12166430285884476,0.0001986130123811477,0.0
2021-09-28,0.18191002,0.23656509521356256,0.0018753307743908337,0.0
2021-09-29,0.13852286,0.16564792562895453,-0.00014946524717917052,0.0
2021-09-30,0.30926278,0.44472569585233257,0.008873507831059306,0.0
2021-10-01,0.12475013,0.14313612064847098,0.0006201202570505192,0.0
2021-10-04,0.20989788,0.2823117932965506,-0.0038630710703827014,0.0
2021-10-05,0.118026264,0.1321458290697985,0.00015749421995013232,0.0
2021-10-06,0.03955325,0.003880139380399039,-0.00032737790852751804,0.0
2021-10-07,0.018392429,0.0,-4.1361918934093234e-07,0.0
2021-10-08,0.015019665,0.0,0.009894400273463142,0.0
2021-10-11,0.020280065,0.0,-0.0014687008919024819,0.0
2021-10-12,0.014984934,0.0,0.004632193195338772,0.0
2021-10-13,0.0518453,0.023971737630188207,0.0005122637828734252,0.0
2021-10-14,0.03061222,0.0,0.0,0.0
2021-10-15,0.029100752,0.0,0.0,0.0
2021-10-18,0.028526153,0.0,0.0,0.0
2021-10-19,0.025464877,0.0,-2.25907688815664e-05,0.0
2021-10-20,0.030734159,0.0,-0.002287085355114761,0.0
2021-10-21,0.033067282,0.0,0.002184202162874639,0.0
2021-10-22,0.06959395,0.05298225691953507,-0.004897694400428022,0.0
2021-10-25,0.072523415,0.0577705236661149,0.006694151224784514,0.0
2021-10-26,0.08589218,0.07962203091728061,-0.007191491985697036,0.0
2021-10-27,0.07898116,0.06832583711317959,0.002284957079285267,0.0
2021-10-28,0.10733425,0.11466951887357242,-0.005404955792869211,0.0
2021-10-29,0.38446292,0.5676418109236868,0.0,0.0
2021-11-01,0.39396724,0.5831768068257308,0.0,0.0
2021-11-02,0.39898303,0.591375215415893,0.0,0.0
2021-11-03,0.40433827,0.6001284592061238,0.0,0.0
2021-11-04,0.2875497,0.40923524091695174,0.0,0.0
2021-11-05,0.3305029,0.4794430836564501,0.0,0.0
2021-11-08,0.38004872,0.5604267125485014,-9.423938647969383e-05,0.0
2021-11-09,0.32865366,0.47642047398443454,5.465855745961045e-05,1.0
2021-11-10,0.39448202,0.5840182175729464,-0.004430874775171166,1.0
2021-11-11,0.3410467,0.49667712231031086,0.005792538708026443,1.0
2021-11-12,0.42423734,0.6326538826263355,0.00559434447219982,1.0
2021-11-15,0.44851854,0.6723419897882582,0.010677438379685308,1.0
2021-11-16,0.57063025,0.871935988521702,0.039063405769183115,1.0
2021-11-17,0.7141657,1.0,-0.012983419678392337,1.0
2021-11-18,0.6880766,1.0,-0.00015952756569415717,1.0
2021-11-19,0.58714473,0.8989292324861285,-0.012938268582235292,1.0
2021-11-22,0.6790017,1.0,0.009908301677131855,1.0
2021-11-23,0.6768126,1.0,0.028928267930452042,1.0
2021-11-24,0.61671436,0.9472613700477155,0.0006917075876873365,1.0
2021-11-26,0.63462657,0.9765392295418364,-0.005168492037080994,1.0
2021-11-29,0.58836216,0.9009191374837408,0.006956102797262748,1.0
2021-11-30,0.26407334,0.37086266311526195,-0.006925273709336242,1.0
2021-12-01,0.6628833,1.0,0.021797003541595028,1.0
2021-12-02,0.5679532,0.8675603408762793,-0.002237907806503605,1.0
2021-12-03,0.55116117,0.8401133888299002,-0.010033656414145036,1.0
2021-12-06,0.68049866,1.0,0.012404235822766403,1.0
2021-12-07,0.2555574,0.35694316805387427,-0.005001092665397345,1.0
2021-12-08,0.47072387,0.7086370288324655,0.04732254408792991,0.0
2021-12-09,0.54767185,0.8344100337030843,0.018397689506762738,0.0
2021-12-10,0.49309078,0.7451961869684,-2.613744696400111e-07,0.0
2021-12-13,0.5396377,0.8212780246684138,0.0013560280581891887,0.0
2021-12-14,0.46496725,0.6992277252990807,0.0004515209618905388,0.0
2021-12-15,0.5276998,0.8017653621204699,-0.0001336027264944646,0.0
2021-12-16,0.67723507,1.0,0.0012219485249708052,0.0
2021-12-17,0.6517174,1.0,-7.254638254975078e-05,0.0
2021-12-20,0.6752248,1.0,0.0,0.0
2021-12-21,0.6671467,1.0,0.0,0.0
2021-12-22,0.5708741,0.87233455407104,0.0,0.0
2021-12-23,0.58306116,0.8922545504155578,0.0,0.0
2021-12-27,0.6474123,0.997437762277836,0.0,0.0
2021-12-28,0.6286102,0.9667053479923148,0.0,0.0
2021-12-29,0.5946558,0.9112062399903684,0.0,0.0
2021-12-30,0.6299849,0.9689523574838657,0.0,0.0
2021-12-31,0.4929096,0.7449000637742632,0.0,0.0
2022-01-03,0.51168793,0.7755936054970404,0.0,0.0
2022-01-04,0.5001341,0.7567086520261888,0.0,0.0
2022-01-05,0.49362627,0.7460714528924415,0.0,0.0
2022-01-06,0.5192155,0.7878975997177716,0.0,0.0
2022-01-07,0.24782692,0.34430756359394477,-0.00013982765118480915,0.0
2022-01-10,0.22586602,0.30841203999252614,-0.004727975690159145,0.0
2022-01-11,0.16280158,0.2053319652984097,0.006886063997212975,0.0
2022-01-12,0.08386408,0.0763070610905669,-0.00026399233455509045,0.0
2022-01-13,0.08463688,0.07757022452981002,0.0036345180615171267,1.0
2022-01-14,0.09151108,0.08880623405913625,-0.0036024546831303892,1.0
2022-01-18,0.18524638,0.2420184335129551,-0.0168300105146171,1.0
2022-01-19,0.36091733,0.5291560740201744,-0.0076268927112295975,1.0
2022-01-20,0.46565804,0.70035683198059,0.004403938654738495,1.0
2022-01-21,0.5105939,0.7738053701858446,0.03235562268071155,0.0
2022-01-24,0.41734114,0.6213819111052226,0.0018986294556028959,0.0
2022-01-25,0.6199014,0.9524706831552956,0.0052813367879188675,0.0
2022-01-26,0.37118596,0.5459403503033387,0.01703337962615862,1.0
2022-01-27,0.42512003,0.6340966489964525,0.012171648301058484,1.0
2022-01-28,0.47808948,0.7206762706991694,0.0,1.0
2022-01-31,0.2858608,0.4064747044123084,0.0,1.0
2022-02-01,0.2934548,0.41888723004882134,-0.00016343393311259738,1.0
2022-02-02,0.2601674,0.3644783074531555,0.022658288380521502,0.0
2022-02-03,0.26686248,0.3754215671279065,-0.002038836292702232,0.0
2022-02-04,0.4511415,0.6766292729865409,0.0,0.0
2022-02-07,0.2881625,0.41023686702615375,0.0,0.0
2022-02-08,0.29462624,0.42080197168263145,0.0,0.0
2022-02-09,0.29929635,0.42843536416343486,0.0,0.0
2022-02-10,0.24435112,0.3386262995789139,0.0,0.0
2022-02-11,0.1984038,0.2635245083574056,0.0,1.0
2022-02-14,0.25681493,0.35899864005581417,-6.303956253595525e-06,1.0
2022-02-15,0.2970477,0.4247599097722517,0.0012574553093836521,1.0
2022-02-16,0.5259267,0.7988671641342291,-0.00040337635484133144,1.0
2022-02-17,0.49248043,0.7441985552829385,0.0002819390444098162,1.0
2022-02-18,0.45501053,0.6829532738801762,0.027729155149831115,0.0
2022-02-22,0.5718858,0.8739882454996554,0.019310512592450965,0.0
2022-02-23,0.47094658,0.7090010572301927,0.0015253496637330538,0.0
2022-02-24,0.32526612,0.47088347199266994,-4.314421989340001e-06,0.0
2022-02-25,0.25141525,0.3501727659509826,-0.00027642909315188954,0.0
2022-02-28,0.12069048,0.1365005425249463,0.0035884744455404794,0.0
2022-03-01,0.14635609,0.1784514907359285,0.011802969066766384,0.0
2022-03-02,0.46096197,0.6926810109256636,0.01780829435449717,0.0
2022-03-03,0.29440436,0.4204393072344742,0.0,0.0
2022-03-04,0.31738842,0.4580072035023683,0.0,0.0
2022-03-07,0.15855923,0.1983977674659104,0.0,0.0
2022-03-08,0.14855337,0.1820429891598318,-3.009597043706131e-06,0.0
2022-03-09,0.33343923,0.48424257863073983,0.003788757281801755,0.0
2022-03-10,0.17431936,0.22415800101908714,-0.0017636968441879222,0.0
2022-03-11,0.26249623,0.36828484714050946,0.0,0.0
2022-03-14,0.20704918,0.2776555373833497,0.0,0.0
2022-03-15,0.20815632,0.27946518183154534,-2.8898381554959914e-06,0.0
2022-03-16,0.13990484,0.16790679661051566,0.0008346280554756447,0.0
2022-03-17,0.08863096,0.08409862300900187,-0.001130033710753588,0.0
2022-03-18,0.14297345,0.17292250194788744,0.000686306667947939,0.0
2022-03-21,0.1936371,0.2557332387138785,-0.00041902726409661576,0.0
2022-03-22,0.21049601,0.28328945286330887,-0.0003357100333023981,0.0
2022-03-23,0.12393751,0.1418078773297466,-0.004713383589253453,0.0
2022-03-24,0.02629636,0.0,-3.564287534204472e-05,0.0
2022-03-25,0.03103339,0.0,-9.884602564720403e-05,0.0
2022-03-28,0.05157778,0.023534470011802266,0.00040110303909568777,0.0
2022-03-29,0.041655578,0.0073164337391733985,0.0009094850576343177,0.0
2022-03-30,0.0228776,0.0,0.0005967527937861725,0.0
2022-03-31,0.039278366,0.003430833689246024,-0.004999646682304412,0.0
2022-04-01,0.01078933,0.0,0.0060193857058515945,0.0
2022-04-04,0.04907268,0.01943983251215633,0.0019370675087680268,0.0
2022-04-05,0.06122331,0.03930027784419962,-0.0008736909255639387,0.0
2022-04-06,0.028053237,0.0,-0.0003408442892898192,0.0
2022-04-07,0.016643228,0.0,0.0006044636521766132,0.0
2022-04-08,0.015997157,0.0,7.039727736090055e-05,0.0
2022-04-11,0.015375473,0.0,0.0007842338019049624,0.0
2022-04-12,0.02108278,0.0,0.00035521839434226135,0.0
2022-04-13,0.009751927,0.0,-0.0011624976440499104,0.0
2022-04-14,0.013516595,0.0,-0.0005175215427032915,0.0
2022-04-18,0.012040988,0.0,-0.000469318286052218,0.0
2022-04-19,0.015406105,0.0,0.0006066125521176611,0.0
2022-04-20,0.01576603,0.0,0.0014883154900282277,0.0
2022-04-21,0.017338684,0.0,-0.0011347789625086862,0.0
2022-04-22,0.02120341,0.0,-9.654882309830776e-05,0.0
2022-04-25,0.02290493,0.0,0.002713048890153232,0.0
2022-04-26,0.023413822,0.0,0.00171183296675842,0.0
2022-04-27,0.03684084,0.0,-4.417043082968964e-05,0.0
2022-04-28,0.020078486,0.0,0.0,0.0
2022-04-29,0.019154392,0.0,0.0,0.0
2022-05-02,0.019851638,0.0,0.0,0.0
2022-05-03,0.02074306,0.0,0.0,0.0
2022-05-04,0.021100992,0.0,0.0,0.0
2022-05-05,0.02470695,0.0,0.0,0.0
2022-05-06,0.08617975,0.08009206985970924,0.0,0.0
2022-05-09,0.1425543,0.1722373852076447,0.0,0.0
2022-05-10,0.10683886,0.11385979559761628,0.0,0.0
2022-05-11,0.07296185,0.05848715738392081,0.0,0.0
2022-05-12,0.106297806,0.11297543261706793,-7.95941106028772e-06,0.0
2022-05-13,0.09396529,0.09281769499125654,-0.0012339949930900542,0.0
2022-05-16,0.14166631,0.17078594801526154,-0.005155264893055829,0.0
2022-05-17,0.12994559,0.15162820463041662,0.0,0.0
2022-05-18,0.09139216,0.08861185906729482,0.0,0.0
2022-05-19,0.10186732,0.1057337128690258,0.0,0.0
2022-05-20,0.07288191,0.05835648614386953,0.0,0.0
2022-05-23,0.10459882,0.11019840693637334,0.0,0.0
2022-05-24,0.5243606,0.7963073230663094,0.0,0.0
2022-05-25,0.5933066,0.9090009283856707,0.0,0.0
2022-05-26,0.6229815,0.957505118443012,0.0,0.0
2022-05-27,0.59063935,0.9046412584352107,0.0,0.0
2022-05-31,0.5813394,0.8894403327528393,0.0,0.0
2022-06-01,0.12995529,0.15164406054416749,-2.6754708718835036e-06,0.0
2022-06-02,0.15131263,0.18655305890662305,0.0006522564399065705,0.0
2022-06-03,0.11763365,0.13150409079712916,-1.7376509335293154e-06,0.0
2022-06-06,0.1457392,0.17744316666008828,0.0002529759093242165,0.0
2022-06-07,0.116955176,0.13039511454989808,0.0002463400667071348,0.0
2022-06-08,0.12014447,0.13560808109382627,0.0005306221014169314,0.0
2022-06-09,0.16498289,0.20889735383054506,0.00015890794154912286,0.0
2022-06-10,0.07414427,0.06041983739020019,-0.0003907699042148805,0.0
2022-06-13,0.1596435,0.2001700250821436,-4.120651716784554e-08,0.0
2022-06-14,0.4176939,0.621958520785926,0.0015903698379078554,0.0
2022-06-15,0.08374081,0.0761055740759678,0.001605990602052251,0.0
2022-06-16,0.07636549,0.06405047629551307,-0.0015365291245124718,0.0
2022-06-17,0.040996812,0.006239668622411624,0.0020164892590696917,0.0
2022-06-21,0.06127406,0.0393832291164838,0.0006090104055640308,0.0
2022-06-22,0.044817094,0.012483994158354998,0.0,0.0
2022-06-23,0.043856163,0.01091333315981134,-1.8820070190707172e-06,0.0
2022-06-24,0.040144518,0.004846576808508012,0.00036663150951577264,0.0
2022-06-27,0.023834486,0.0,-2.547046791487074e-05,0.0
2022-06-28,0.014394312,0.0,-0.0008576649419268272,0.0
2022-06-29,0.011055413,0.0,-0.00030977070122504863,0.0
2022-06-30,0.062895656,0.04203376065268514,-0.00316530844355689,0.0
2022-07-01,0.10003912,0.10274548203304609,0.007281059332888123,0.0
2022-07-05,0.031173324,0.0,-0.00020728645245423705,0.0
2022-07-06,0.042519115,0.008727902337908081,0.0018536916762289324,0.0
2022-07-07,0.032673262,0.0,0.00032265161440424794,0.0
2022-07-08,0.06625716,0.047528200110994075,-0.004474098734677981,0.0
2022-07-11,0.08520014,0.0784908783114164,0.0,0.0
2022-07-12,0.029073305,0.0,0.0,0.0
2022-07-13,0.07704233,0.06515677335608885,0.0,0.0
2022-07-14,0.09024106,0.08673036370425267,0.0,0.0
2022-07-15,0.13255434,0.15589225197352513,0.0,0.0
2022-07-18,0.13755152,0.1640602396170286,0.0,1.0
2022-07-19,0.108270176,0.11619931009750172,-9.950699562678544e-05,1.0
2022-07-20,0.1882745,0.24696796293994117,0.002404169897209791,1.0
2022-07-21,0.23706569,0.3267181186521384,0.017350652856707956,1.0
2022-07-22,0.31103498,0.44762238375154945,0.01436394617785184,1.0
2022-07-25,0.27204192,0.383887455971236,0.041285257569839764,0.0
2022-07-26,0.6639918,1.0,0.011993257121484387,0.0
2022-07-27,0.649267,1.0,0.009831583478125246,0.0
2022-07-28,0.60680455,0.931063592079637,-0.0017627774472983282,0.0
2022-07-29,0.6334711,0.9746505490873096,-0.0008362820232495935,0.0
2022-08-01,0.30757234,0.4419626262984878,0.006370217082573192,0.0
2022-08-02,0.6080006,0.9330185215132764,-0.00011422523093657222,0.0
2022-08-03,0.51462907,0.7804009431813573,0.0011950390054762399,0.0
2022-08-04,0.5264716,0.7997578232034174,-0.013931214377865547,0.0
2022-08-05,0.52249616,0.7932598700271266,0.0050913385602167575,0.0
2022-08-08,0.22000311,0.2988290033826668,-0.0013483399259207884,0.0
2022-08-09,0.45241913,0.6787175772031292,0.015830702076470016,0.0
2022-08-10,0.53474706,0.8132842085137467,0.010272487931081905,0.0
2022-08-11,0.54443973,0.829127067318726,-0.004203728573660069,0.0
2022-08-12,0.49751964,0.7524352518860291,0.005408943118992651,0.0
2022-08-15,0.45267302,0.6791325588597915,-0.0030167647396416785,0.0
2022-08-16,0.44735873,0.6704462460234584,0.0017609410720581117,0.0
2022-08-17,0.5642411,0.8614928112142823,-9.821022656203042e-05,0.0
2022-08-18,0.5542318,0.8451324309724699,0.005041274813890715,0.0
2022-08-19,0.60465825,0.9275554163607133,-0.0014551673191868567,0.0
2022-08-22,0.5153296,0.7815459788453444,-0.013192124319255151,0.0
2022-08-23,0.50941396,0.7718767454939117,-0.005328274227584361,0.0
2022-08-24,0.4451636,0.6668582792546917,-0.019012961177921766,0.0
2022-08-25,0.7197162,1.0,0.005237565511316468,0.0
2022-08-26,0.5656209,0.8637481018282224,0.002510842091053706,0.0
2022-08-29,0.48518005,0.7322659450451153,-0.016523094892780685,0.0
2022-08-30,0.60241646,0.9238911658409976,-0.002893091879620255,0.0
2022-08-31,0.64837414,0.9990099090071611,-0.0036268907646265346,0.0
2022-09-01,0.6448735,0.9932880431361815,0.008924114974179196,0.0
2022-09-02,0.57265216,0.8752408383297313,-0.002755336210037216,0.0
2022-09-06,0.32182795,0.46526370748949913,0.001215025911489987,0.0
2022-09-07,0.20742124,0.2782636883978586,-0.0006659527896222008,0.0
2022-09-08,0.17518759,0.2255771418341529,0.002706505980516368,0.0
2022-09-09,0.13058302,0.15267009160817496,-0.0026616403336923765,0.0
2022-09-12,0.12581626,0.14487872453967857,0.0,0.0
2022-09-13,0.10804113,0.11582493029678817,0.0,0.0
2022-09-14,0.120310746,0.1358798602237633,0.0,0.0
2022-09-15,0.18341503,0.23902505133172455,-0.0001047475980823853,0.0
2022-09-16,0.26422226,0.37110607940101636,-0.004762507691035261,0.0
2022-09-19,0.23670758,0.3261327894366841,0.015953808190409653,0.0
2022-09-20,0.5565361,0.8488987828599945,0.010425492703561398,0.0
2022-09-21,0.52824134,0.8026504679664089,0.011894640951683258,0.0
2022-09-22,0.4703486,0.7080236412258576,0.007698033266932282,0.0
2022-09-23,0.30295262,0.4344116066292134,-0.00789592046374252,0.0
2022-09-26,0.40840828,0.6067809770961826,0.01451111986808648,0.0
2022-09-27,0.467491,0.7033528446359911,0.0176595791768843,1.0
2022-09-28,0.49429107,0.7471580822873432,0.007865081502500041,1.0
2022-09-29,0.72016466,1.0,-0.01808278583502218,1.0
2022-09-30,0.66583216,1.0,0.002482911657428465,1.0
2022-10-03,0.56471485,0.8622671448701463,-0.0324214653543138,1.0
2022-10-04,0.282828,0.40151752712523353,0.031469517298570816,0.0
2022-10-05,0.5646553,0.8621698173258322,0.005686191283268107,0.0
2022-10-06,0.5658425,0.8641103278640178,-5.8863065720909694e-05,0.0
2022-10-07,0.5775277,0.8832100059671698,-0.010796130179363327,0.0
2022-10-10,0.4716836,0.7102057169753812,-0.01733899986968726,0.0
2022-10-11,0.3766486,0.554869153888218,0.0,0.0
2022-10-12,0.43074688,0.6432938583717074,-1.2031962162789726e-05,0.0
2022-10-13,0.44668838,0.6693505561064134,0.001050423401753802,0.0
2022-10-14,0.491404,0.7424391090501661,0.0021034130435414336,0.0
2022-10-17,0.5550986,0.8465491848757882,0.0005252949044048292,0.0
2022-10-18,0.36081946,0.5289961022206112,0.003934027358581096,0.0
2022-10-19,0.351112,0.5131290820232496,-0.0013114595440176708,0.0
2022-10-20,0.34615454,0.5050260037655312,0.0,0.0
2022-10-21,0.12927817,0.15053728853686646,0.0,0.0
2022-10-24,0.1335316,0.15748960741365242,-1.0245978261482743e-05,0.0
2022-10-25,0.12447108,0.14268001347664988,0.001507312683115922,0.0
2022-10-26,0.07290148,0.058388478068157945,0.0013140236805225128,0.0
2022-10-27,0.1032228,0.10794927845174052,-0.0003104507933027758,0.0
2022-10-28,0.109754495,0.11862545975132235,3.088048917225056e-05,0.0
2022-10-31,0.10385107,0.1089761985185927,-0.0013412207696285275,0.0
2022-11-01,0.09765929,0.09885560746259142,0.006392881972775332,0.0
2022-11-02,0.12883608,0.14981468753969193,0.0005345764809551368,0.0
2022-11-03,0.12888211,0.14988992397222098,0.004537154861148415,0.0
2022-11-04,0.10606418,0.11259356327184072,0.0,0.0
2022-11-07,0.23906371,0.3299839254037275,0.0,0.0
2022-11-08,0.1305913,0.15268363367890536,-3.67671681738561e-05,0.0
2022-11-09,0.07860863,0.06771693105515873,-0.0021694807695463877,0.0
2022-11-10,0.054013345,0.027515449106658027,0.0,0.0
2022-11-11,0.21539186,0.29129181805903065,0.0,0.0
2022-11-14,0.30502328,0.4377961500621166,-4.950135766564499e-05,0.0
2022-11-15,0.25162885,0.35052188832840947,-0.00012889474632748598,0.0
2022-11-16,0.19797924,0.26283055030120034,-3.752537894693836e-05,0.0
2022-11-17,0.19868328,0.26398130968213285,0.004951668675702554,0.0
2022-11-18,0.1668257,0.21190946596212035,0.0003477248191574287,0.0
2022-11-21,0.29463154,0.42081064250489764,-0.0006891485250550678,0.0
2022-11-22,0.18569149,0.24274597882732074,0.001516661655529675,0.0
2022-11-23,0.22174476,0.301675760985126,-0.00029654190564704715,0.0
2022-11-25,0.24155372,0.3340539022080236,0.0005994392588764294,0.0
2022-11-28,0.24056414,0.33243640415549697,0.007053933210532775,0.0
2022-11-29,0.12744804,0.1475459035675062,0.00965181284138128,0.0
2022-11-30,0.3364699,0.48919624861892047,0.003765504420211519,0.0
2022-12-01,0.24461187,0.33905250946328613,-0.023276080838125702,0.0
2022-12-02,0.25735137,0.35987546477936416,-0.0005326956051515404,0.0
2022-12-05,0.28173026,0.3997232514659423,-0.007747212942387043,0.0
2022-12-06,0.04042968,0.005312682217801823,-0.003681447010224267,0.0
2022-12-07,0.101666026,0.1054046965696348,-0.010876564921131895,1.0
2022-12-08,0.2105117,0.2833150999864727,0.005263353679773377,1.0
2022-12-09,0.23138776,0.31743744043444994,-0.014301522221820169,1.0
2022-12-12,0.5095991,0.7721793474485057,0.005607579284034119,1.0
2022-12-13,0.33357963,0.48447206314588676,0.016014320494385326,1.0
2022-12-14,0.400708,0.5941946940269528,0.023725802310245892,0.0
2022-12-15,0.45165217,0.6774639614108758,-0.00880250700487181,0.0
2022-12-16,0.47620422,0.717594767633222,0.0003890096658641538,1.0
2022-12-19,0.56259096,0.8587956009396731,0.005914183025348493,1.0
2022-12-20,0.6634683,1.0,-0.0026205321704200596,1.0
2022-12-21,0.7051931,1.0,0.0029667964051000046,1.0
2022-12-22,0.70928675,1.0,0.004938772338835537,1.0
2022-12-23,0.6803022,1.0,0.037868537823700366,0.0
2022-12-27,0.7609071,1.0,0.016816414476301295,0.0
2022-12-28,0.72047,1.0,0.0051680363937891,0.0
2022-12-29,0.67029953,1.0,0.0,0.0
2022-12-30,0.7720902,1.0,0.0,0.0
2023-01-03,0.45747554,0.686982380909858,0.0,0.0
2023-01-04,0.5057038,0.765812430855901,-7.978063110578189e-05,0.0
2023-01-05,0.17936035,0.23239759601501386,-0.002336277161023804,0.0
2023-01-06,0.4476998,0.6710037116976977,0.003669232267388367,0.0
2023-01-09,0.45636493,0.6851670614572015,0.001330507565781643,0.0
2023-01-10,0.58981645,0.9032962093092849,0.010715732313448887,0.0
2023-01-11,0.6687076,1.0,0.005158507520445639,0.0
2023-01-12,0.5211146,0.791001656664108,-0.0007000108552533369,0.0
2023-01-13,0.4905744,0.7410830996151959,-0.0013623257849741856,0.0
2023-01-17,0.47783324,0.7202574407562203,0.0001443864634564781,0.0
2023-01-18,0.50341266,0.7620675124616187,0.0028798297449445344,0.0
2023-01-19,0.5756629,0.8801619683781713,0.015600448164953888,0.0
2023-01-20,0.7042906,1.0,0.002741092650126447,0.0
2023-01-23,0.5066377,0.7673388852746323,0.0013459529586727153,0.0
2023-01-24,0.35473517,0.5190512049185912,0.0,0.0
2023-01-25,0.32268345,0.46666204807362294,0.0,0.0
2023-01-26,0.2366865,0.3260983253538001,0.0,0.0
2023-01-27,0.26498026,0.37234503273539254,0.0,0.0
2023-01-30,0.12739728,0.14746294620616143,-0.00011613716074381686,0.0
2023-01-31,0.13514566,0.16012782686936058,0.01414275792812118,0.0
2023-02-01,0.31918362,0.4609414974397285,-0.028486405465008358,0.0
2023-02-02,0.19222993,0.2534331813265528,-0.00579527471260167,0.0
2023-02-03,0.17003933,0.2171622062497585,-0.009184468147594589,0.0
2023-02-06,0.5629755,0.8594241868414892,-0.003613780484409899,0.0
2023-02-07,0.5657303,0.8639268766468572,-1.838179276383119e-05,0.0
2023-02-08,0.6920502,1.0,-0.0004158344135739599,0.0
2023-02-09,0.6101763,0.9365748251670261,0.0010371745647964887,0.0
2023-02-10,0.5906269,0.9046208966166305,-0.0013160989386940124,0.0
2023-02-13,0.70434356,1.0,0.001134634360734979,0.0
2023-02-14,0.6937465,1.0,-0.00028583484221877216,0.0
2023-02-15,0.7027603,1.0,-0.0015401733312417946,0.0
2023-02-16,0.7820725,1.0,0.000799351255908232,0.0
2023-02-17,0.8571786,1.0,-5.778763386175162e-05,0.0
2023-02-21,0.789671,1.0,-0.0014476529464980707,0.0
2023-02-22,0.7947391,1.0,-0.006063024666701564,1.0
2023-02-23,0.7543956,1.0,-0.0037529807497611403,1.0
2023-02-24,0.7590367,1.0,-0.002302099729388213,1.0
2023-02-27,0.7418823,1.0,0.010687457161736672,1.0
2023-02-28,0.6450377,0.993556448926557,0.0037042440101195287,1.0
2023-03-01,0.7030957,1.0,0.05726933312835345,0.0
2023-03-02,0.7315661,1.0,0.002331193671299448,0.0
2023-03-03,0.62571543,0.9619738069341002,0.004669540112227123,1.0
2023-03-06,0.14642958,0.17857161572305486,0.00644485686788077,1.0
2023-03-07,0.08606212,0.07989980168282856,9.225153563615747e-05,1.0
2023-03-08,0.10258663,0.10690943739833712,-0.0001269191349145263,1.0
2023-03-09,0.1502269,0.1847784143786424,-0.012961185316575294,1.0
2023-03-10,0.49123597,0.7421644680617564,0.02152646352036444,0.0
2023-03-13,0.2891266,0.41181271590431173,0.0086602913836131,0.0
2023-03-14,0.35404813,0.5179282360101468,0.008552416276505069,0.0
2023-03-15,0.647874,0.9981924160899047,-0.004967204168896597,0.0
2023-03-16,0.5208807,0.7906193610846403,0.004943814738262479,0.0
2023-03-17,0.69097394,1.0,0.017720265141103503,0.0
2023-03-20,0.75592643,1.0,-0.0033143428903339,0.0
2023-03-21,0.77073044,1.0,-0.008826098904556256,0.0
2023-03-22,0.7005909,1.0,0.0030812191487268638,0.0
2023-03-23,0.7290353,1.0,-0.008322605978236971,0.0
2023-03-24,0.6659803,1.0,0.006825377463824636,0.0
2023-03-27,0.7050095,1.0,-0.0023545811949433806,0.0
2023-03-28,0.54722595,0.8336811975078756,-0.002701173928305197,0.0
2023-03-29,0.5972561,0.9154565017003233,-0.03046193671747581,0.0
2023-03-30,0.28932816,0.41214215843794333,-0.024743886240244053,0.0
2023-03-31,0.742816,1.0,-0.007367983529611451,0.0
2023-04-03,0.7342051,1.0,-0.02914561506722195,0.0
2023-04-04,0.73073363,1.0,0.0,0.0
2023-04-05,0.59398454,0.9101090399862994,0.0,0.0
2023-04-06,0.6472296,0.9971391547469826,0.0,0.0
2023-04-10,0.6124065,0.9402200778177314,0.0,0.0
2023-04-11,0.556252,0.8484344554563901,0.0,0.0
2023-04-12,0.7317182,1.0,0.0,0.0
2023-04-13,0.7750222,1.0,-0.0001242373684330411,0.0
2023-04-14,0.75683135,1.0,-0.004598704166074306,0.0
2023-04-17,0.7805392,1.0,-0.0025370693133217764,0.0
2023-04-18,0.80440706,1.0,-0.006089790767962463,0.0
2023-04-19,0.8400243,1.0,-0.01397993894190699,0.0
2023-04-20,0.86071116,1.0,-0.0001399644001484019,0.0
2023-04-21,0.7979452,1.0,-0.00186319390003031,0.0
2023-04-24,0.82099456,1.0,0.004337889165810849,0.0
2023-04-25,0.85525966,1.0,-0.005196714886688228,0.0
2023-04-26,0.8260147,1.0,0.004758924189389194,0.0
2023-04-27,0.75917673,1.0,-0.010004942294696227,0.0
2023-04-28,0.75917673,1.0,-0.003497462595209826,0.0
2023-05-01,0.5508561,0.8396147678371081,0.0035652131426257977,1.0
2023-05-02,0.75749564,1.0,-0.004867057351546508,1.0
2023-05-03,0.24091405,0.33300833743767483,-0.008939489052053428,1.0
2023-05-04,0.22201204,0.30211263890363477,0.004927128671330617,1.0
2023-05-05,0.22201204,0.30211263890363477,-0.004861651467318479,1.0
2023-05-08,0.2117669,0.2853667480583682,0.02948209545099583,1.0
2023-05-09,0.49098292,0.7417508503546639,0.0029770146087031006,1.0
2023-05-10,0.50879925,0.7708720017856926,0.035441199897308456,1.0
2023-05-11,0.5017592,0.7593648463887297,0.0007417315887511711,1.0
2023-05-12,0.546722,0.832857469392585,-0.01237117845695699,1.0
2023-05-15,0.6921803,1.0,0.024950052442080293,1.0
2023-05-16,0.7928284,1.0,0.005638879630411536,1.0
2023-05-17,0.7441445,1.0,0.03090318108086947,0.0
2023-05-18,0.7728753,1.0,0.014561431289673186,0.0
2023-05-19,0.7722872,1.0,-0.01690747468922295,0.0
2023-05-22,0.8092893,1.0,0.015140840708084987,0.0
2023-05-23,0.82811296,1.0,-0.019669519315993936,0.0
2023-05-24,0.82718253,1.0,0.008703499552456261,0.0
2023-05-25,0.69737303,1.0,-0.0038241866330353553,0.0
2023-05-26,0.66147333,1.0,0.0015014537287508965,0.0
2023-05-30,0.6323073,0.9727483265620525,-0.006101211075653015,0.0
2023-05-31,0.61816293,0.9496290890762085,0.005914434425210909,1.0
2023-06-01,0.6206385,0.9536754403254533,0.0037343324475608013,1.0
2023-06-02,0.6206385,0.9536754403254533,0.00149508118611641,1.0
2023-06-05,0.6291772,0.9676321517251072,0.009578957726437885,1.0
2023-06-06,0.6215198,0.9551159659212768,0.010263690738555716,1.0
2023-06-07,0.61420834,0.9431652346391668,0.021083886167841938,0.0
2023-06-08,0.5613704,0.8568005324186889,0.008903685884961916,0.0
2023-06-09,0.6548996,1.0,-0.0010846629824432523,0.0
2023-06-12,0.7461293,1.0,0.010483633375903991,0.0
2023-06-13,0.7019361,1.0,0.015921824243870772,0.0
2023-06-14,0.67507714,1.0,-0.005388022540301815,0.0
2023-06-15,0.7148682,1.0,-3.091011983769611e-05,0.0
2023-06-16,0.55073744,0.8394207947232649,0.003031756303422451,0.0
2023-06-20,0.44317707,0.6636112511659319,-0.007771449355162501,0.0
2023-06-21,0.12980111,0.1513920465048738,0.010700596010754225,0.0
2023-06-22,0.099603616,0.10203364649497738,-0.000475514303437552,0.0
2023-06-23,0.09988198,0.10248863327965174,-0.000562628284788627,0.0
2023-06-26,0.07845536,0.06746640274664663,-0.0011206452430127197,0.0
2023-06-27,0.07534473,0.0623820128059301,0.002325047568732456,0.0
2023-06-28,0.049327157,0.019855782329450962,0.0008769941446752408,0.0
2023-06-29,0.04853619,0.018562928630818744,-9.688923758514585e-05,0.0
2023-06-30,0.07811687,0.06691313852420772,0.0021459666083446893,0.0
2023-07-03,0.03523887,0.0,-0.006386727331958934,0.0
2023-07-05,0.033184864,0.0,-2.5743017138700407e-06,0.0
2023-07-06,0.03383613,0.0,0.0014211917144373132,0.0
2023-07-07,0.05847249,0.0348040119977437,0.0011236604807239312,0.0
2023-07-10,0.08751865,0.08228052694472085,-0.0009126948468133399,0.0
2023-07-11,0.088397786,0.08371749652916545,0.0013202257885371613,0.0
2023-07-12,0.102773115,0.10721425577098237,0.0021759742919350805,0.0
2023-07-13,0.05663971,0.03180829161725034,-0.0011404791157723698,0.0
2023-07-14,0.24032122,0.33203934869318275,0.00020609317415689734,0.0
2023-07-17,0.13235438,0.15556541555782186,0.0010431177560937365,0.0
2023-07-18,0.0831136,0.07508039548044156,0.004951660841789432,0.0
2023-07-19,0.12016451,0.13564084023974782,-0.002487380203646678,0.0
2023-07-20,0.06593802,0.047006562469208764,0.0,0.0
2023-07-21,0.024063373,0.0,0.0,0.0
2023-07-24,0.018733492,0.0,0.0,0.0
2023-07-25,0.01950478,0.0,0.0,0.0
2023-07-26,0.023628896,0.0,0.0,0.0
2023-07-27,0.023628896,0.0,0.0,0.0
2023-07-28,0.060396917,0.0379495232685102,0.0,0.0
2023-07-31,0.07787767,0.06652215994435251,0.0,0.0
2023-08-01,0.082710095,0.07442085279463567,-2.8116025392838853e-05,0.0
2023-08-02,0.09622,0.09650306237306433,0.0022059584693086033,0.0
2023-08-03,0.09840565,0.10007555074983622,-0.001871779166433485,0.0
2023-08-04,0.15425076,0.19135547662999128,-0.0026081432305576696,0.0
2023-08-07,0.14160857,0.1706915675762683,-0.00031217641358015905,0.0
2023-08-08,0.13305157,0.15670499542352906,-0.002356680249247443,0.0
2023-08-09,0.1314554,0.15409602781484824,-0.0016146779103938355,0.0
2023-08-10,0.1327896,0.15627678832728648,0.007021415398600463,0.0
2023-08-11,0.10577028,0.1121131851045469,0.0006618426129749852,0.0
2023-08-14,0.1033846,0.10821373853086014,0.001181361402499114,0.0
2023-08-15,0.09368531,0.09236005337616922,0.0029705383527529345,0.0
2023-08-16,0.08545569,0.07890858786721872,0.002508906696194536,0.0
2023-08-17,0.11864028,0.1331494523908708,-0.005320348325965599,0.0
2023-08-18,0.05481401,0.02882415262998053,-0.002841723149301642,0.0
2023-08-21,0.033108953,0.0,0.0028236045891322633,0.0
2023-08-22,0.2576201,0.3603147052533781,-0.0008822909406720437,0.0
2023-08-23,0.059194636,0.035984370302156565,0.009226552379419193,0.0
2023-08-24,0.3739859,0.5505168882354234,-0.00017037161871427957,0.0
2023-08-25,0.44675153,0.6694537778613691,0.0,0.0
2023-08-28,0.09848894,0.10021168996628851,0.0,0.0
2023-08-29,0.11735013,0.1310406767526118,0.0,0.0
2023-08-30,0.26855466,0.3781874620058604,0.0,0.0
2023-08-31,0.45213708,0.6782565622484804,0.0,0.0
2023-09-01,0.4290716,0.6405555834725453,-1.8049467050579394e-05,0.0
2023-09-05,0.3385622,0.4926161573156735,0.0032123022463618734,0.0
2023-09-06,0.3131641,0.4511024523668349,-0.00268313641192959,0.0
2023-09-07,0.35233516,0.515128339817913,0.006166991730934147,0.0
