t,cb,budget,trail,cool,zcut,entries,train_t
1.5,0.99,0.075,0.85,3,-0.4479166666666665,858,3.6362166866065575
1.5,0.995,0.075,0.85,3,-0.4479166666666665,858,3.6362166866065575
1.5,0.999,0.075,0.85,3,-0.4479166666666665,858,3.6362166866065575
1.5,0.99,0.05,0.65,3,-0.4479166666666665,858,3.535622994560023
1.5,0.99,0.075,0.65,3,-0.4479166666666665,858,3.535622994560023
1.5,0.995,0.05,0.65,3,-0.4479166666666665,858,3.535622994560023
1.5,0.995,0.075,0.65,3,-0.4479166666666665,858,3.535622994560023
1.5,0.999,0.05,0.65,3,-0.4479166666666665,858,3.535622994560023
1.5,0.999,0.075,0.65,3,-0.4479166666666665,858,3.535622994560023
1.5,0.99,0.05,0.85,3,-0.4479166666666665,858,3.452661354638739
1.5,0.995,0.05,0.85,3,-0.4479166666666665,858,3.452661354638739
1.5,0.999,0.05,0.85,3,-0.4479166666666665,858,3.452661354638739
1.5,0.99,0.05,0.65,0,-0.4479166666666665,858,3.4297244291813835
1.5,0.99,0.075,0.65,0,-0.4479166666666665,858,3.4297244291813835
1.5,0.995,0.05,0.65,0,-0.4479166666666665,858,3.4297244291813835
1.5,0.995,0.075,0.65,0,-0.4479166666666665,858,3.4297244291813835
1.5,0.999,0.05,0.65,0,-0.4479166666666665,858,3.4297244291813835
1.5,0.999,0.075,0.65,0,-0.4479166666666665,858,3.4297244291813835
1.5,0.99,0.05,0.85,0,-0.4479166666666665,858,3.3426553370963963
1.5,0.995,0.05,0.85,0,-0.4479166666666665,858,3.3426553370963963
1.5,0.999,0.05,0.85,0,-0.4479166666666665,858,3.3426553370963963
1.5,0.99,0.075,0.85,5,-0.4479166666666665,858,3.323643755489594
1.5,0.995,0.075,0.85,5,-0.4479166666666665,858,3.323643755489594
1.5,0.999,0.075,0.85,5,-0.4479166666666665,858,3.323643755489594
1.5,0.99,0.075,0.85,0,-0.4479166666666665,858,3.2992875662989416
1.5,0.995,0.075,0.85,0,-0.4479166666666665,858,3.2992875662989416
1.5,0.999,0.075,0.85,0,-0.4479166666666665,858,3.2992875662989416
1.5,0.99,0.05,0.75,0,-0.4479166666666665,858,3.2303244978028314
1.5,0.995,0.05,0.75,0,-0.4479166666666665,858,3.2303244978028314
1.5,0.999,0.05,0.75,0,-0.4479166666666665,858,3.2303244978028314
1.5,0.99,0.075,0.75,3,-0.4479166666666665,858,3.2121621066994868
1.5,0.995,0.075,0.75,3,-0.4479166666666665,858,3.2121621066994868
1.5,0.999,0.075,0.75,3,-0.4479166666666665,858,3.2121621066994868
1.5,0.99,0.075,0.75,0,-0.4479166666666665,858,3.1689555587992686
1.5,0.995,0.075,0.75,0,-0.4479166666666665,858,3.1689555587992686
1.5,0.999,0.075,0.75,0,-0.4479166666666665,858,3.1689555587992686
1.5,0.99,0.05,0.75,3,-0.4479166666666665,858,3.1409999278028673
1.5,0.995,0.05,0.75,3,-0.4479166666666665,858,3.1409999278028673
1.5,0.999,0.05,0.75,3,-0.4479166666666665,858,3.1409999278028673
1.5,0.99,0.02,0.85,0,-0.4479166666666665,858,3.001917667519818
1.5,0.995,0.02,0.85,0,-0.4479166666666665,858,3.001917667519818
1.5,0.999,0.02,0.85,0,-0.4479166666666665,858,3.001917667519818
1.5,0.99,0.05,0.85,5,-0.4479166666666665,858,2.9827344813933787
1.5,0.995,0.05,0.85,5,-0.4479166666666665,858,2.9827344813933787
1.5,0.999,0.05,0.85,5,-0.4479166666666665,858,2.9827344813933787
1.5,0.99,0.075,0.75,5,-0.4479166666666665,858,2.8243884403728914
1.5,0.995,0.075,0.75,5,-0.4479166666666665,858,2.8243884403728914
1.5,0.999,0.075,0.75,5,-0.4479166666666665,858,2.8243884403728914
1.5,0.99,0.02,0.75,0,-0.4479166666666665,858,2.7994543950958026
1.5,0.995,0.02,0.75,0,-0.4479166666666665,858,2.7994543950958026
1.5,0.999,0.02,0.75,0,-0.4479166666666665,858,2.7994543950958026
1.5,0.99,0.05,0.65,5,-0.4479166666666665,858,2.757507642028657
1.5,0.99,0.075,0.65,5,-0.4479166666666665,858,2.757507642028657
1.5,0.995,0.05,0.65,5,-0.4479166666666665,858,2.757507642028657
1.5,0.995,0.075,0.65,5,-0.4479166666666665,858,2.757507642028657
1.5,0.999,0.05,0.65,5,-0.4479166666666665,858,2.757507642028657
1.5,0.999,0.075,0.65,5,-0.4479166666666665,858,2.757507642028657
1.5,0.99,0.05,0.75,5,-0.4479166666666665,858,2.7530048795821562
1.5,0.995,0.05,0.75,5,-0.4479166666666665,858,2.7530048795821562
1.5,0.999,0.05,0.75,5,-0.4479166666666665,858,2.7530048795821562
1.5,0.99,0.02,0.65,0,-0.4479166666666665,858,2.6777724275530095
1.5,0.995,0.02,0.65,0,-0.4479166666666665,858,2.6777724275530095
1.5,0.999,0.02,0.65,0,-0.4479166666666665,858,2.6777724275530095
2.0,0.99,0.05,0.75,3,-0.90625,586,2.6635688568526468
2.0,0.99,0.075,0.75,3,-0.90625,586,2.6635688568526468
2.0,0.995,0.05,0.75,3,-0.90625,586,2.6635688568526468
2.0,0.995,0.075,0.75,3,-0.90625,586,2.6635688568526468
2.0,0.999,0.05,0.75,3,-0.90625,586,2.6635688568526468
2.0,0.999,0.075,0.75,3,-0.90625,586,2.6635688568526468
2.5,0.99,0.05,0.75,3,-0.90625,586,2.6635688568526468
2.5,0.99,0.075,0.75,3,-0.90625,586,2.6635688568526468
2.5,0.995,0.05,0.75,3,-0.90625,586,2.6635688568526468
2.5,0.995,0.075,0.75,3,-0.90625,586,2.6635688568526468
2.5,0.999,0.05,0.75,3,-0.90625,586,2.6635688568526468
2.5,0.999,0.075,0.75,3,-0.90625,586,2.6635688568526468
2.0,0.99,0.05,0.75,0,-0.90625,586,2.470414069459937
2.0,0.995,0.05,0.75,0,-0.90625,586,2.470414069459937
2.0,0.999,0.05,0.75,0,-0.90625,586,2.470414069459937
2.5,0.99,0.05,0.75,0,-0.90625,586,2.470414069459937
2.5,0.995,0.05,0.75,0,-0.90625,586,2.470414069459937
2.5,0.999,0.05,0.75,0,-0.90625,586,2.470414069459937
2.0,0.99,0.05,0.85,0,-0.90625,586,2.4357450495248543
2.0,0.995,0.05,0.85,0,-0.90625,586,2.4357450495248543
2.0,0.999,0.05,0.85,0,-0.90625,586,2.4357450495248543
2.5,0.99,0.05,0.85,0,-0.90625,586,2.4357450495248543
2.5,0.995,0.05,0.85,0,-0.90625,586,2.4357450495248543
2.5,0.999,0.05,0.85,0,-0.90625,586,2.4357450495248543
2.0,0.99,0.075,0.85,0,-0.90625,586,2.4144240959592422
2.0,0.995,0.075,0.85,0,-0.90625,586,2.4144240959592422
2.0,0.999,0.075,0.85,0,-0.90625,586,2.4144240959592422
2.5,0.99,0.075,0.85,0,-0.90625,586,2.4144240959592422
2.5,0.995,0.075,0.85,0,-0.90625,586,2.4144240959592422
2.5,0.999,0.075,0.85,0,-0.90625,586,2.4144240959592422
2.0,0.99,0.075,0.75,0,-0.90625,586,2.4025018579082125
2.0,0.995,0.075,0.75,0,-0.90625,586,2.4025018579082125
2.0,0.999,0.075,0.75,0,-0.90625,586,2.4025018579082125
2.5,0.99,0.075,0.75,0,-0.90625,586,2.4025018579082125
2.5,0.995,0.075,0.75,0,-0.90625,586,2.4025018579082125
2.5,0.999,0.075,0.75,0,-0.90625,586,2.4025018579082125
2.0,0.99,0.05,0.85,3,-0.90625,586,2.334262609100213
2.0,0.995,0.05,0.85,3,-0.90625,586,2.334262609100213
2.0,0.999,0.05,0.85,3,-0.90625,586,2.334262609100213
2.5,0.99,0.05,0.85,3,-0.90625,586,2.334262609100213
2.5,0.995,0.05,0.85,3,-0.90625,586,2.334262609100213
2.5,0.999,0.05,0.85,3,-0.90625,586,2.334262609100213
2.0,0.99,0.075,0.85,3,-0.90625,586,2.319529845785262
2.0,0.995,0.075,0.85,3,-0.90625,586,2.319529845785262
2.0,0.999,0.075,0.85,3,-0.90625,586,2.319529845785262
2.5,0.99,0.075,0.85,3,-0.90625,586,2.319529845785262
2.5,0.995,0.075,0.85,3,-0.90625,586,2.319529845785262
2.5,0.999,0.075,0.85,3,-0.90625,586,2.319529845785262
2.0,0.99,0.075,0.85,5,-0.90625,586,2.252301859368811
2.0,0.995,0.075,0.85,5,-0.90625,586,2.252301859368811
2.0,0.999,0.075,0.85,5,-0.90625,586,2.252301859368811
2.5,0.99,0.075,0.85,5,-0.90625,586,2.252301859368811
2.5,0.995,0.075,0.85,5,-0.90625,586,2.252301859368811
2.5,0.999,0.075,0.85,5,-0.90625,586,2.252301859368811
2.0,0.99,0.05,0.65,0,-0.90625,586,2.14925179371281
2.0,0.99,0.075,0.65,0,-0.90625,586,2.14925179371281
2.0,0.995,0.05,0.65,0,-0.90625,586,2.14925179371281
2.0,0.995,0.075,0.65,0,-0.90625,586,2.14925179371281
2.0,0.999,0.05,0.65,0,-0.90625,586,2.14925179371281
2.0,0.999,0.075,0.65,0,-0.90625,586,2.14925179371281
2.5,0.99,0.05,0.65,0,-0.90625,586,2.14925179371281
2.5,0.99,0.075,0.65,0,-0.90625,586,2.14925179371281
2.5,0.995,0.05,0.65,0,-0.90625,586,2.14925179371281
2.5,0.995,0.075,0.65,0,-0.90625,586,2.14925179371281
2.5,0.999,0.05,0.65,0,-0.90625,586,2.14925179371281
2.5,0.999,0.075,0.65,0,-0.90625,586,2.14925179371281
1.5,0.99,0.02,0.85,5,-0.4479166666666665,858,2.1164809446174817
1.5,0.995,0.02,0.85,5,-0.4479166666666665,858,2.1164809446174817
1.5,0.999,0.02,0.85,5,-0.4479166666666665,858,2.1164809446174817
2.0,0.99,0.05,0.75,5,-0.90625,586,2.110507419512329
2.0,0.99,0.075,0.75,5,-0.90625,586,2.110507419512329
2.0,0.995,0.05,0.75,5,-0.90625,586,2.110507419512329
2.0,0.995,0.075,0.75,5,-0.90625,586,2.110507419512329
2.0,0.999,0.05,0.75,5,-0.90625,586,2.110507419512329
2.0,0.999,0.075,0.75,5,-0.90625,586,2.110507419512329
2.5,0.99,0.05,0.75,5,-0.90625,586,2.110507419512329
2.5,0.99,0.075,0.75,5,-0.90625,586,2.110507419512329
2.5,0.995,0.05,0.75,5,-0.90625,586,2.110507419512329
2.5,0.995,0.075,0.75,5,-0.90625,586,2.110507419512329
2.5,0.999,0.05,0.75,5,-0.90625,586,2.110507419512329
2.5,0.999,0.075,0.75,5,-0.90625,586,2.110507419512329
2.0,0.99,0.05,0.65,3,-0.90625,586,2.1055324293638087
2.0,0.99,0.075,0.65,3,-0.90625,586,2.1055324293638087
2.0,0.995,0.05,0.65,3,-0.90625,586,2.1055324293638087
2.0,0.995,0.075,0.65,3,-0.90625,586,2.1055324293638087
2.0,0.999,0.05,0.65,3,-0.90625,586,2.1055324293638087
2.0,0.999,0.075,0.65,3,-0.90625,586,2.1055324293638087
2.5,0.99,0.05,0.65,3,-0.90625,586,2.1055324293638087
2.5,0.99,0.075,0.65,3,-0.90625,586,2.1055324293638087
2.5,0.995,0.05,0.65,3,-0.90625,586,2.1055324293638087
2.5,0.995,0.075,0.65,3,-0.90625,586,2.1055324293638087
2.5,0.999,0.05,0.65,3,-0.90625,586,2.1055324293638087
2.5,0.999,0.075,0.65,3,-0.90625,586,2.1055324293638087
1.5,0.99,0.02,0.75,5,-0.4479166666666665,858,2.09944799463877
1.5,0.995,0.02,0.75,5,-0.4479166666666665,858,2.09944799463877
1.5,0.999,0.02,0.75,5,-0.4479166666666665,858,2.09944799463877
2.0,0.99,0.02,0.85,0,-0.90625,586,2.0125069710524857
2.0,0.995,0.02,0.85,0,-0.90625,586,2.0125069710524857
2.0,0.999,0.02,0.85,0,-0.90625,586,2.0125069710524857
2.5,0.99,0.02,0.85,0,-0.90625,586,2.0125069710524857
2.5,0.995,0.02,0.85,0,-0.90625,586,2.0125069710524857
2.5,0.999,0.02,0.85,0,-0.90625,586,2.0125069710524857
2.0,0.99,0.05,0.85,5,-0.90625,586,1.93174987373728
2.0,0.995,0.05,0.85,5,-0.90625,586,1.93174987373728
2.0,0.999,0.05,0.85,5,-0.90625,586,1.93174987373728
2.5,0.99,0.05,0.85,5,-0.90625,586,1.93174987373728
2.5,0.995,0.05,0.85,5,-0.90625,586,1.93174987373728
2.5,0.999,0.05,0.85,5,-0.90625,586,1.93174987373728
1.5,0.99,0.02,0.65,5,-0.4479166666666665,858,1.9189987642896724
1.5,0.995,0.02,0.65,5,-0.4479166666666665,858,1.9189987642896724
1.5,0.999,0.02,0.65,5,-0.4479166666666665,858,1.9189987642896724
2.0,0.99,0.02,0.75,0,-0.90625,586,1.8617369524687732
2.0,0.995,0.02,0.75,0,-0.90625,586,1.8617369524687732
2.0,0.999,0.02,0.75,0,-0.90625,586,1.8617369524687732
2.5,0.99,0.02,0.75,0,-0.90625,586,1.8617369524687732
2.5,0.995,0.02,0.75,0,-0.90625,586,1.8617369524687732
2.5,0.999,0.02,0.75,0,-0.90625,586,1.8617369524687732
1.5,0.99,0.02,0.75,3,-0.4479166666666665,858,1.7625220307006146
1.5,0.995,0.02,0.75,3,-0.4479166666666665,858,1.7625220307006146
1.5,0.999,0.02,0.75,3,-0.4479166666666665,858,1.7625220307006146
2.0,0.99,0.02,0.65,0,-0.90625,586,1.6412196190912092
2.0,0.995,0.02,0.65,0,-0.90625,586,1.6412196190912092
2.0,0.999,0.02,0.65,0,-0.90625,586,1.6412196190912092
2.5,0.99,0.02,0.65,0,-0.90625,586,1.6412196190912092
2.5,0.995,0.02,0.65,0,-0.90625,586,1.6412196190912092
2.5,0.999,0.02,0.65,0,-0.90625,586,1.6412196190912092
1.5,0.99,0.02,0.85,3,-0.4479166666666665,858,1.6259542851174749
1.5,0.995,0.02,0.85,3,-0.4479166666666665,858,1.6259542851174749
1.5,0.999,0.02,0.85,3,-0.4479166666666665,858,1.6259542851174749
1.5,0.99,0.02,0.65,3,-0.4479166666666665,858,1.5235631936894267
1.5,0.995,0.02,0.65,3,-0.4479166666666665,858,1.5235631936894267
1.5,0.999,0.02,0.65,3,-0.4479166666666665,858,1.5235631936894267
2.0,0.99,0.02,0.85,3,-0.90625,586,1.1285980199230154
2.0,0.995,0.02,0.85,3,-0.90625,586,1.1285980199230154
2.0,0.999,0.02,0.85,3,-0.90625,586,1.1285980199230154
2.5,0.99,0.02,0.85,3,-0.90625,586,1.1285980199230154
2.5,0.995,0.02,0.85,3,-0.90625,586,1.1285980199230154
2.5,0.999,0.02,0.85,3,-0.90625,586,1.1285980199230154
2.0,0.99,0.02,0.75,3,-0.90625,586,1.1125349690968356
2.0,0.995,0.02,0.75,3,-0.90625,586,1.1125349690968356
2.0,0.999,0.02,0.75,3,-0.90625,586,1.1125349690968356
2.5,0.99,0.02,0.75,3,-0.90625,586,1.1125349690968356
2.5,0.995,0.02,0.75,3,-0.90625,586,1.1125349690968356
2.5,0.999,0.02,0.75,3,-0.90625,586,1.1125349690968356
2.0,0.99,0.05,0.65,5,-0.90625,586,0.8646243421462255
2.0,0.99,0.075,0.65,5,-0.90625,586,0.8646243421462255
2.0,0.995,0.05,0.65,5,-0.90625,586,0.8646243421462255
2.0,0.995,0.075,0.65,5,-0.90625,586,0.8646243421462255
2.0,0.999,0.05,0.65,5,-0.90625,586,0.8646243421462255
2.0,0.999,0.075,0.65,5,-0.90625,586,0.8646243421462255
2.5,0.99,0.05,0.65,5,-0.90625,586,0.8646243421462255
2.5,0.99,0.075,0.65,5,-0.90625,586,0.8646243421462255
2.5,0.995,0.05,0.65,5,-0.90625,586,0.8646243421462255
2.5,0.995,0.075,0.65,5,-0.90625,586,0.8646243421462255
2.5,0.999,0.05,0.65,5,-0.90625,586,0.8646243421462255
2.5,0.999,0.075,0.65,5,-0.90625,586,0.8646243421462255
2.0,0.99,0.02,0.65,3,-0.90625,586,0.8425969878051645
2.0,0.995,0.02,0.65,3,-0.90625,586,0.8425969878051645
2.0,0.999,0.02,0.65,3,-0.90625,586,0.8425969878051645
2.5,0.99,0.02,0.65,3,-0.90625,586,0.8425969878051645
2.5,0.995,0.02,0.65,3,-0.90625,586,0.8425969878051645
2.5,0.999,0.02,0.65,3,-0.90625,586,0.8425969878051645
2.0,0.99,0.02,0.75,5,-0.90625,586,0.5932681860408103
2.0,0.995,0.02,0.75,5,-0.90625,586,0.5932681860408103
2.0,0.999,0.02,0.75,5,-0.90625,586,0.5932681860408103
2.5,0.99,0.02,0.75,5,-0.90625,586,0.5932681860408103
2.5,0.995,0.02,0.75,5,-0.90625,586,0.5932681860408103
2.5,0.999,0.02,0.75,5,-0.90625,586,0.5932681860408103
2.0,0.99,0.02,0.85,5,-0.90625,586,0.5222943175917792
2.0,0.995,0.02,0.85,5,-0.90625,586,0.5222943175917792
2.0,0.999,0.02,0.85,5,-0.90625,586,0.5222943175917792
2.5,0.99,0.02,0.85,5,-0.90625,586,0.5222943175917792
2.5,0.995,0.02,0.85,5,-0.90625,586,0.5222943175917792
2.5,0.999,0.02,0.85,5,-0.90625,586,0.5222943175917792
2.0,0.99,0.02,0.65,5,-0.90625,586,0.17068951967883683
2.0,0.995,0.02,0.65,5,-0.90625,586,0.17068951967883683
2.0,0.999,0.02,0.65,5,-0.90625,586,0.17068951967883683
2.5,0.99,0.02,0.65,5,-0.90625,586,0.17068951967883683
2.5,0.995,0.02,0.65,5,-0.90625,586,0.17068951967883683
2.5,0.999,0.02,0.65,5,-0.90625,586,0.17068951967883683
