date,ret,pos,scale
2012-01-03,-4.046148976044241e-06,0.5098147709815745,
2012-01-04,0.05021522061386001,0.5098147709815745,
2012-01-05,-0.02237482516896904,0.323383955076899,
2012-01-06,0.023236192237618997,0.4954932654170921,
2012-01-09,0.015624736579283526,0.33812526210077504,
2012-01-10,-0.0031155871443451955,0.34679186688861285,
2012-01-11,0.012493786067759926,0.0,
2012-01-12,0.0,0.0,
2012-01-13,0.0,0.0,
2012-01-17,-0.0,0.0,
2012-01-18,0.0,0.0,
2012-01-19,0.0,0.0,
2012-01-20,0.0,0.0,
2012-01-23,-0.0,0.0,
2012-01-24,0.0,0.0,
2012-01-25,0.0,0.0,
2012-01-26,0.0,0.0,
2012-01-27,0.0,0.0,
2012-01-30,-0.0,0.0,
2012-01-31,0.0,0.0,
2012-02-01,0.0,0.0,
2012-02-02,0.0,0.0,
2012-02-03,0.0,0.0,
2012-02-06,0.0,0.0,
2012-02-07,-0.0,0.0,
2012-02-08,0.0,0.0,
2012-02-09,0.0,0.0,
2012-02-10,-0.0,0.0,
2012-02-13,-0.0,0.0,
2012-02-14,-0.0,0.0,
2012-02-15,-0.0,0.0,
2012-02-16,0.0,0.0,
2012-02-17,-0.0,0.0,
2012-02-21,-0.0,0.0,
2012-02-22,0.0,0.0,
2012-02-23,-0.0,0.0,
2012-02-24,-0.0,0.0,
2012-02-27,0.0,0.0,
2012-02-28,-0.0,0.0,
2012-02-29,-0.0,0.0,
2012-03-01,0.0,0.0,
2012-03-02,-0.0,0.0,
2012-03-05,-0.0,0.0,
2012-03-06,0.0,0.0,
2012-03-07,0.0,0.0,
2012-03-08,0.0,0.0,
2012-03-09,-0.0,0.0,
2012-03-12,0.0,0.0,
2012-03-13,0.0,0.0,
2012-03-14,0.0,0.0,
2012-03-15,-0.0,0.0,
2012-03-16,0.0,0.0,
2012-03-19,-0.0,0.0,
2012-03-20,0.0,0.0,
2012-03-21,-0.0,0.0,
2012-03-22,0.0,0.0,
2012-03-23,0.0,0.0,
2012-03-26,0.0,0.0,
2012-03-27,-0.0,0.0,
2012-03-28,0.0,0.0,
2012-03-29,0.0,0.0,
2012-03-30,-0.0,0.0,
2012-04-02,-0.0,0.0,
2012-04-03,0.0,0.0,
2012-04-04,-0.0,0.0,
2012-04-05,-0.0,0.0,
2012-04-09,-0.0,0.0,
2012-04-10,-0.0,0.0,
2012-04-11,-0.0,0.0,
2012-04-12,0.0,0.0,
2012-04-13,0.0,0.0,
2012-04-16,-0.0,0.0,
2012-04-17,-0.0,0.0,
2012-04-18,0.0,0.0,
2012-04-19,-0.0,0.0,
2012-04-20,-0.0,0.0,
2012-04-23,0.0,0.0,
2012-04-24,-0.0,0.0,
2012-04-25,-0.0,0.0,
2012-04-26,0.0,0.0,
2012-04-27,0.0,0.0,
2012-04-30,-0.0,0.0,
2012-05-01,-0.0,0.0,
2012-05-02,-0.00016629071329286356,0.3273848417953251,
2012-05-03,0.01252188390255514,0.34528524852157194,
2012-05-04,0.009928414683227818,0.2197151110213165,
2012-05-07,0.0007604745007864484,0.0,
2012-05-08,0.0,0.0,
2012-05-09,0.0,0.0,
2012-05-10,-0.0,0.0,
2012-05-11,0.0,0.0,
2012-05-14,-0.0,0.0,
2012-05-15,0.0,0.0,
2012-05-16,0.0,0.0,
2012-05-17,-0.0,0.0,
2012-05-18,-0.0002075987245373234,0.40870998893285543,
2012-05-21,0.010624595208653984,0.0,
2012-05-22,0.0,0.0,
2012-05-23,-0.0,0.0,
2012-05-24,-0.0,0.0,
2012-05-25,-0.00014376471482821038,0.2830367823180392,
2012-05-29,0.0019884102350336786,0.2784738338862421,
2012-05-30,0.006053413603654746,0.28363661973741394,
2012-05-31,-0.001223322543115125,0.0,
2012-06-01,-0.0,0.0,
2012-06-04,-0.0,0.0,
2012-06-05,-0.00016773566102576979,0.33022958264448427,
2012-06-06,-0.0004518571871943232,0.32923768550624377,
2012-06-07,-0.00016670593254056255,0.3684045777460523,
2012-06-08,0.010041615872943112,0.40332537325446227,
2012-06-11,0.0010399886538395688,0.0,
2012-06-12,-0.0,0.0,
2012-06-13,-0.0002589535344668315,0.5098147709815745,
2012-06-14,-0.008267419627640335,0.38485414509173255,
2012-06-15,0.01133503441540636,0.3716376768466475,
2012-06-18,-0.010295075397845823,0.0,
2012-06-19,-0.0002063175123707055,0.40618760247982644,
2012-06-20,0.001739329509405257,0.48390007428755094,
2012-06-21,0.027292527911358857,0.5098147709815745,
2012-06-22,-0.01599117579627861,0.39049228632337896,
2012-06-25,0.03772862817818461,0.5098147709815745,
2012-06-26,0.0062575559153835005,0.0,
2012-06-27,-0.0,0.0,
2012-06-28,0.0,0.0,
2012-06-29,-0.0,0.0,
2012-07-02,-0.0,0.0,
2012-07-03,0.0,0.0,
2012-07-05,0.0,0.0,
2012-07-06,0.0,0.0,
2012-07-09,0.0,0.0,
2012-07-10,0.0,0.0,
2012-07-11,-0.0,0.0,
2012-07-12,0.0,0.0,
2012-07-13,-0.0,0.0,
2012-07-16,0.0,0.0,
2012-07-17,-0.0,0.0,
2012-07-18,0.0,0.0,
2012-07-19,-0.0,0.0,
2012-07-20,0.0,0.0,
2012-07-23,0.0,0.0,
2012-07-24,-0.0,0.0,
2012-07-25,-0.0,0.0,
2012-07-26,0.0,0.0,
2012-07-27,0.0,0.0,
2012-07-30,0.0,0.0,
2012-07-31,0.0,0.0,
2012-08-01,-0.0,0.0,
2012-08-02,0.0,0.0,
2012-08-03,-0.0,0.0,
2012-08-06,-0.0,0.0,
2012-08-07,0.0,0.0,
2012-08-08,0.0,0.0,
2012-08-09,0.0,0.0,
2012-08-10,0.0,0.0,
2012-08-13,-0.0,0.0,
2012-08-14,-0.0,0.0,
2012-08-15,0.0,0.0,
2012-08-16,-0.0,0.0,
2012-08-17,-0.0,0.0,
2012-08-20,0.0,0.0,
2012-08-21,0.0,0.0,
2012-08-22,0.0,0.0,
2012-08-23,0.0,0.0,
2012-08-24,-0.0,0.0,
2012-08-27,0.0,0.0,
2012-08-28,-0.0,0.0,
2012-08-29,0.0,0.0,
2012-08-30,0.0,0.0,
2012-08-31,-0.0,0.0,
2012-09-04,-0.0,0.0,
2012-09-05,-0.0,0.0,
2012-09-06,0.0,0.0,
2012-09-07,0.0,0.0,
2012-09-10,0.0,0.0,
2012-09-11,0.0,0.0,
2012-09-12,-0.0,0.0,
2012-09-13,-0.0,0.0,
2012-09-14,0.0,0.0,
2012-09-17,-0.0,0.0,
2012-09-18,-0.0,0.0,
2012-09-19,0.0,0.0,
2012-09-20,0.0,0.0,
2012-09-21,0.0,0.0,
2012-09-24,-0.0,0.0,
2012-09-25,0.0,0.0,
2012-09-26,0.0,0.0,
2012-09-27,0.0,0.0,
2012-09-28,0.0,0.0,
2012-10-01,-0.0,0.0,
2012-10-02,-0.0,0.0,
2012-10-03,0.0,0.0,
2012-10-04,0.0,0.0,
2012-10-05,0.0,0.0,
2012-10-08,-0.0,0.0,
2012-10-09,-0.0,0.0,
2012-10-10,0.0,0.0,
2012-10-11,-0.0,0.0,
2012-10-12,-0.0,0.0,
2012-10-15,-0.0,0.0,
2012-10-16,-0.0,0.0,
2012-10-17,-0.0,0.0,
2012-10-18,-0.0,0.0,
2012-10-19,-0.0,0.0,
2012-10-22,-0.0,0.0,
2012-10-23,0.0,0.0,
2012-10-24,0.0,0.0,
2012-10-25,0.0,0.0,
2012-10-26,0.0,0.0,
2012-10-31,0.0,0.0,
2012-11-01,-0.0,0.0,
2012-11-02,-0.0,0.0,
2012-11-05,0.0,0.0,
2012-11-06,0.0,0.0,
2012-11-07,-0.0,0.0,
2012-11-08,-0.0,0.0,
2012-11-09,0.0,0.0,
2012-11-12,-0.0,0.0,
2012-11-13,-0.0,0.0,
2012-11-14,0.0,0.0,
2012-11-15,0.0,0.0,
2012-11-16,-0.0,0.0,
2012-11-19,-0.0,0.0,
2012-11-20,0.0,0.0,
2012-11-21,0.0,0.0,
2012-11-23,-0.0,0.0,
2012-11-26,-0.0,0.0,
2012-11-27,0.0,0.0,
2012-11-28,0.0,0.0,
2012-11-29,0.0,0.0,
2012-11-30,-0.0,0.0,
2012-12-03,-0.0,0.0,
2012-12-04,-0.0,0.0,
2012-12-05,-0.0,0.0,
2012-12-06,-0.0,0.0,
2012-12-07,-0.0,0.0,
2012-12-10,0.0,0.0,
2012-12-11,0.0,0.0,
2012-12-12,0.0,0.0,
2012-12-13,-0.0,0.0,
2012-12-14,0.0,0.0,
2012-12-17,-0.0,0.0,
2012-12-18,0.0,0.0,
2012-12-19,0.0,0.0,
2012-12-20,0.0,0.0,
2012-12-21,0.0,0.0,
2012-12-24,0.0,0.0,
2012-12-26,0.0,0.0,
2012-12-27,0.0,0.0,
2012-12-28,-0.0,0.0,
2012-12-31,-0.0,0.0,
2013-01-02,-0.0,0.0,
2013-01-03,-0.0002895546580078359,0.5700607329529269,
2013-01-04,-0.023729076930843,0.5700607329529269,
2013-01-07,0.008928377354051619,0.0,
2013-01-08,0.0,0.0,
2013-01-09,-0.0002895546580078359,0.5700607329529269,
2013-01-10,-0.010538930729418815,0.5700607329529269,
2013-01-11,-0.03751130942712507,0.0,
2013-01-14,0.0,0.0,
2013-01-15,-0.0,0.0,
2013-01-16,-0.0,0.0,
2013-01-17,0.0,0.0,
2013-01-18,0.0,0.0,
2013-01-22,0.0,0.0,
2013-01-23,0.0,0.0,
2013-01-24,-0.00026073223962422125,0.5133165967601855,
2013-01-25,0.00010164080107027753,0.5134084945677174,
2013-01-28,0.02223416797689039,0.5185831659802482,
2013-01-29,0.011889853257585226,0.5363367270517706,
2013-01-30,0.03132678182260911,0.37760596475234354,
2013-01-31,0.0035140651411679357,0.0,
2013-02-01,0.0,0.0,
2013-02-04,0.0,0.0,
2013-02-05,0.0,0.0,
2013-02-06,0.0,0.0,
2013-02-07,-0.0,0.0,
2013-02-08,0.0,0.0,
2013-02-11,-0.0,0.0,
2013-02-12,0.0,0.0,
2013-02-13,-0.0,0.0,
2013-02-14,0.0,0.0,
2013-02-15,0.0,0.0,
2013-02-19,-0.0,0.0,
2013-02-20,0.0,0.0,
2013-02-21,0.0,0.0,
2013-02-22,0.0,0.0,
2013-02-25,-0.0,0.0,
2013-02-26,-0.0,0.0,
2013-02-27,-0.0,0.0,
2013-02-28,0.0,0.0,
2013-03-01,-0.00017973387760737505,0.3538510715395196,
2013-03-04,-0.0047820732785818654,0.0,
2013-03-05,0.0,0.0,
2013-03-06,-0.0,0.0,
2013-03-07,-0.0,0.0,
2013-03-08,0.0,0.0,
2013-03-11,-0.0,0.0,
2013-03-12,-0.0,0.0,
2013-03-13,-0.0,0.0,
2013-03-14,-0.0,0.0,
2013-03-15,0.0,0.0,
2013-03-18,-0.0,0.0,
2013-03-19,-0.0,0.0,
2013-03-20,-0.00014701033486491614,0.28942659676530363,
2013-03-21,-0.005876247250651605,0.0,
2013-03-22,-9.505079069417591e-05,0.18713124417915883,
2013-03-25,-0.0063195273740609915,0.24741051136156256,
2013-03-26,-0.0010230606786317193,0.0,
2013-03-27,0.0,0.0,
2013-03-28,0.0,0.0,
2013-04-01,0.0,0.0,
2013-04-02,-0.0,0.0,
2013-04-03,-0.00021075387615329943,0.4149216936768082,
2013-04-04,0.0024874188657360275,0.0,
2013-04-05,-0.0,0.0,
2013-04-08,0.0,0.0,
2013-04-09,0.0,0.0,
2013-04-10,-0.0,0.0,
2013-04-11,-0.0,0.0,
2013-04-12,0.0,0.0,
2013-04-15,0.0,0.0,
2013-04-16,0.0,0.0,
2013-04-17,-0.0,0.0,
2013-04-18,0.0,0.0,
2013-04-19,0.0,0.0,
2013-04-22,-0.0,0.0,
2013-04-23,-0.0,0.0,
2013-04-24,-0.0,0.0,
2013-04-25,0.0,0.0,
2013-04-26,0.0,0.0,
2013-04-29,-0.0,0.0,
2013-04-30,-0.0,0.0,
2013-05-01,-0.0,0.0,
2013-05-02,-0.0,0.0,
2013-05-03,0.0,0.0,
2013-05-06,0.0,0.0,
2013-05-07,-0.0,0.0,
2013-05-08,-0.0,0.0,
2013-05-09,0.0,0.0,
2013-05-10,-0.0,0.0,
2013-05-13,-0.0,0.0,
2013-05-14,0.0,0.0,
2013-05-15,-0.00027220630983434307,0.535906172486363,
2013-05-16,-0.0007295677935550821,0.5618970531100421,
2013-05-17,0.005013813835138358,0.5700607329529269,
2013-05-20,-0.01198132136764509,0.5700607329529269,
2013-05-21,-0.032271093034374525,0.5345340324819801,
2013-05-22,0.007485133410621928,0.0,
2013-05-23,-0.0002895546580078359,0.5700607329529269,
2013-05-24,0.008204161917268677,0.5700607329529269,
2013-05-28,0.005053445092799794,0.5700607329529269,
2013-05-29,-0.0007095705738425209,0.5700607329529269,
2013-05-30,-0.01333665381235232,0.5700607329529269,
2013-05-31,-8.623512325243555e-05,0.5700607329529269,
2013-06-03,-0.016752091846160975,0.5700607329529269,
2013-06-04,0.03412612353630707,0.5700607329529269,
2013-06-05,-0.009719587632606882,0.5141595057299403,
2013-06-06,-0.0003092108157263728,0.5066972906386312,
2013-06-07,-0.007813675746378864,0.5335683709756638,
2013-06-10,-0.011113317694161991,0.5700607329529269,
2013-06-11,-0.015311184726943311,0.5700607329529269,
2013-06-12,-0.007601802456536452,0.5700607329529269,
2013-06-13,0.0282211095934835,0.5700607329529269,
2013-06-14,0.003388344274311575,0.5700607329529269,
2013-06-17,-0.027948124564780553,0.5700607329529269,
2013-06-18,0.0032582474007167685,0.5700607329529269,
2013-06-19,0.016506788215279036,0.5700607329529269,
2013-06-20,-0.03487175308187791,0.5700607329529269,
2013-06-21,0.013969539607175977,0.5700607329529269,
2013-06-24,-0.04718978389882484,0.0,
2013-06-25,-0.0,0.0,
2013-06-26,-0.0002895546580078359,0.5700607329529269,
2013-06-27,-0.017261802549042013,0.5700607329529269,
2013-06-28,0.014641850440245787,0.0,
2013-07-01,-0.0002895546580078359,0.5700607329529269,
2013-07-02,0.0009553985162312768,0.0,
2013-07-03,-0.0002895546580078359,0.5700607329529269,
2013-07-05,0.005049263870168242,0.5700607329529269,
2013-07-08,-0.01079083700705766,0.5700607329529269,
2013-07-09,0.02262538386463202,0.5633446689465478,
2013-07-10,-0.007168835085444717,0.5700607329529269,
2013-07-11,0.04483826500109985,0.5700607329529269,
2013-07-12,0.05643676640814551,0.38242337303199037,
2013-07-15,-0.01489241989497617,0.0,
2013-07-16,0.0,0.0,
2013-07-17,-0.0,0.0,
2013-07-18,-0.0,0.0,
2013-07-19,0.0,0.0,
2013-07-22,-0.0,0.0,
2013-07-23,-0.00017121327931435471,0.33707614365013583,
2013-07-24,0.022342494056627714,0.37669392528087875,
2013-07-25,-0.02366303105153779,0.0,
2013-07-26,-0.00016794633642582525,0.33064434983834345,
2013-07-29,-0.010311289429921806,0.0,
2013-07-30,0.0,0.0,
2013-07-31,-0.0,0.0,
2013-08-01,-0.0,0.0,
2013-08-02,-0.0001966167259323758,0.38708917917936486,
2013-08-05,-0.019993853250348106,0.0,
2013-08-06,-0.0,0.0,
2013-08-07,-0.0,0.0,
2013-08-08,0.0,0.0,
2013-08-09,-0.0,0.0,
2013-08-12,0.0,0.0,
2013-08-13,0.0,0.0,
2013-08-14,0.0,0.0,
2013-08-15,-0.00022918504557085332,0.45120805846761747,
2013-08-16,-0.010293530916483978,0.4798969127700451,
2013-08-19,-0.018566121162277873,0.0,
2013-08-20,0.0,0.0,
2013-08-21,-0.00023650650492246263,0.4656221815660983,
2013-08-22,-0.012423976896444757,0.0,
2013-08-23,0.0,0.0,
2013-08-26,-0.0,0.0,
2013-08-27,-0.000254414171465648,0.5008779000729945,
2013-08-28,0.032593626736914336,0.37026158291877737,
2013-08-29,0.0033701300800368585,0.0,
2013-08-30,-0.0,0.0,
2013-09-03,-0.0,0.0,
2013-09-04,0.0,0.0,
2013-09-05,-0.00020947988580941702,0.41241352518728974,
2013-09-06,-0.028908057833438576,0.0,
2013-09-09,-0.0,0.0,
2013-09-10,-0.0,0.0,
2013-09-11,-0.0,0.0,
2013-09-12,0.0,0.0,
2013-09-13,0.0,0.0,
2013-09-16,-0.0,0.0,
2013-09-17,-0.0,0.0,
2013-09-18,0.0,0.0,
2013-09-19,-0.0,0.0,
2013-09-20,0.0,0.0,
2013-09-23,-0.0,0.0,
2013-09-24,0.0,0.0,
2013-09-25,0.0,0.0,
2013-09-26,-0.00019462906864071587,0.38317597888640936,
2013-09-27,-0.023275055895552073,0.2684942479984582,
2013-09-30,-0.017844721901852625,0.37809167719644554,
2013-10-01,-0.017724117814901102,0.0,
2013-10-02,-0.0,0.0,
2013-10-03,-0.00022197161298374992,0.43700661306175764,
2013-10-04,-0.052099584950685646,0.3361455532207616,
2013-10-07,0.03999933525163191,0.44910153359598776,
2013-10-08,-0.0003984909643708619,0.32621695286872643,
2013-10-09,0.038357840246827396,0.3344993199656576,
2013-10-10,0.038304913943619456,0.0,
2013-10-11,-0.0,0.0,
2013-10-14,-0.0,0.0,
2013-10-15,0.0,0.0,
2013-10-16,0.0,0.0,
2013-10-17,-0.0,0.0,
2013-10-18,0.0,0.0,
2013-10-21,0.0,0.0,
2013-10-22,0.0,0.0,
2013-10-23,-0.0,0.0,
2013-10-24,0.0,0.0,
2013-10-25,-0.0,0.0,
2013-10-28,0.0,0.0,
2013-10-29,-0.0,0.0,
2013-10-30,0.0,0.0,
2013-10-31,-0.0,0.0,
2013-11-01,-0.0,0.0,
2013-11-04,-0.0,0.0,
2013-11-05,0.0,0.0,
2013-11-06,-0.0,0.0,
2013-11-07,-0.0,0.0,
2013-11-08,0.0,0.0,
2013-11-11,0.0,0.0,
2013-11-12,0.0,0.0,
2013-11-13,0.0,0.0,
2013-11-14,0.0,0.0,
2013-11-15,-0.0,0.0,
2013-11-18,0.0,0.0,
2013-11-19,-0.0,0.0,
2013-11-20,0.0,0.0,
2013-11-21,0.0,0.0,
2013-11-22,0.0,0.0,
2013-11-25,-0.0,0.0,
2013-11-26,0.0,0.0,
2013-11-27,0.0,0.0,
2013-11-29,-0.0,0.0,
2013-12-02,-0.0,0.0,
2013-12-03,-0.0,0.0,
2013-12-04,-0.0,0.0,
2013-12-05,-0.0,0.0,
2013-12-06,0.0,0.0,
2013-12-09,-0.0,0.0,
2013-12-10,-0.0,0.0,
2013-12-11,0.0,0.0,
2013-12-12,-0.0,0.0,
2013-12-13,0.0,0.0,
2013-12-16,-0.0,0.0,
2013-12-17,-0.0,0.0,
2013-12-18,0.0,0.0,
2013-12-19,0.0,0.0,
2013-12-20,0.0,0.0,
2013-12-23,0.0,0.0,
2013-12-24,0.0,0.0,
2013-12-26,0.0,0.0,
2013-12-27,-0.0,0.0,
2013-12-30,-0.0,0.0,
2013-12-31,0.0,0.0,
2014-01-02,-0.0,0.0,
2014-01-03,-0.0,0.0,
2014-01-06,0.0,0.0,
2014-01-07,0.0,0.0,
2014-01-08,0.0,0.0,
2014-01-09,-0.0,0.0,
2014-01-10,-0.0,0.0,
2014-01-13,-0.0,0.0,
2014-01-14,-0.0,0.0,
2014-01-15,-0.0,0.0,
2014-01-16,-0.0,0.0,
2014-01-17,0.0,0.0,
2014-01-21,-0.0,0.0,
2014-01-22,0.0,0.0,
2014-01-23,-0.0,0.0,
2014-01-24,0.0,0.0,
2014-01-27,-0.0,0.0,
2014-01-28,-0.0,0.0,
2014-01-29,0.0,0.0,
2014-01-30,-0.0,0.0,
2014-01-31,0.0,0.0,
2014-02-03,-0.0,0.0,
2014-02-04,-0.00019443321662713622,0.38279039523467445,
2014-02-05,0.019260258650448614,0.2874773478806747,
2014-02-06,0.009307628039656637,0.3155442896489808,
2014-02-07,0.008710310230728425,0.3616295496604418,
2014-02-10,-0.027749526060203495,0.254975711936296,
2014-02-11,0.01641757465993154,0.28210105952085296,
2014-02-12,-0.0049448483811931196,0.30776047074577917,
2014-02-13,0.010213256306491177,0.2765080013202485,
2014-02-14,0.020654718463732312,0.3219136773724909,
2014-02-18,-0.01687802280048126,0.0,
2014-02-19,-0.0001555993743592843,0.30633626826984095,
2014-02-20,0.021950246081518333,0.31085470191035297,
2014-02-21,-0.011799705137174514,0.0,
2014-02-24,-0.00014721353452314107,0.28982664609243397,
2014-02-25,0.0034004698328279443,0.26071464543082556,
2014-02-26,-0.005211137109573993,0.3100881202796142,
2014-02-27,-0.022449358134684617,0.27871697714214216,
2014-02-28,0.008911214231396762,0.20865401842507678,
2014-03-03,0.04259745888684079,0.21737653507608015,
2014-03-04,0.00047590689570332895,0.0,
2014-03-05,-0.0,0.0,
2014-03-06,-0.00012543830990047644,0.24695667261656296,
2014-03-07,0.0021769092325797388,0.26042504345895445,
2014-03-10,0.001912675717284601,0.26796720635260124,
2014-03-11,0.01923590187847771,0.0,
2014-03-12,0.0,0.0,
2014-03-13,-0.0,0.0,
2014-03-14,0.0,0.0,
2014-03-17,-0.0,0.0,
2014-03-18,-0.00013395066611379154,0.2637153739115271,
2014-03-19,-0.021860470777206036,0.2696094744486963,
2014-03-20,0.02409775979326989,0.2716200926128181,
2014-03-21,0.0036726897788808685,0.24373477496955415,
2014-03-24,-0.008060927498820678,0.2495698138938219,
2014-03-25,0.003541659361420091,0.3456188506866099,
2014-03-26,-0.005717695342235455,0.24912902467858708,
2014-03-27,0.0034744095507892223,0.344746065763587,
2014-03-28,-0.005935090934837814,0.26528272496670113,
2014-03-31,-0.01177125835704162,0.37161276772886315,
2014-04-01,0.0010316028143803866,0.4065189053568971,
2014-04-02,-0.0046041693757446316,0.4065189053568971,
2014-04-03,0.020494151903297217,0.4065189053568971,
2014-04-04,-0.005230162872360369,0.0,
2014-04-07,-0.00015034209022067544,0.29598599012195476,
2014-04-08,-6.136198709853797e-05,0.0,
2014-04-09,0.0,0.0,
2014-04-10,-0.0,0.0,
2014-04-11,-0.0,0.0,
2014-04-14,-0.00019345076352695112,0.38085619069368504,
2014-04-15,0.008751222084453362,0.0,
2014-04-16,0.0,0.0,
2014-04-17,-0.0,0.0,
2014-04-21,0.0,0.0,
2014-04-22,0.0,0.0,
2014-04-23,0.0,0.0,
2014-04-24,-0.0,0.0,
2014-04-25,0.0,0.0,
2014-04-28,-0.0,0.0,
2014-04-29,0.0,0.0,
2014-04-30,-0.0,0.0,
2014-05-01,-0.0,0.0,
2014-05-02,-0.0,0.0,
2014-05-05,-0.0,0.0,
2014-05-06,-0.0,0.0,
2014-05-07,0.0,0.0,
2014-05-08,0.0,0.0,
2014-05-09,-0.0,0.0,
2014-05-12,0.0,0.0,
2014-05-13,-0.0,0.0,
2014-05-14,-0.000189534966242155,0.3731469647892426,
2014-05-15,0.008526954635567198,0.0,
2014-05-16,-0.0,0.0,
2014-05-19,-0.0,0.0,
2014-05-20,-0.0001796544010938703,0.35369460215355714,
2014-05-21,-0.011116834089452132,0.0,
2014-05-22,-0.0002064857931971541,0.4065189053568971,
2014-05-23,-0.0011876197103237525,0.0,
2014-05-27,-0.0,0.0,
2014-05-28,0.0,0.0,
2014-05-29,-0.0,0.0,
2014-05-30,-0.0,0.0,
2014-06-02,-0.0,0.0,
2014-06-03,-0.0002064857931971541,0.4065189053568971,
2014-06-04,-0.011365246139510404,0.4065189053568971,
2014-06-05,0.022495823873939412,0.4065189053568971,
2014-06-06,-0.015020266953179482,0.0,
2014-06-09,-0.0002064857931971541,0.4065189053568971,
2014-06-10,-0.00626558099667067,0.4065189053568971,
2014-06-11,0.018624681233729276,0.4065189053568971,
2014-06-12,0.02642394948980572,0.0,
2014-06-13,-0.0,0.0,
2014-06-16,0.0,0.0,
2014-06-17,0.0,0.0,
2014-06-18,0.0,0.0,
2014-06-19,0.0,0.0,
2014-06-20,-0.0,0.0,
2014-06-23,0.0,0.0,
2014-06-24,0.0,0.0,
2014-06-25,-0.0,0.0,
2014-06-26,0.0,0.0,
2014-06-27,0.0,0.0,
2014-06-30,-0.0,0.0,
2014-07-01,-0.0,0.0,
2014-07-02,0.0,0.0,
2014-07-03,0.0,0.0,
2014-07-07,-0.0,0.0,
2014-07-08,-0.0,0.0,
2014-07-09,0.0,0.0,
2014-07-10,0.0,0.0,
2014-07-11,0.0,0.0,
2014-07-14,0.0,0.0,
2014-07-15,-0.0,0.0,
2014-07-16,-0.0,0.0,
2014-07-17,-0.0002064857931971541,0.4065189053568971,
2014-07-18,-0.01407676988810837,0.0,
2014-07-21,-0.0,0.0,
2014-07-22,-0.0,0.0,
2014-07-23,0.0,0.0,
2014-07-24,-0.0001740846748511168,0.3427292036131362,
2014-07-25,0.024013597980207763,0.0,
2014-07-28,-0.0,0.0,
2014-07-29,0.0,0.0,
2014-07-30,-0.0,0.0,
2014-07-31,0.0,0.0,
2014-08-01,-0.0,0.0,
2014-08-04,-0.00013802913734255748,0.27174486414316007,
2014-08-05,0.004346507844154129,0.31890549684872066,
2014-08-06,0.025953685396363446,0.3807611925516845,
2014-08-07,0.015207559947475323,0.0,
2014-08-08,-0.0,0.0,
2014-08-11,-0.0,0.0,
2014-08-12,-0.0,0.0,
2014-08-13,-0.0001189953369109401,0.2342720695434133,
2014-08-14,-0.020106481132058755,0.0,
2014-08-15,-0.0001727443860445564,0.3400905100252204,
2014-08-18,-0.015159410892858242,0.29917084021206247,
2014-08-19,0.05033842736131777,0.21447968583967245,
2014-08-20,-0.011159706655699871,0.0,
2014-08-21,0.0,0.0,
2014-08-22,-0.0,0.0,
2014-08-25,0.0,0.0,
2014-08-26,-0.0,0.0,
2014-08-27,-0.0,0.0,
2014-08-28,-0.0,0.0,
2014-08-29,-0.0,0.0,
2014-09-02,-0.0,0.0,
2014-09-03,0.0,0.0,
2014-09-04,0.0,0.0,
2014-09-05,0.0,0.0,
2014-09-08,-0.0,0.0,
2014-09-09,-0.0,0.0,
2014-09-10,-0.0,0.0,
2014-09-11,-0.0,0.0,
2014-09-12,0.0,0.0,
2014-09-15,-0.0,0.0,
2014-09-16,-0.0,0.0,
2014-09-17,-0.0001502481066091055,0.2958009598866765,
2014-09-18,0.010147923588501284,0.2866719467907424,
2014-09-19,0.03181551811138697,0.0,
2014-09-22,-0.0,0.0,
2014-09-23,0.0,0.0,
2014-09-24,-0.0,0.0,
2014-09-25,0.0,0.0,
2014-09-26,-0.0,0.0,
2014-09-29,-0.0,0.0,
2014-09-30,-0.0,0.0,
2014-10-01,-0.0,0.0,
2014-10-02,-0.0,0.0,
2014-10-03,-0.00013542747283370763,0.26662283714136187,
2014-10-06,0.006779567336190141,0.30007139398887694,
2014-10-07,0.00062338661825922,0.3398878596103801,
2014-10-08,-0.005975483695713454,0.35269675974274156,
2014-10-09,-0.004844062722601118,0.3020818484514072,
2014-10-10,-0.0037831475205133435,0.3188595263132071,
2014-10-13,-0.0005705560704369185,0.31869552204922597,
2014-10-14,0.012022627199696847,0.32431260650216526,
2014-10-15,-0.020349325210114375,0.3813654446394277,
2014-10-16,0.02343650861761199,0.29228498828702343,
2014-10-17,0.017329885992424608,0.36543234594747176,
2014-10-20,-0.024402980439108858,0.0,
2014-10-21,-0.00019020099167102081,0.3744582023523222,
2014-10-22,0.002638772591061117,0.0,
2014-10-23,0.0,0.0,
2014-10-24,0.0,0.0,
2014-10-27,-0.0,0.0,
2014-10-28,0.0,0.0,
2014-10-29,0.0,0.0,
2014-10-30,0.0,0.0,
2014-10-31,-0.0,0.0,
2014-11-03,-0.0,0.0,
2014-11-04,-0.0,0.0,
2014-11-05,-0.0,0.0,
2014-11-06,0.0,0.0,
2014-11-07,-0.0,0.0,
2014-11-10,-0.0,0.0,
2014-11-11,-0.0,0.0,
2014-11-12,0.0,0.0,
2014-11-13,-0.0,0.0,
2014-11-14,0.0,0.0,
2014-11-17,-0.0,0.0,
2014-11-18,0.0,0.0,
2014-11-19,-0.0,0.0,
2014-11-20,-0.0,0.0,
2014-11-21,0.0,0.0,
2014-11-24,-0.0,0.0,
2014-11-25,0.0,0.0,
2014-11-26,0.0,0.0,
2014-11-28,0.0,0.0,
2014-12-01,-0.0,0.0,
2014-12-02,-0.0,0.0,
2014-12-03,-0.0,0.0,
2014-12-04,-0.00015086827724242137,0.297021920821017,
2014-12-05,0.004349394082597791,0.0,
2014-12-08,0.0,0.0,
2014-12-09,0.0,0.0,
2014-12-10,0.0,0.0,
2014-12-11,0.0,0.0,
2014-12-12,0.0,0.0,
2014-12-15,0.0,0.0,
2014-12-16,-0.0,0.0,
2014-12-17,0.0,0.0,
2014-12-18,0.0,0.0,
2014-12-19,-0.0,0.0,
2014-12-22,0.0,0.0,
2014-12-23,-0.0,0.0,
2014-12-24,-0.0,0.0,
2014-12-26,-0.00019591976940297953,0.3857170460121159,
2014-12-29,-0.03380345314688985,0.0,
2014-12-30,-0.0001703218012692141,0.33532104624876524,
2014-12-31,0.0005283218060573451,0.4065189053568971,
2015-01-02,-0.0,0.0,
2015-01-05,0.0,0.0,
2015-01-06,-0.0002307529367918701,0.45429484430899425,
2015-01-07,-0.04996603692358357,0.45429484430899425,
2015-01-08,0.003245720347234964,0.0,
2015-01-09,-0.0,0.0,
2015-01-12,0.0,0.0,
2015-01-13,-0.0,0.0,
2015-01-14,0.0,0.0,
2015-01-15,0.0,0.0,
2015-01-16,-0.0002307529367918701,0.45429484430899425,
2015-01-20,0.015834209965592445,0.45429484430899425,
2015-01-21,-0.02599628653847022,0.45429484430899425,
2015-01-22,0.05190469031414098,0.45429484430899425,
2015-01-23,0.045950873481037685,0.4238331493208241,
2015-01-26,-0.017380480088560375,0.0,
2015-01-27,0.0,0.0,
2015-01-28,0.0,0.0,
2015-01-29,-0.0,0.0,
2015-01-30,-0.0,0.0,
2015-02-02,-0.0002307529367918701,0.45429484430899425,
2015-02-03,-0.02135800599452594,0.0,
2015-02-04,0.0,0.0,
2015-02-05,-0.0,0.0,
2015-02-06,0.0,0.0,
2015-02-09,-0.0,0.0,
2015-02-10,0.0,0.0,
2015-02-11,0.0,0.0,
2015-02-12,0.0,0.0,
2015-02-13,0.0,0.0,
2015-02-17,-0.0,0.0,
2015-02-18,0.0,0.0,
2015-02-19,0.0,0.0,
2015-02-20,0.0,0.0,
2015-02-23,0.0,0.0,
2015-02-24,-0.0,0.0,
2015-02-25,0.0,0.0,
2015-02-26,0.0,0.0,
2015-02-27,0.0,0.0,
2015-03-02,-0.0,0.0,
2015-03-03,0.0,0.0,
2015-03-04,-0.0,0.0,
2015-03-05,-0.0,0.0,
2015-03-06,0.0,0.0,
2015-03-09,-0.0,0.0,
2015-03-10,-0.0,0.0,
2015-03-11,0.0,0.0,
2015-03-12,0.0,0.0,
2015-03-13,-0.0,0.0,
2015-03-16,-0.0,0.0,
2015-03-17,0.0,0.0,
2015-03-18,0.0,0.0,
2015-03-19,-0.0,0.0,
2015-03-20,-0.0,0.0,
2015-03-23,-0.0,0.0,
2015-03-24,-0.0,0.0,
2015-03-25,-0.0,0.0,
2015-03-26,-0.0,0.0,
2015-03-27,-0.0,0.0,
2015-03-30,0.0,0.0,
2015-03-31,0.0,0.0,
2015-04-01,-0.0,0.0,
2015-04-02,-0.0,0.0,
2015-04-06,0.0,0.0,
2015-04-07,-0.0,0.0,
2015-04-08,-0.0,0.0,
2015-04-09,0.0,0.0,
2015-04-10,0.0,0.0,
2015-04-13,-0.0,0.0,
2015-04-14,-0.0,0.0,
2015-04-15,0.0,0.0,
2015-04-16,-0.0,0.0,
2015-04-17,0.0,0.0,
2015-04-20,-0.0,0.0,
2015-04-21,-0.0,0.0,
2015-04-22,0.0,0.0,
2015-04-23,0.0,0.0,
2015-04-24,0.0,0.0,
2015-04-27,0.0,0.0,
2015-04-28,-0.0,0.0,
2015-04-29,-0.0,0.0,
2015-04-30,0.0,0.0,
2015-05-01,0.0,0.0,
2015-05-04,-0.0,0.0,
2015-05-05,-0.0,0.0,
2015-05-06,-0.0,0.0,
2015-05-07,-0.0,0.0,
2015-05-08,-0.0,0.0,
2015-05-11,-0.0,0.0,
2015-05-12,0.0,0.0,
2015-05-13,0.0,0.0,
2015-05-14,0.0,0.0,
2015-05-15,0.0,0.0,
2015-05-18,-0.0,0.0,
2015-05-19,0.0,0.0,
2015-05-20,-0.0,0.0,
2015-05-21,-0.0,0.0,
2015-05-22,-0.0,0.0,
2015-05-26,-0.0,0.0,
2015-05-27,-0.0,0.0,
2015-05-28,0.0,0.0,
2015-05-29,0.0,0.0,
2015-06-01,-0.0,0.0,
2015-06-02,-0.0,0.0,
2015-06-03,0.0,0.0,
2015-06-04,-0.0,0.0,
2015-06-05,0.0,0.0,
2015-06-08,0.0,0.0,
2015-06-09,0.0,0.0,
2015-06-10,0.0,0.0,
2015-06-11,0.0,0.0,
2015-06-12,-0.0,0.0,
2015-06-15,-0.0,0.0,
2015-06-16,0.0,0.0,
2015-06-17,-0.0,0.0,
2015-06-18,-0.0,0.0,
2015-06-19,-0.0,0.0,
2015-06-22,-0.0,0.0,
2015-06-23,-0.0001719119632867289,0.3384516777207475,
2015-06-24,-0.004877377990172232,0.0,
2015-06-25,-0.0001891670798594853,0.3724226884733617,
2015-06-26,0.006106792762646572,0.4047974881548816,
2015-06-29,0.0069728443980331565,0.442126676522809,
2015-06-30,0.021778038427760323,0.0,
2015-07-01,-0.0,0.0,
2015-07-02,0.0,0.0,
2015-07-06,-0.0,0.0,
2015-07-07,0.0,0.0,
2015-07-08,0.0,0.0,
2015-07-09,0.0,0.0,
2015-07-10,-0.0,0.0,
2015-07-13,-0.0,0.0,
2015-07-14,-0.0,0.0,
2015-07-15,-0.0,0.0,
2015-07-16,0.0,0.0,
2015-07-17,0.0,0.0,
2015-07-20,0.0,0.0,
2015-07-21,-0.0,0.0,
2015-07-22,-0.0,0.0,
2015-07-23,0.0,0.0,
2015-07-24,-0.0,0.0,
2015-07-27,0.0,0.0,
2015-07-28,-0.0,0.0,
2015-07-29,-0.0,0.0,
2015-07-30,0.0,0.0,
2015-07-31,0.0,0.0,
2015-08-03,-0.0,0.0,
2015-08-04,-0.0,0.0,
2015-08-05,0.0,0.0,
2015-08-06,0.0,0.0,
2015-08-07,0.0,0.0,
2015-08-10,0.0,0.0,
2015-08-11,0.0,0.0,
2015-08-12,0.0,0.0,
2015-08-13,-0.0,0.0,
2015-08-14,-0.0,0.0,
2015-08-17,-0.0,0.0,
2015-08-18,-0.0,0.0,
2015-08-19,-0.0,0.0,
2015-08-20,-0.0,0.0,
2015-08-21,-0.00019368752706133374,0.3813223189020008,
2015-08-24,-0.01293110603631162,0.0,
2015-08-25,-0.00018097114548020458,0.3562869426641528,
2015-08-26,-0.026833963285521473,0.0,
2015-08-27,0.0,0.0,
2015-08-28,0.0,0.0,
2015-08-31,0.0,0.0,
2015-09-01,-0.0,0.0,
2015-09-02,0.0,0.0,
2015-09-03,-0.0,0.0,
2015-09-04,-0.0,0.0,
2015-09-08,-0.0,0.0,
2015-09-09,-0.0,0.0,
2015-09-10,-0.0,0.0,
2015-09-11,0.0,0.0,
2015-09-14,-0.00016780058652639103,0.33035740472383235,
2015-09-15,0.0026375337613629827,0.0,
2015-09-16,-0.0,0.0,
2015-09-17,-0.0,0.0,
2015-09-18,0.0,0.0,
2015-09-21,-0.0,0.0,
2015-09-22,0.0,0.0,
2015-09-23,0.0,0.0,
2015-09-24,-0.0,0.0,
2015-09-25,-0.0002307529367918701,0.45429484430899425,
2015-09-28,-0.020235094432276054,0.45429484430899425,
2015-09-29,-0.0033847170624045067,0.39800059147018646,
2015-09-30,0.029223337120427642,0.4155118840033532,
2015-10-01,-0.005162837105315813,0.45429484430899425,
2015-10-02,-0.04683969313633339,0.45429484430899425,
2015-10-05,0.02840359098335255,0.45429484430899425,
2015-10-06,0.0012572531668247078,0.45429484430899425,
2015-10-07,-0.03254182408950749,0.0,
2015-10-08,-0.0,0.0,
2015-10-09,-0.0002307529367918701,0.45429484430899425,
2015-10-12,-0.026919358568171067,0.45429484430899425,
2015-10-13,-0.025000890583343587,0.45429484430899425,
2015-10-14,0.0011667625116289658,0.44431687047299917,
2015-10-15,0.008874370771596841,0.45429484430899425,
2015-10-16,-0.005179325746921607,0.45429484430899425,
2015-10-19,-0.04940735026550471,0.0,
2015-10-20,0.0,0.0,
2015-10-21,-0.0002307529367918701,0.45429484430899425,
2015-10-22,0.027164984326200715,0.45429484430899425,
2015-10-23,0.019825818572452993,0.45429484430899425,
2015-10-26,-0.008038589891651477,0.45429484430899425,
2015-10-27,0.027392858667061884,0.45429484430899425,
2015-10-28,-0.0054745695509570745,0.3648370852467728,
2015-10-29,-0.0079075907996344,0.3933566361839912,
2015-10-30,0.044888490257697554,0.3907507200539865,
2015-11-02,-0.009211317450337755,0.0,
2015-11-03,0.0,0.0,
2015-11-04,-0.0,0.0,
2015-11-05,0.0,0.0,
2015-11-06,0.0,0.0,
2015-11-09,0.0,0.0,
2015-11-10,-0.0,0.0,
2015-11-11,-0.0,0.0,
2015-11-12,-0.0,0.0,
2015-11-13,-0.0,0.0,
2015-11-16,-0.0,0.0,
2015-11-17,-0.0001988689222829421,0.3915231907445422,
2015-11-18,0.02571263891446011,0.0,
2015-11-19,0.0,0.0,
2015-11-20,0.0,0.0,
2015-11-23,-0.0,0.0,
2015-11-24,0.0,0.0,
2015-11-25,0.0,0.0,
2015-11-27,0.0,0.0,
2015-11-30,-0.0,0.0,
2015-12-01,0.0,0.0,
2015-12-02,-0.0,0.0,
2015-12-03,-0.0,0.0,
2015-12-04,0.0,0.0,
2015-12-07,-0.0,0.0,
2015-12-08,-0.0,0.0,
2015-12-09,0.0,0.0,
2015-12-10,0.0,0.0,
2015-12-11,0.0,0.0,
2015-12-14,-0.0,0.0,
2015-12-15,-0.0,0.0,
2015-12-16,0.0,0.0,
2015-12-17,0.0,0.0,
2015-12-18,0.0,0.0,
2015-12-21,-0.0,0.0,
2015-12-22,-0.0,0.0,
2015-12-23,-0.00013253715720305858,0.2609325282435216,
2015-12-24,-0.003930523042775059,0.0,
2015-12-28,0.0,0.0,
2015-12-29,0.0,0.0,
2015-12-30,-0.0,0.0,
2015-12-31,0.0,0.0,
2016-01-04,0.0,0.0,
2016-01-05,-0.0,0.0,
2016-01-06,-0.0,0.0,
2016-01-07,-0.00012816676801252034,0.2523283245246494,
2016-01-08,-0.010583243769955302,0.0,
2016-01-11,0.0,0.0,
2016-01-12,-0.0,0.0,
2016-01-13,-0.0,0.0,
2016-01-14,-0.0,0.0,
2016-01-15,-0.0,0.0,
2016-01-19,0.0,0.0,
2016-01-20,0.0,0.0,
2016-01-21,-0.0,0.0,
2016-01-22,-0.00020436566693304644,0.4023449067744352,
2016-01-25,-0.015216207853033055,0.43957521998417154,
2016-01-26,-0.0058129016162438325,0.43957521998417154,
2016-01-27,-0.0029090564703071558,0.43957521998417154,
2016-01-28,0.003095017762455837,0.43957521998417154,
2016-01-29,0.020796197482752805,0.43957521998417154,
2016-02-01,0.039811398767299895,0.0,
2016-02-02,-0.00022327630221418237,0.43957521998417154,
2016-02-03,-0.03784004677911716,0.0,
2016-02-04,0.0,0.0,
2016-02-05,-0.00022327630221418237,0.43957521998417154,
2016-02-08,-0.00026244569483943673,0.0,
2016-02-09,-0.00022327630221418237,0.43957521998417154,
2016-02-10,0.06162532874200733,0.0,
2016-02-11,-0.00022046167732137832,0.43403392722646356,
2016-02-12,0.030996936450789506,0.0,
2016-02-16,-0.0,0.0,
2016-02-17,0.0,0.0,
2016-02-18,-0.0,0.0,
2016-02-19,0.0,0.0,
2016-02-22,-0.0,0.0,
2016-02-23,-0.0,0.0,
2016-02-24,0.0,0.0,
2016-02-25,0.0,0.0,
2016-02-26,-0.00018704188289048358,0.36823870694063954,
2016-02-29,0.009369338411421775,0.3359494152505124,
2016-03-01,0.19208026534923903,0.0,
2016-03-02,0.0,0.0,
2016-03-03,-0.0,0.0,
2016-03-04,0.0,0.0,
2016-03-07,0.0,0.0,
2016-03-08,0.0,0.0,
2016-03-09,0.0,0.0,
2016-03-10,-0.0,0.0,
2016-03-11,-0.0,0.0,
2016-03-14,0.0,0.0,
2016-03-15,0.0,0.0,
2016-03-16,-0.0,0.0,
2016-03-17,-0.0,0.0,
2016-03-18,0.0,0.0,
2016-03-21,0.0,0.0,
2016-03-22,-0.0,0.0,
2016-03-23,-0.0,0.0,
2016-03-24,0.0,0.0,
2016-03-28,-0.0,0.0,
2016-03-29,0.0,0.0,
2016-03-30,-0.0,0.0,
2016-03-31,0.0,0.0,
2016-04-01,0.0,0.0,
2016-04-04,-0.0,0.0,
2016-04-05,-0.0,0.0,
2016-04-06,-0.0,0.0,
2016-04-07,-0.0,0.0,
2016-04-08,0.0,0.0,
2016-04-11,0.0,0.0,
2016-04-12,-0.0,0.0,
2016-04-13,0.0,0.0,
2016-04-14,-0.0,0.0,
2016-04-15,-0.0,0.0,
2016-04-18,-0.0,0.0,
2016-04-19,0.0,0.0,
2016-04-20,0.0,0.0,
2016-04-21,-0.0,0.0,
2016-04-22,-0.0,0.0,
2016-04-25,0.0,0.0,
2016-04-26,0.0,0.0,
2016-04-27,-0.0,0.0,
2016-04-28,0.0,0.0,
2016-04-29,-0.0,0.0,
2016-05-02,0.0,0.0,
2016-05-03,-0.0,0.0,
2016-05-04,-0.0,0.0,
2016-05-05,-0.0,0.0,
2016-05-06,-0.0,0.0,
2016-05-09,-0.0,0.0,
2016-05-10,-0.00022327630221418237,0.43957521998417154,
2016-05-11,0.04872696173698958,0.0,
2016-05-12,-0.0,0.0,
2016-05-13,0.0,0.0,
2016-05-16,-0.0,0.0,
2016-05-17,0.0,0.0,
2016-05-18,0.0,0.0,
2016-05-19,-0.0,0.0,
2016-05-20,0.0,0.0,
2016-05-23,-0.0,0.0,
2016-05-24,-0.0,0.0,
2016-05-25,-0.0,0.0,
2016-05-26,-0.0,0.0,
2016-05-27,0.0,0.0,
2016-05-31,-0.0,0.0,
2016-06-01,0.0,0.0,
2016-06-02,0.0,0.0,
2016-06-03,-0.0,0.0,
2016-06-06,-0.0,0.0,
2016-06-07,-0.0,0.0,
2016-06-08,0.0,0.0,
2016-06-09,0.0,0.0,
2016-06-10,-0.0,0.0,
2016-06-13,-0.0,0.0,
2016-06-14,-0.0,0.0,
2016-06-15,-0.0,0.0,
2016-06-16,-0.00022327630221418237,0.43957521998417154,
2016-06-17,0.004538642546461849,0.43957521998417154,
2016-06-20,0.037535204942605704,0.43957521998417154,
2016-06-21,0.01728947000375752,0.0,
2016-06-22,-0.0,0.0,
2016-06-23,-0.0,0.0,
2016-06-24,-0.0,0.0,
2016-06-27,-0.0,0.0,
2016-06-28,-0.00022327630221418237,0.43957521998417154,
2016-06-29,-0.0205054438619754,0.43957521998417154,
2016-06-30,0.0058972945221051586,0.43957521998417154,
2016-07-01,0.0015179540294138082,0.43957521998417154,
2016-07-05,-0.025778843561155344,0.43957521998417154,
2016-07-06,-0.010175639657744913,0.43957521998417154,
2016-07-07,-0.014970663526277767,0.0,
2016-07-08,-0.0,0.0,
2016-07-11,0.0,0.0,
2016-07-12,-0.00022327630221418237,0.43957521998417154,
2016-07-13,-0.016438775469260234,0.43957521998417154,
2016-07-14,0.012750125130753045,0.43957521998417154,
2016-07-15,-0.005415695773680817,0.0,
2016-07-18,-0.0,0.0,
2016-07-19,0.0,0.0,
2016-07-20,-0.0,0.0,
2016-07-21,-0.0,0.0,
2016-07-22,-0.00022327630221418237,0.43957521998417154,
2016-07-25,-0.006435441041849669,0.43957521998417154,
2016-07-26,0.018822392316605655,0.43957521998417154,
2016-07-27,-0.003285297302442684,0.43957521998417154,
2016-07-28,0.0003255997147312187,0.43957521998417154,
2016-07-29,0.0010802663062877578,0.43957521998417154,
2016-08-01,0.02653418898712153,0.43957521998417154,
2016-08-02,0.026251772004880883,0.43957521998417154,
2016-08-03,0.004792945276063226,0.0,
2016-08-04,-0.0,0.0,
2016-08-05,0.0,0.0,
2016-08-08,-0.0,0.0,
2016-08-09,-0.00022327630221418237,0.43957521998417154,
2016-08-10,-0.011862611932902363,0.43957521998417154,
2016-08-11,0.027149307814149995,0.43957521998417154,
2016-08-12,-0.01348112659361389,0.0,
2016-08-15,-0.00022327630221418237,0.43957521998417154,
2016-08-16,-0.002381608654554227,0.0,
2016-08-17,0.0,0.0,
2016-08-18,0.0,0.0,
2016-08-19,0.0,0.0,
2016-08-22,0.0,0.0,
2016-08-23,-0.0,0.0,
2016-08-24,0.0,0.0,
2016-08-25,-0.0,0.0,
2016-08-26,-0.0,0.0,
2016-08-29,-0.0,0.0,
2016-08-30,-0.0,0.0,
2016-08-31,-0.0,0.0,
2016-09-01,-0.0,0.0,
2016-09-02,-0.0,0.0,
2016-09-06,0.0,0.0,
2016-09-07,0.0,0.0,
2016-09-08,0.0,0.0,
2016-09-09,-0.0,0.0,
2016-09-12,0.0,0.0,
2016-09-13,0.0,0.0,
2016-09-14,0.0,0.0,
2016-09-15,0.0,0.0,
2016-09-16,0.0,0.0,
2016-09-19,-0.0,0.0,
2016-09-20,-0.0,0.0,
2016-09-21,-0.0,0.0,
2016-09-22,-0.0,0.0,
2016-09-23,0.0,0.0,
2016-09-26,-0.0,0.0,
2016-09-27,0.0,0.0,
2016-09-28,0.0,0.0,
2016-09-29,-0.0,0.0,
2016-09-30,0.0,0.0,
2016-10-03,-0.0,0.0,
2016-10-04,0.0,0.0,
2016-10-05,-0.0,0.0,
2016-10-06,-0.0,0.0,
2016-10-07,-0.0,0.0,
2016-10-11,-0.0,0.0,
2016-10-12,-0.0,0.0,
2016-10-13,0.0,0.0,
2016-10-14,0.0,0.0,
2016-10-17,0.0,0.0,
2016-10-18,0.0,0.0,
2016-10-19,-0.0,0.0,
2016-10-20,0.0,0.0,
2016-10-21,0.0,0.0,
2016-10-24,-0.0,0.0,
2016-10-25,0.0,0.0,
2016-10-26,0.0,0.0,
2016-10-27,-0.0,0.0,
2016-10-28,0.0,0.0,
2016-10-31,0.0,0.0,
2016-11-01,0.0,0.0,
2016-11-02,-0.0,0.0,
2016-11-03,-0.0,0.0,
2016-11-04,-0.0,0.0,
2016-11-07,-0.0,0.0,
2016-11-08,-0.0,0.0,
2016-11-09,-0.0,0.0,
2016-11-10,0.0,0.0,
2016-11-14,-0.0,0.0,
2016-11-15,-0.0,0.0,
2016-11-16,-0.0,0.0,
2016-11-17,0.0,0.0,
2016-11-18,-0.0,0.0,
2016-11-21,0.0,0.0,
2016-11-22,-0.0,0.0,
2016-11-23,0.0,0.0,
2016-11-25,-0.0,0.0,
2016-11-28,0.0,0.0,
2016-11-29,0.0,0.0,
2016-11-30,0.0,0.0,
2016-12-01,0.0,0.0,
2016-12-02,-0.0,0.0,
2016-12-05,-0.0,0.0,
2016-12-06,-0.0,0.0,
2016-12-07,0.0,0.0,
2016-12-08,-0.0,0.0,
2016-12-09,-0.0,0.0,
2016-12-12,0.0,0.0,
2016-12-13,0.0,0.0,
2016-12-14,0.0,0.0,
2016-12-15,0.0,0.0,
2016-12-16,-0.0,0.0,
2016-12-19,-0.0,0.0,
2016-12-20,0.0,0.0,
2016-12-21,-0.0,0.0,
2016-12-22,-0.0,0.0,
2016-12-23,0.0,0.0,
2016-12-27,0.0,0.0,
2016-12-28,0.0,0.0,
2016-12-29,0.0,0.0,
2016-12-30,-0.0,0.0,
2017-01-03,-0.0,0.0,
2017-01-04,-0.0,0.0,
2017-01-05,-0.0,0.0,
2017-01-06,-0.0,0.0,
2017-01-09,-0.0,0.0,
2017-01-10,0.0,0.0,
2017-01-11,0.0,0.0,
2017-01-12,0.0,0.0,
2017-01-13,0.0,0.0,
2017-01-17,-0.0,0.0,
2017-01-18,-0.0,0.0,
2017-01-19,-0.0,0.0,
2017-01-20,0.0,0.0,
2017-01-23,-0.0,0.0,
2017-01-24,-0.00023204410344610145,0.4568368286595122,
2017-01-25,-0.042650499881697446,0.4568368286595122,
2017-01-26,-0.0026134063229680377,0.4568368286595122,
2017-01-27,-0.004060547155325573,0.4568368286595122,
2017-01-30,-0.0071976017295248785,0.4568368286595122,
2017-01-31,0.01406494716686656,0.4568368286595122,
2017-02-01,0.04076734941667456,0.0,
2017-02-02,-0.00023204410344610145,0.4568368286595122,
2017-02-03,0.015224788666523124,0.0,
2017-02-06,-0.0,0.0,
2017-02-07,0.0,0.0,
2017-02-08,0.0,0.0,
2017-02-09,-0.00023204410344610145,0.4568368286595122,
2017-02-10,0.0008312352495495493,0.4568368286595122,
2017-02-13,-0.029476772590337694,0.4568368286595122,
2017-02-14,-0.0020085636005297506,0.4568368286595122,
2017-02-15,0.0005417156192040806,0.4568368286595122,
2017-02-16,-0.03217078582485593,0.0,
2017-02-17,-0.0,0.0,
2017-02-21,-0.0,0.0,
2017-02-22,0.0,0.0,
2017-02-23,-0.0,0.0,
2017-02-24,-0.00023204410344610145,0.4568368286595122,
2017-02-27,0.01580593037071036,0.4568368286595122,
2017-02-28,-0.02943731128707586,0.4568368286595122,
2017-03-01,0.17826141150098918,0.0,
2017-03-02,-0.00017500910029066055,0.34454916619723797,
2017-03-03,-0.006585053106505655,0.3795147022251171,
2017-03-06,0.024167064794615705,0.4066415209402531,
2017-03-07,0.01251589066923128,0.37103421604555836,
2017-03-08,0.03634884290650759,0.38178101849433976,
2017-03-09,-0.0050809925602236265,0.0,
2017-03-10,-0.0,0.0,
2017-03-13,-0.0,0.0,
2017-03-14,-0.00013453777475133484,0.26487124404169043,
2017-03-15,-0.016054399670453506,0.0,
2017-03-16,-0.00012948911021370458,0.2549316857332309,
2017-03-17,0.0026710725712192174,0.0,
2017-03-20,0.0,0.0,
2017-03-21,0.0,0.0,
2017-03-22,-0.0,0.0,
2017-03-23,-0.0,0.0,
2017-03-24,0.0,0.0,
2017-03-27,0.0,0.0,
2017-03-28,0.0,0.0,
2017-03-29,0.0,0.0,
2017-03-30,-0.0,0.0,
2017-03-31,0.0,0.0,
2017-04-03,0.0,0.0,
2017-04-04,0.0,0.0,
2017-04-05,-0.0,0.0,
2017-04-06,-0.0,0.0,
2017-04-07,0.0,0.0,
2017-04-10,-0.0,0.0,
2017-04-11,-0.0,0.0,
2017-04-12,-0.0,0.0,
2017-04-13,-0.0,0.0,
2017-04-17,-0.0,0.0,
2017-04-18,-0.0,0.0,
2017-04-19,-0.0,0.0,
2017-04-20,0.0,0.0,
2017-04-21,-0.0,0.0,
2017-04-24,-0.0,0.0,
2017-04-25,-0.0,0.0,
2017-04-26,-0.0,0.0,
2017-04-27,-0.0,0.0,
2017-04-28,-0.0,0.0,
2017-05-01,-0.0,0.0,
2017-05-02,0.0,0.0,
2017-05-03,0.0,0.0,
2017-05-04,-0.0,0.0,
2017-05-05,-0.00023204410344610145,0.4568368286595122,
2017-05-08,0.011004142659851512,0.0,
2017-05-09,-0.0,0.0,
2017-05-10,0.0,0.0,
2017-05-11,0.0,0.0,
2017-05-12,0.0,0.0,
2017-05-15,-0.0,0.0,
2017-05-16,0.0,0.0,
2017-05-17,-0.0,0.0,
2017-05-18,-0.0,0.0,
2017-05-19,0.0,0.0,
2017-05-22,0.0,0.0,
2017-05-23,-0.0,0.0,
2017-05-24,-0.0,0.0,
2017-05-25,0.0,0.0,
2017-05-26,0.0,0.0,
2017-05-30,-0.0,0.0,
2017-05-31,0.0,0.0,
2017-06-01,-0.0,0.0,
2017-06-02,-0.0,0.0,
2017-06-05,-0.0,0.0,
2017-06-06,-0.0,0.0,
2017-06-07,0.0,0.0,
2017-06-08,0.0,0.0,
2017-06-09,0.0,0.0,
2017-06-12,-0.0,0.0,
2017-06-13,0.0,0.0,
2017-06-14,-0.0,0.0,
2017-06-15,0.0,0.0,
2017-06-16,0.0,0.0,
2017-06-19,0.0,0.0,
2017-06-20,-0.0,0.0,
2017-06-21,-0.0,0.0,
2017-06-22,0.0,0.0,
2017-06-23,-0.0,0.0,
2017-06-26,-0.0,0.0,
2017-06-27,0.0,0.0,
2017-06-28,0.0,0.0,
2017-06-29,0.0,0.0,
2017-06-30,0.0,0.0,
2017-07-03,0.0,0.0,
2017-07-05,0.0,0.0,
2017-07-06,0.0,0.0,
2017-07-07,-0.0,0.0,
2017-07-10,-0.0,0.0,
2017-07-11,0.0,0.0,
2017-07-12,-0.0,0.0,
2017-07-13,-0.0,0.0,
2017-07-14,0.0,0.0,
2017-07-17,0.0,0.0,
2017-07-18,0.0,0.0,
2017-07-19,0.0,0.0,
2017-07-20,-0.0,0.0,
2017-07-21,-0.0,0.0,
2017-07-24,-0.0,0.0,
2017-07-25,0.0,0.0,
2017-07-26,0.0,0.0,
2017-07-27,0.0,0.0,
2017-07-28,0.0,0.0,
2017-07-31,0.0,0.0,
2017-08-01,-0.0,0.0,
2017-08-02,-0.0,0.0,
2017-08-03,-0.0,0.0,
2017-08-04,-0.0,0.0,
2017-08-07,-0.0,0.0,
2017-08-08,-0.0,0.0,
2017-08-09,-0.0,0.0,
2017-08-10,0.0,0.0,
2017-08-11,0.0,0.0,
2017-08-14,-0.0,0.0,
2017-08-15,0.0,0.0,
2017-08-16,-0.0,0.0,
2017-08-17,0.0,0.0,
2017-08-18,0.0,0.0,
2017-08-21,-0.0,0.0,
2017-08-22,0.0,0.0,
2017-08-23,0.0,0.0,
2017-08-24,0.0,0.0,
2017-08-25,-0.0,0.0,
2017-08-28,0.0,0.0,
2017-08-29,0.0,0.0,
2017-08-30,0.0,0.0,
2017-08-31,0.0,0.0,
2017-09-01,-0.0,0.0,
2017-09-05,-0.0,0.0,
2017-09-06,-0.0,0.0,
2017-09-07,0.0,0.0,
2017-09-08,0.0,0.0,
2017-09-11,-0.0,0.0,
2017-09-12,0.0,0.0,
2017-09-13,-0.0,0.0,
2017-09-14,-0.0,0.0,
2017-09-15,0.0,0.0,
2017-09-18,-0.0,0.0,
2017-09-19,-0.0,0.0,
2017-09-20,-0.0,0.0,
2017-09-21,-0.0,0.0,
2017-09-22,0.0,0.0,
2017-09-25,0.0,0.0,
2017-09-26,-0.0,0.0,
2017-09-27,-0.0,0.0,
2017-09-28,-0.0,0.0,
2017-09-29,-0.0,0.0,
2017-10-02,-0.0,0.0,
2017-10-03,0.0,0.0,
2017-10-04,0.0,0.0,
2017-10-05,0.0,0.0,
2017-10-06,-0.0,0.0,
2017-10-09,-0.0,0.0,
2017-10-10,-0.0,0.0,
2017-10-11,0.0,0.0,
2017-10-12,-0.0,0.0,
2017-10-13,0.0,0.0,
2017-10-16,-0.0,0.0,
2017-10-17,0.0,0.0,
2017-10-18,0.0,0.0,
2017-10-19,0.0,0.0,
2017-10-20,0.0,0.0,
2017-10-23,-0.0,0.0,
2017-10-24,0.0,0.0,
2017-10-25,0.0,0.0,
2017-10-26,0.0,0.0,
2017-10-27,-0.0,0.0,
2017-10-30,-0.0,0.0,
2017-10-31,0.0,0.0,
2017-11-01,-0.0,0.0,
2017-11-02,0.0,0.0,
2017-11-03,0.0,0.0,
2017-11-06,0.0,0.0,
2017-11-07,-0.0,0.0,
2017-11-08,0.0,0.0,
2017-11-09,-0.0,0.0,
2017-11-10,0.0,0.0,
2017-11-13,-0.0,0.0,
2017-11-14,-0.0,0.0,
2017-11-15,-0.0,0.0,
2017-11-16,-0.0,0.0,
2017-11-17,0.0,0.0,
2017-11-20,0.0,0.0,
2017-11-21,0.0,0.0,
2017-11-22,-0.0,0.0,
2017-11-24,-0.0,0.0,
2017-11-27,0.0,0.0,
2017-11-28,-0.0,0.0,
2017-11-29,-0.0,0.0,
2017-11-30,-0.0,0.0,
2017-12-01,0.0,0.0,
2017-12-04,-0.0,0.0,
2017-12-05,0.0,0.0,
2017-12-06,-0.0,0.0,
2017-12-07,0.0,0.0,
2017-12-08,0.0,0.0,
2017-12-11,-0.0,0.0,
2017-12-12,-0.0,0.0,
2017-12-13,-0.0,0.0,
2017-12-14,0.0,0.0,
2017-12-15,-0.00017461471034261344,0.3437727109870202,
2017-12-18,0.018054102499635266,0.4568368286595122,
2017-12-19,0.014926822199287324,0.3132964616629376,
2017-12-20,0.009014332024410042,0.0,
2017-12-21,0.0,0.0,
2017-12-22,0.0,0.0,
2017-12-26,0.0,0.0,
2017-12-27,0.0,0.0,
2017-12-28,0.0,0.0,
2017-12-29,-0.0,0.0,
2018-01-02,-0.0,0.0,
2018-01-03,-0.00021692791760573288,0.4270768377862866,
2018-01-04,-0.006661651428315378,0.4619010131606379,
2018-01-05,-0.007347812595837586,0.0,
2018-01-08,-0.0,0.0,
2018-01-09,0.0,0.0,
2018-01-10,-0.0,0.0,
2018-01-11,-0.0,0.0,
2018-01-12,-0.00023461638763714942,0.4619010131606379,
2018-01-16,-0.0011394986238570104,0.4619010131606379,
2018-01-17,0.010504588684205472,0.4619010131606379,
2018-01-18,0.016209256246532817,0.4619010131606379,
2018-01-19,-0.0006145742817088323,0.4619010131606379,
2018-01-22,0.008366716872723624,0.4619010131606379,
2018-01-23,0.005979501168729115,0.4619010131606379,
2018-01-24,-0.01678173319650471,0.4619010131606379,
2018-01-25,0.005274524508810502,0.4619010131606379,
2018-01-26,0.007396414269510233,0.4619010131606379,
2018-01-29,0.0016971772785101089,0.4619010131606379,
2018-01-30,-0.013411997986739687,0.4619010131606379,
2018-01-31,0.0019467578753393526,0.4619010131606379,
2018-02-01,-0.029111841092436783,0.4619010131606379,
2018-02-02,-0.022345023580903133,0.0,
2018-02-05,0.0,0.0,
2018-02-06,-0.0,0.0,
2018-02-07,-0.0,0.0,
2018-02-08,0.0,0.0,
2018-02-09,-0.0,0.0,
2018-02-12,-0.0,0.0,
2018-02-13,0.0,0.0,
2018-02-14,0.0,0.0,
2018-02-15,-0.0,0.0,
2018-02-16,0.0,0.0,
2018-02-20,0.0,0.0,
2018-02-21,0.0,0.0,
2018-02-22,-0.0,0.0,
2018-02-23,-0.00023461638763714942,0.4619010131606379,
2018-02-26,0.011535547670769648,0.4619010131606379,
2018-02-27,-0.0022386763649454877,0.4619010131606379,
2018-02-28,-0.01860356803296532,0.4619010131606379,
2018-03-01,0.12947617020202626,0.4619010131606379,
2018-03-02,-0.006358629886043963,0.38607095555184384,
2018-03-05,-0.0037123940507719153,0.4147325700748934,
2018-03-06,0.0003152582776323505,0.4398038164670643,
2018-03-07,0.011898990902775335,0.44377781748086825,
2018-03-08,-0.011006910240346182,0.43822227948737896,
2018-03-09,-0.014440949731075741,0.45771668286023237,
2018-03-12,0.00248589590446845,0.45607519717599737,
2018-03-13,0.016257586913656846,0.4619010131606379,
2018-03-14,0.02876298786127959,0.4619010131606379,
2018-03-15,-0.003891187825661414,0.3153652738218695,
2018-03-16,-0.005603648158980823,0.31228375032594774,
2018-03-19,-0.006960239395352381,0.3038876070553873,
2018-03-20,0.007170559105000997,0.30304051498307955,
2018-03-21,0.004984182383783258,0.2924307131223296,
2018-03-22,0.010479776252392776,0.0,
2018-03-23,-0.0,0.0,
2018-03-26,-0.0,0.0,
2018-03-27,0.0,0.0,
2018-03-28,0.0,0.0,
2018-03-29,-0.0,0.0,
2018-04-02,-0.0,0.0,
2018-04-03,-0.0,0.0,
2018-04-04,-0.0,0.0,
2018-04-05,-0.0,0.0,
2018-04-06,0.0,0.0,
2018-04-09,0.0,0.0,
2018-04-10,0.0,0.0,
2018-04-11,-0.0,0.0,
2018-04-12,-0.0,0.0,
2018-04-13,0.0,0.0,
2018-04-16,0.0,0.0,
2018-04-17,-0.0,0.0,
2018-04-18,-0.0,0.0,
2018-04-19,0.0,0.0,
2018-04-20,0.0,0.0,
2018-04-23,0.0,0.0,
2018-04-24,-0.0,0.0,
2018-04-25,-0.0,0.0,
2018-04-26,0.0,0.0,
2018-04-27,0.0,0.0,
2018-04-30,-0.0,0.0,
2018-05-01,-0.0,0.0,
2018-05-02,-0.0,0.0,
2018-05-03,-0.0,0.0,
2018-05-04,0.0,0.0,
2018-05-07,-0.0,0.0,
2018-05-08,0.0,0.0,
2018-05-09,0.0,0.0,
2018-05-10,0.0,0.0,
2018-05-11,0.0,0.0,
2018-05-14,0.0,0.0,
2018-05-15,-0.0,0.0,
2018-05-16,0.0,0.0,
2018-05-17,-0.0,0.0,
2018-05-18,-0.0,0.0,
2018-05-21,-0.0,0.0,
2018-05-22,0.0,0.0,
2018-05-23,0.0,0.0,
2018-05-24,0.0,0.0,
2018-05-25,0.0,0.0,
2018-05-29,-0.0,0.0,
2018-05-30,0.0,0.0,
2018-05-31,-0.0,0.0,
2018-06-01,0.0,0.0,
2018-06-04,0.0,0.0,
2018-06-05,-0.0,0.0,
2018-06-06,-0.0,0.0,
2018-06-07,0.0,0.0,
2018-06-08,0.0,0.0,
2018-06-11,-0.0,0.0,
2018-06-12,-0.0,0.0,
2018-06-13,0.0,0.0,
2018-06-14,-0.0,0.0,
2018-06-15,-0.0,0.0,
2018-06-18,0.0,0.0,
2018-06-19,0.0,0.0,
2018-06-20,-0.0,0.0,
2018-06-21,-0.0,0.0,
2018-06-22,-0.0,0.0,
2018-06-25,-0.0,0.0,
2018-06-26,-0.0,0.0,
2018-06-27,0.0,0.0,
2018-06-28,-0.0,0.0,
2018-06-29,-0.000173806145126307,0.3421808482174169,
2018-07-02,-0.04277928740006734,0.0,
2018-07-03,-0.00015342786603585762,0.3020611112580947,
2018-07-05,0.025923485762020824,0.32259699325768587,
2018-07-06,-0.025835584650967885,0.1881430926889602,
2018-07-09,0.014001873667648684,0.26821881904507944,
2018-07-10,0.006062234880254164,0.16679637186118532,
2018-07-11,-0.0065755275625625125,0.0,
2018-07-12,-0.00012079823953942445,0.23782153409324186,
2018-07-13,0.005669199465844716,0.0,
2018-07-16,-0.0,0.0,
2018-07-17,-0.0001309577233426056,0.2578230178307548,
2018-07-18,0.0015536542140241858,0.0,
2018-07-19,-0.0,0.0,
2018-07-20,-9.796977990645614e-05,0.19287800419083553,
2018-07-23,0.038059974999264855,0.1936364244257552,
2018-07-24,-0.0035591613013138553,0.0,
2018-07-25,0.0,0.0,
2018-07-26,0.0,0.0,
2018-07-27,0.0,0.0,
2018-07-30,-0.0,0.0,
2018-07-31,-0.0,0.0,
2018-08-01,-0.0,0.0,
2018-08-02,-0.0,0.0,
2018-08-03,0.0,0.0,
2018-08-06,-0.0,0.0,
2018-08-07,0.0,0.0,
2018-08-08,-0.0,0.0,
2018-08-09,-0.0,0.0,
2018-08-10,0.0,0.0,
2018-08-13,-0.0,0.0,
2018-08-14,0.0,0.0,
2018-08-15,0.0,0.0,
2018-08-16,-0.0,0.0,
2018-08-17,-0.0,0.0,
2018-08-20,0.0,0.0,
2018-08-21,-0.0,0.0,
2018-08-22,0.0,0.0,
2018-08-23,-0.0,0.0,
2018-08-24,0.0,0.0,
2018-08-27,0.0,0.0,
2018-08-28,-0.0,0.0,
2018-08-29,0.0,0.0,
2018-08-30,0.0,0.0,
2018-08-31,0.0,0.0,
2018-09-04,-0.0,0.0,
2018-09-05,0.0,0.0,
2018-09-06,0.0,0.0,
2018-09-07,0.0,0.0,
2018-09-10,-0.0,0.0,
2018-09-11,0.0,0.0,
2018-09-12,-0.0,0.0,
2018-09-13,0.0,0.0,
2018-09-14,-0.0,0.0,
2018-09-17,0.0,0.0,
2018-09-18,0.0,0.0,
2018-09-19,-0.0,0.0,
2018-09-20,-0.0,0.0,
2018-09-21,0.0,0.0,
2018-09-24,0.0,0.0,
2018-09-25,0.0,0.0,
2018-09-26,0.0,0.0,
2018-09-27,0.0,0.0,
2018-09-28,-0.0,0.0,
2018-10-01,-0.0,0.0,
2018-10-02,0.0,0.0,
2018-10-03,-0.0,0.0,
2018-10-04,0.0,0.0,
2018-10-05,-0.0,0.0,
2018-10-08,0.0,0.0,
2018-10-09,-0.0,0.0,
2018-10-10,-0.0,0.0,
2018-10-11,-0.0,0.0,
2018-10-12,-0.0,0.0,
2018-10-15,-0.0,0.0,
2018-10-16,0.0,0.0,
2018-10-17,0.0,0.0,
2018-10-18,0.0,0.0,
2018-10-19,0.0,0.0,
2018-10-22,-0.0,0.0,
2018-10-23,-0.0,0.0,
2018-10-24,-0.0,0.0,
2018-10-25,-0.0,0.0,
2018-10-26,0.0,0.0,
2018-10-29,0.0,0.0,
2018-10-30,-0.0,0.0,
2018-10-31,-0.0,0.0,
2018-11-01,-0.0,0.0,
2018-11-02,-0.0,0.0,
2018-11-05,-0.0,0.0,
2018-11-06,0.0,0.0,
2018-11-07,-0.0,0.0,
2018-11-08,-0.0,0.0,
2018-11-09,-0.0,0.0,
2018-11-12,0.0,0.0,
2018-11-13,0.0,0.0,
2018-11-14,0.0,0.0,
2018-11-15,-0.0,0.0,
2018-11-16,0.0,0.0,
2018-11-19,0.0,0.0,
2018-11-20,-0.0,0.0,
2018-11-21,-0.0,0.0,
2018-11-23,-0.0,0.0,
2018-11-26,-0.00023461638763714942,0.4619010131606379,
2018-11-27,-0.01884874116264708,0.0,
2018-11-28,-0.00023461638763714942,0.4619010131606379,
2018-11-29,0.014804233278048626,0.4619010131606379,
2018-11-30,0.005028080860332844,0.41211122907723075,
2018-12-03,-0.045180169641749965,0.0,
2018-12-04,-0.00023461638763714942,0.4619010131606379,
2018-12-06,0.026248828800909084,0.4619010131606379,
2018-12-07,0.021851462256322115,0.0,
2018-12-10,-0.0,0.0,
2018-12-11,-0.0,0.0,
2018-12-12,0.0,0.0,
2018-12-13,0.0,0.0,
2018-12-14,-0.0,0.0,
2018-12-17,-0.00016034422588057388,0.31567769470237983,
2018-12-18,0.019649985843212245,0.0,
2018-12-19,0.0,0.0,
2018-12-20,-0.0,0.0,
2018-12-21,-0.0,0.0,
2018-12-24,0.0,0.0,
2018-12-26,-0.0,0.0,
2018-12-27,0.0,0.0,
2018-12-28,-0.0,0.0,
2018-12-31,0.0,0.0,
2019-01-02,-3.649003155486712e-06,0.45977439759132577,
2019-01-03,0.021317150466766566,0.45977439759132577,
2019-01-04,-0.016525221760989486,0.0,
2019-01-07,-0.0,0.0,
2019-01-08,0.0,0.0,
2019-01-09,-0.0,0.0,
2019-01-10,0.0,0.0,
2019-01-11,-0.0,0.0,
2019-01-14,-0.0,0.0,
2019-01-15,0.0,0.0,
2019-01-16,0.0,0.0,
2019-01-17,0.0,0.0,
2019-01-18,-0.0,0.0,
2019-01-22,-0.0,0.0,
2019-01-23,-0.0,0.0,
2019-01-24,-0.0,0.0,
2019-01-25,-0.0002335362019511496,0.45977439759132577,
2019-01-28,-0.02120791646193841,0.0,
2019-01-29,0.0,0.0,
2019-01-30,-0.0,0.0,
2019-01-31,-0.0002335362019511496,0.45977439759132577,
2019-02-01,0.03772031403760671,0.0,
2019-02-04,0.0,0.0,
2019-02-05,-0.0002335362019511496,0.45977439759132577,
2019-02-06,0.028263033625458525,0.45977439759132577,
2019-02-07,0.009863350535070474,0.45977439759132577,
2019-02-08,0.021935275988578473,0.45977439759132577,
2019-02-11,-0.024468326443250307,0.45977439759132577,
2019-02-12,-0.00922109965463621,0.45977439759132577,
2019-02-13,0.025334941148456854,0.45977439759132577,
2019-02-14,0.041813146437199626,0.4379842682798582,
2019-02-15,0.04426724601664658,0.2076669868454846,
2019-02-19,-0.017912898276881428,0.0,
2019-02-20,-5.259179186366796e-05,0.1035400902315963,
2019-02-21,0.005178138518746925,0.0,
2019-02-22,-0.0,0.0,
2019-02-25,-0.0,0.0,
2019-02-26,-9.078227280018777e-05,0.17872759957536966,
2019-02-27,0.0026815470073720065,0.0,
2019-02-28,-0.0,0.0,
2019-03-01,-0.00018221930200076815,0.3587442508140123,
2019-03-04,-0.002070805886948983,0.0,
2019-03-05,0.0,0.0,
2019-03-06,0.0,0.0,
2019-03-07,-0.0,0.0,
2019-03-08,0.0,0.0,
2019-03-11,-0.0,0.0,
2019-03-12,-0.0,0.0,
2019-03-13,-0.0,0.0,
2019-03-14,-0.0,0.0,
2019-03-15,0.0,0.0,
2019-03-18,0.0,0.0,
2019-03-19,0.0,0.0,
2019-03-20,0.0,0.0,
2019-03-21,-0.0,0.0,
2019-03-22,0.0,0.0,
2019-03-25,0.0,0.0,
2019-03-26,-0.0,0.0,
2019-03-27,-0.0,0.0,
2019-03-28,-0.0,0.0,
2019-03-29,-0.0,0.0,
2019-04-01,-0.0,0.0,
2019-04-02,0.0,0.0,
2019-04-03,0.0,0.0,
2019-04-04,0.0,0.0,
2019-04-05,0.0,0.0,
2019-04-08,-0.0,0.0,
2019-04-09,0.0,0.0,
2019-04-10,0.0,0.0,
2019-04-11,-0.0,0.0,
2019-04-12,-0.0,0.0,
2019-04-15,-0.0,0.0,
2019-04-16,0.0,0.0,
2019-04-17,0.0,0.0,
2019-04-18,0.0,0.0,
2019-04-22,0.0,0.0,
2019-04-23,-0.0,0.0,
2019-04-24,0.0,0.0,
2019-04-25,0.0,0.0,
2019-04-26,0.0,0.0,
2019-04-29,-0.0,0.0,
2019-04-30,0.0,0.0,
2019-05-01,-0.0,0.0,
2019-05-02,0.0,0.0,
2019-05-03,-0.0,0.0,
2019-05-06,-0.0,0.0,
2019-05-07,-0.0,0.0,
2019-05-08,0.0,0.0,
2019-05-09,0.0,0.0,
2019-05-10,0.0,0.0,
2019-05-13,-0.0,0.0,
2019-05-14,-0.0,0.0,
2019-05-15,0.0,0.0,
2019-05-16,0.0,0.0,
2019-05-17,-0.0,0.0,
2019-05-20,-0.0,0.0,
2019-05-21,0.0,0.0,
2019-05-22,0.0,0.0,
2019-05-23,0.0,0.0,
2019-05-24,-0.0,0.0,
2019-05-28,0.0,0.0,
2019-05-29,-0.0,0.0,
2019-05-30,-0.0,0.0,
2019-05-31,-0.0,0.0,
2019-06-03,-0.0,0.0,
2019-06-04,-0.0,0.0,
2019-06-05,0.0,0.0,
2019-06-06,-0.0,0.0,
2019-06-07,-0.0,0.0,
2019-06-10,0.0,0.0,
2019-06-11,0.0,0.0,
2019-06-12,-0.0,0.0,
2019-06-13,0.0,0.0,
2019-06-14,0.0,0.0,
2019-06-17,-0.0,0.0,
2019-06-18,-0.0,0.0,
2019-06-19,-0.0001218565615533528,0.23990510555816333,
2019-06-20,-0.007911749181095717,0.0,
2019-06-21,-0.00011626817750035311,0.22890297445382018,
2019-06-24,-0.006573812624655284,0.0,
2019-06-25,0.0,0.0,
2019-06-26,0.0,0.0,
2019-06-27,-0.0,0.0,
2019-06-28,0.0,0.0,
2019-07-01,-0.0,0.0,
2019-07-02,0.0,0.0,
2019-07-03,0.0,0.0,
2019-07-05,0.0,0.0,
2019-07-08,-0.0,0.0,
2019-07-09,0.0,0.0,
2019-07-10,0.0,0.0,
2019-07-11,-0.0,0.0,
2019-07-12,-0.0,0.0,
2019-07-15,-0.0,0.0,
2019-07-16,0.0,0.0,
2019-07-17,0.0,0.0,
2019-07-18,-0.0,0.0,
2019-07-19,0.0,0.0,
2019-07-22,-0.0,0.0,
2019-07-23,0.0,0.0,
2019-07-24,0.0,0.0,
2019-07-25,0.0,0.0,
2019-07-26,-0.0,0.0,
2019-07-29,-0.0,0.0,
2019-07-30,0.0,0.0,
2019-07-31,-0.0,0.0,
2019-08-01,-0.0,0.0,
2019-08-02,-0.0,0.0,
2019-08-05,-5.632185627223216e-05,0.11088365453595707,
2019-08-06,3.0331718823074165e-05,0.423679497535114,
2019-08-07,-0.006325374491963798,0.4516439778732556,
2019-08-08,-0.008550933999619393,0.45977439759132577,
2019-08-09,-0.015798835795696815,0.0,
2019-08-12,-0.0,0.0,
2019-08-13,0.0,0.0,
2019-08-14,-0.0,0.0,
2019-08-15,-0.0,0.0,
2019-08-16,0.0,0.0,
2019-08-19,-0.0002335362019511496,0.45977439759132577,
2019-08-20,0.014555368291426327,0.0,
2019-08-21,-0.0002335362019511496,0.45977439759132577,
2019-08-22,-0.015113269892529955,0.4330905542080959,
2019-08-23,0.002732836774997017,0.0,
2019-08-26,-0.0,0.0,
2019-08-27,-0.0,0.0,
2019-08-28,0.0,0.0,
2019-08-29,-0.0,0.0,
2019-08-30,-0.0002335362019511496,0.45977439759132577,
2019-09-03,-0.0848085942285577,0.0,
2019-09-04,0.0,0.0,
2019-09-05,-0.0002200470208370035,0.4332175722728506,
2019-09-06,0.019359001216205075,0.4084740544767297,
2019-09-09,-0.016538406845243717,0.34207761182404856,
2019-09-10,0.014354750649296236,0.37100236543376125,
2019-09-11,0.015698173093733604,0.31323625855812093,
2019-09-12,-0.0013349666558446953,0.3020811290377156,
2019-09-13,0.0027202094934659325,0.30712794362329987,
2019-09-16,0.008202587351928354,0.32257324008787824,
2019-09-17,0.0015580285070300346,0.2289597417084695,
2019-09-18,0.007648495990592234,0.24273877852666084,
2019-09-19,0.02568631595633233,0.1761592271381074,
2019-09-20,-0.009789805692481036,0.0,
2019-09-23,-0.0,0.0,
2019-09-24,-4.656338981364734e-05,0.0916716736956182,
2019-09-25,-0.0012858745684917775,0.0,
2019-09-26,-4.739999639438508e-05,0.09331874290144564,
2019-09-27,0.00017700780038631795,0.0,
2019-09-30,0.0,0.0,
2019-10-01,-0.0,0.0,
2019-10-02,-0.0,0.0,
2019-10-03,0.0,0.0,
2019-10-04,0.0,0.0,
2019-10-07,0.0,0.0,
2019-10-08,0.0,0.0,
2019-10-09,0.0,0.0,
2019-10-10,0.0,0.0,
2019-10-11,-0.0,0.0,
2019-10-14,-0.0,0.0,
2019-10-15,0.0,0.0,
2019-10-16,0.0,0.0,
2019-10-17,-0.0,0.0,
2019-10-18,0.0,0.0,
2019-10-21,-0.0,0.0,
2019-10-22,-0.0,0.0,
2019-10-23,-0.0,0.0,
2019-10-24,0.0,0.0,
2019-10-25,-0.0,0.0,
2019-10-28,0.0,0.0,
2019-10-29,0.0,0.0,
2019-10-30,-0.0,0.0,
2019-10-31,-0.0,0.0,
2019-11-01,-0.0,0.0,
2019-11-04,-0.0,0.0,
2019-11-05,-0.0,0.0,
2019-11-06,-0.0,0.0,
2019-11-07,-0.0,0.0,
2019-11-08,-0.0,0.0,
2019-11-11,-0.0,0.0,
2019-11-12,-7.254623260509863e-05,0.14282539544128792,
2019-11-13,0.004133462254853963,0.15542318594020932,
2019-11-14,-0.0014606385793475157,0.0,
2019-11-15,0.0,0.0,
2019-11-18,-0.0,0.0,
2019-11-19,0.0,0.0,
2019-11-20,0.0,0.0,
2019-11-21,0.0,0.0,
2019-11-22,-0.0,0.0,
2019-11-25,-0.0,0.0,
2019-11-26,0.0,0.0,
2019-11-27,-0.0,0.0,
2019-11-29,-0.0,0.0,
2019-12-02,-0.0,0.0,
2019-12-03,-0.0,0.0,
2019-12-04,-0.0,0.0,
2019-12-05,0.0,0.0,
2019-12-06,0.0,0.0,
2019-12-09,0.0,0.0,
2019-12-10,0.0,0.0,
2019-12-11,-0.0,0.0,
2019-12-12,-0.0,0.0,
2019-12-13,0.0,0.0,
2019-12-16,0.0,0.0,
2019-12-17,0.0,0.0,
2019-12-18,-0.0,0.0,
2019-12-19,0.0,0.0,
2019-12-20,0.0,0.0,
2019-12-23,-0.0,0.0,
2019-12-24,0.0,0.0,
2019-12-26,0.0,0.0,
2019-12-27,-0.0,0.0,
2019-12-30,-0.0,0.0,
2019-12-31,-0.0,0.0,
2020-01-02,-2.4470154966349727e-06,0.3083239525760066,
2020-01-03,-0.0022222539998457904,0.0,
2020-01-06,-0.0,0.0,
2020-01-07,-0.0,0.0,
2020-01-08,-0.0,0.0,
2020-01-09,0.0,0.0,
2020-01-10,0.0,0.0,
2020-01-13,0.0,0.0,
2020-01-14,-0.0,0.0,
2020-01-15,-0.0,0.0,
2020-01-16,-0.0,0.0,
2020-01-17,-0.0,0.0,
2020-01-21,-0.0,0.0,
2020-01-22,-0.0,0.0,
2020-01-23,0.0,0.0,
2020-01-24,-0.00022968387593418356,0.45219013074542386,
2020-01-27,-0.018593714883031447,0.45219013074542386,
2020-01-28,0.02274553370470753,0.45219013074542386,
2020-01-29,0.024379737582203017,0.45219013074542386,
2020-01-30,-0.024364642198977087,0.45219013074542386,
2020-01-31,0.007548764487126802,0.45219013074542386,
2020-02-03,0.012563692082370688,0.45219013074542386,
2020-02-04,-0.00904072442195954,0.45219013074542386,
2020-02-05,0.031206792590243372,0.45219013074542386,
2020-02-06,0.01371142694707502,0.45219013074542386,
2020-02-07,0.0351415350943067,0.45219013074542386,
2020-02-10,0.00814907656155483,0.303102219353331,
2020-02-11,-0.008262304836897539,0.30795955739494624,
2020-02-12,0.030035326274474666,0.3109953497228912,
2020-02-13,-0.004762262425703395,0.11532480867968971,
2020-02-14,-0.002473717671807759,0.1186813263810085,
2020-02-18,0.004400726783596343,0.2096574215302223,
2020-02-19,0.008840026966187475,0.0,
2020-02-20,-0.0,0.0,
2020-02-21,-0.0,0.0,
2020-02-24,-6.0048451832516976e-05,0.1182203895452678,
2020-02-25,-0.009929374815117614,0.1229773897365807,
2020-02-26,-0.01623309199590774,0.0,
2020-02-27,0.0,0.0,
2020-02-28,-0.0002225913245832223,0.4382266702732189,
2020-03-02,0.07481646968349934,0.4415845460036099,
2020-03-03,-0.017405730107040357,0.2938453990211516,
2020-03-04,0.020413525185250015,0.31830449230349883,
2020-03-05,-0.01395176388937054,0.18789279293620514,
2020-03-06,-0.006448865397018471,0.279586286695604,
2020-03-09,-0.0003792472037140687,0.30470030464613074,
2020-03-10,-0.027352881637498452,0.0,
2020-03-11,-0.0,0.0,
2020-03-12,-0.00017757085615921394,0.34959262306345246,
2020-03-13,-0.011097264521568234,0.0,
2020-03-16,-0.0,0.0,
2020-03-17,0.0,0.0,
2020-03-18,0.0,0.0,
2020-03-19,-9.974762663701161e-05,0.19637813994161663,
2020-03-20,0.0008349671604122946,0.0,
2020-03-23,-0.0,0.0,
2020-03-24,0.0,0.0,
2020-03-25,0.0,0.0,
2020-03-26,-7.934239866360602e-05,0.15620534736897435,
2020-03-27,0.02959734804582597,0.1499232841146004,
2020-03-30,0.014182835418784727,0.13700663107220495,
2020-03-31,-0.010550779802780798,0.12373174217866559,
2020-04-01,-0.020032364974506542,0.0,
2020-04-02,-0.0,0.0,
2020-04-03,-0.0,0.0,
2020-04-06,0.0,0.0,
2020-04-07,0.0,0.0,
2020-04-08,-0.0,0.0,
2020-04-09,0.0,0.0,
2020-04-13,0.0,0.0,
2020-04-14,0.0,0.0,
2020-04-15,-0.0,0.0,
2020-04-16,0.0,0.0,
2020-04-17,0.0,0.0,
2020-04-20,0.0,0.0,
2020-04-21,-0.0,0.0,
2020-04-22,-0.0,0.0,
2020-04-23,-0.0,0.0,
2020-04-24,-0.0,0.0,
2020-04-27,0.0,0.0,
2020-04-28,0.0,0.0,
2020-04-29,-0.0,0.0,
2020-04-30,-0.0,0.0,
2020-05-01,-8.666481975335163e-06,0.017062136388941104,
2020-05-04,0.0011936393002107044,0.009730531560783639,
2020-05-05,-0.00041350976852573654,0.0,
2020-05-06,-5.005087551082246e-06,0.009853766116193171,
2020-05-07,0.001363615452879154,0.009823434270093563,
2020-05-08,0.000158302933955067,0.0,
2020-05-11,-0.0,0.0,
2020-05-12,-0.0,0.0,
2020-05-13,-0.0,0.0,
2020-05-14,0.0,0.0,
2020-05-15,-8.648756297254563e-06,0.01702723896021992,
2020-05-18,0.00040342360769415805,0.017282212763034457,
2020-05-19,-0.0008082482856509399,0.016635595581890105,
2020-05-20,-0.0010865226840141957,0.09038232228885959,
2020-05-21,-0.00309906750390867,0.0,
2020-05-22,0.0,0.0,
2020-05-26,-0.0,0.0,
2020-05-27,-0.0,0.0,
2020-05-28,-0.0,0.0,
2020-05-29,-0.0,0.0,
2020-06-01,0.0,0.0,
2020-06-02,0.0,0.0,
2020-06-03,-0.0,0.0,
2020-06-04,0.0,0.0,
2020-06-05,0.0,0.0,
2020-06-08,0.0,0.0,
2020-06-09,0.0,0.0,
2020-06-10,-0.0,0.0,
2020-06-11,-0.0,0.0,
2020-06-12,0.0,0.0,
2020-06-15,0.0,0.0,
2020-06-16,0.0,0.0,
2020-06-17,0.0,0.0,
2020-06-18,0.0,0.0,
2020-06-19,-0.0,0.0,
2020-06-22,-0.0,0.0,
2020-06-23,0.0,0.0,
2020-06-24,-0.0,0.0,
2020-06-25,-0.0,0.0,
2020-06-26,-0.0,0.0,
2020-06-29,0.0,0.0,
2020-06-30,0.0,0.0,
2020-07-01,0.0,0.0,
2020-07-02,0.0,0.0,
2020-07-06,-0.0,0.0,
2020-07-07,0.0,0.0,
2020-07-08,0.0,0.0,
2020-07-09,0.0,0.0,
2020-07-10,0.0,0.0,
2020-07-13,-0.0,0.0,
2020-07-14,-0.0,0.0,
2020-07-15,-0.0,0.0,
2020-07-16,-0.0,0.0,
2020-07-17,-0.0,0.0,
2020-07-20,0.0,0.0,
2020-07-21,0.0,0.0,
2020-07-22,0.0,0.0,
2020-07-23,-0.0,0.0,
2020-07-24,0.0,0.0,
2020-07-27,-0.0,0.0,
2020-07-28,0.0,0.0,
2020-07-29,-0.0,0.0,
2020-07-30,0.0,0.0,
2020-07-31,-0.0,0.0,
2020-08-03,0.0,0.0,
2020-08-04,-0.0,0.0,
2020-08-05,-0.0,0.0,
2020-08-06,0.0,0.0,
2020-08-07,-0.0,0.0,
2020-08-10,0.0,0.0,
2020-08-11,-0.0,0.0,
2020-08-12,0.0,0.0,
2020-08-13,-0.0,0.0,
2020-08-14,0.0,0.0,
2020-08-17,-0.0,0.0,
2020-08-18,0.0,0.0,
2020-08-19,0.0,0.0,
2020-08-20,0.0,0.0,
2020-08-21,-0.0,0.0,
2020-08-24,0.0,0.0,
2020-08-25,0.0,0.0,
2020-08-26,-0.0,0.0,
2020-08-27,-0.0,0.0,
2020-08-28,0.0,0.0,
2020-08-31,-0.0,0.0,
2020-09-01,-0.0,0.0,
2020-09-02,0.0,0.0,
2020-09-03,-0.0,0.0,
2020-09-04,0.0,0.0,
2020-09-08,-0.0,0.0,
2020-09-09,-0.0,0.0,
2020-09-10,-0.0,0.0,
2020-09-11,-0.0,0.0,
2020-09-14,0.0,0.0,
2020-09-15,-0.0,0.0,
2020-09-16,-0.0,0.0,
2020-09-17,0.0,0.0,
2020-09-18,0.0,0.0,
2020-09-21,-0.0,0.0,
2020-09-22,-0.0,0.0,
2020-09-23,0.0,0.0,
2020-09-24,0.0,0.0,
2020-09-25,0.0,0.0,
2020-09-28,0.0,0.0,
2020-09-29,-0.0,0.0,
2020-09-30,-0.0,0.0,
2020-10-01,-0.0,0.0,
2020-10-02,0.0,0.0,
2020-10-05,0.0,0.0,
2020-10-06,0.0,0.0,
2020-10-07,-0.0,0.0,
2020-10-08,0.0,0.0,
2020-10-09,-0.0,0.0,
2020-10-12,-0.0,0.0,
2020-10-13,-0.0,0.0,
2020-10-14,-0.0,0.0,
2020-10-15,-0.0,0.0,
2020-10-16,-0.0,0.0,
2020-10-19,-0.0,0.0,
2020-10-20,0.0,0.0,
2020-10-21,-0.0,0.0,
2020-10-22,0.0,0.0,
2020-10-23,0.0,0.0,
2020-10-26,0.0,0.0,
2020-10-27,0.0,0.0,
2020-10-28,-0.0,0.0,
2020-10-29,0.0,0.0,
2020-10-30,0.0,0.0,
2020-11-02,-0.0,0.0,
2020-11-03,0.0,0.0,
2020-11-04,0.0,0.0,
2020-11-05,0.0,0.0,
2020-11-06,0.0,0.0,
2020-11-09,0.0,0.0,
2020-11-10,0.0,0.0,
2020-11-11,-0.0,0.0,
2020-11-12,-0.0,0.0,
2020-11-13,-0.0,0.0,
2020-11-16,-0.0,0.0,
2020-11-17,0.0,0.0,
2020-11-18,0.0,0.0,
2020-11-19,0.0,0.0,
2020-11-20,0.0,0.0,
2020-11-23,0.0,0.0,
2020-11-24,0.0,0.0,
2020-11-25,0.0,0.0,
2020-11-27,-0.0,0.0,
2020-11-30,-0.0,0.0,
2020-12-01,-0.0,0.0,
2020-12-02,0.0,0.0,
2020-12-03,0.0,0.0,
2020-12-04,-0.0,0.0,
2020-12-07,0.0,0.0,
2020-12-08,0.0,0.0,
2020-12-09,0.0,0.0,
2020-12-10,0.0,0.0,
2020-12-11,-0.0,0.0,
2020-12-14,0.0,0.0,
2020-12-15,-0.0,0.0,
2020-12-16,0.0,0.0,
2020-12-17,0.0,0.0,
2020-12-18,-0.0,0.0,
2020-12-21,-0.0,0.0,
2020-12-22,-0.0,0.0,
2020-12-23,0.0,0.0,
2020-12-24,-0.0,0.0,
2020-12-28,0.0,0.0,
2020-12-29,0.0,0.0,
2020-12-30,0.0,0.0,
2020-12-31,-0.0,0.0,
2021-01-04,-0.0,0.0,
2021-01-05,0.0,0.0,
2021-01-06,0.0,0.0,
2021-01-07,0.0,0.0,
2021-01-08,0.0,0.0,
2021-01-11,-0.0,0.0,
2021-01-12,0.0,0.0,
2021-01-13,0.0,0.0,
2021-01-14,-0.0,0.0,
2021-01-15,0.0,0.0,
2021-01-19,-0.0,0.0,
2021-01-20,-0.0,0.0,
2021-01-21,0.0,0.0,
2021-01-22,0.0,0.0,
2021-01-25,0.0,0.0,
2021-01-26,0.0,0.0,
2021-01-27,-0.0,0.0,
2021-01-28,0.0,0.0,
2021-01-29,-0.0,0.0,
2021-02-01,-0.0,0.0,
2021-02-02,-0.0,0.0,
2021-02-03,0.0,0.0,
2021-02-04,-0.0,0.0,
2021-02-05,-0.0,0.0,
2021-02-08,0.0,0.0,
2021-02-09,-0.0,0.0,
2021-02-10,-0.0,0.0,
2021-02-11,0.0,0.0,
2021-02-12,0.0,0.0,
2021-02-16,0.0,0.0,
2021-02-17,0.0,0.0,
2021-02-18,0.0,0.0,
2021-02-19,0.0,0.0,
2021-02-22,-0.0,0.0,
2021-02-23,0.0,0.0,
2021-02-24,0.0,0.0,
2021-02-25,-0.0,0.0,
2021-02-26,0.0,0.0,
2021-03-01,0.0,0.0,
2021-03-02,0.0,0.0,
2021-03-03,-0.0,0.0,
2021-03-04,-0.0,0.0,
2021-03-05,0.0,0.0,
2021-03-08,0.0,0.0,
2021-03-09,0.0,0.0,
2021-03-10,0.0,0.0,
2021-03-11,0.0,0.0,
2021-03-12,0.0,0.0,
2021-03-15,-0.0,0.0,
2021-03-16,0.0,0.0,
2021-03-17,-0.0,0.0,
2021-03-18,0.0,0.0,
2021-03-19,-0.0,0.0,
2021-03-22,0.0,0.0,
2021-03-23,0.0,0.0,
2021-03-24,0.0,0.0,
2021-03-25,-0.0,0.0,
2021-03-26,-0.0,0.0,
2021-03-29,0.0,0.0,
2021-03-30,0.0,0.0,
2021-03-31,0.0,0.0,
2021-04-01,0.0,0.0,
2021-04-05,0.0,0.0,
2021-04-06,-0.0,0.0,
2021-04-07,-0.0,0.0,
2021-04-08,0.0,0.0,
2021-04-09,0.0,0.0,
2021-04-12,-0.0,0.0,
2021-04-13,-0.0,0.0,
2021-04-14,-0.0,0.0,
2021-04-15,0.0,0.0,
2021-04-16,-0.0,0.0,
2021-04-19,-0.0,0.0,
2021-04-20,0.0,0.0,
2021-04-21,-0.0,0.0,
2021-04-22,-0.0,0.0,
2021-04-23,0.0,0.0,
2021-04-26,-0.0,0.0,
2021-04-27,0.0,0.0,
2021-04-28,0.0,0.0,
2021-04-29,-0.0,0.0,
2021-04-30,0.0,0.0,
2021-05-03,0.0,0.0,
2021-05-04,0.0,0.0,
2021-05-05,0.0,0.0,
2021-05-06,-0.0,0.0,
2021-05-07,0.0,0.0,
2021-05-10,0.0,0.0,
2021-05-11,0.0,0.0,
2021-05-12,0.0,0.0,
2021-05-13,-0.0,0.0,
2021-05-14,-0.0,0.0,
2021-05-17,0.0,0.0,
2021-05-18,0.0,0.0,
2021-05-19,-0.0,0.0,
2021-05-20,-0.0,0.0,
2021-05-21,-0.0,0.0,
2021-05-24,-0.0,0.0,
2021-05-25,-0.0,0.0,
2021-05-26,0.0,0.0,
2021-05-27,-0.0,0.0,
2021-05-28,0.0,0.0,
2021-06-01,-0.0,0.0,
2021-06-02,0.0,0.0,
2021-06-03,0.0,0.0,
2021-06-04,-0.0,0.0,
2021-06-07,-0.0,0.0,
2021-06-08,0.0,0.0,
2021-06-09,-0.0,0.0,
2021-06-10,0.0,0.0,
2021-06-11,-0.0,0.0,
2021-06-14,-0.0,0.0,
2021-06-15,-0.0,0.0,
2021-06-16,-0.0,0.0,
2021-06-17,-0.0,0.0,
2021-06-18,-0.00021914300755557543,0.43143779612503913,
2021-06-21,-0.015477716126913671,0.28464190559380953,
2021-06-22,0.023323587316151532,0.43980775003282785,
2021-06-23,0.027299155019385166,0.0,
2021-06-24,0.0,0.0,
2021-06-25,-0.0,0.0,
2021-06-28,-0.0,0.0,
2021-06-29,-0.00010308994235215759,0.20295832400581024,
2021-06-30,-0.00256873514355293,0.0,
2021-07-01,-0.0,0.0,
2021-07-02,0.0,0.0,
2021-07-06,-0.0,0.0,
2021-07-07,0.0,0.0,
2021-07-08,0.0,0.0,
2021-07-09,-0.0,0.0,
2021-07-12,-0.0,0.0,
2021-07-13,0.0,0.0,
2021-07-14,0.0,0.0,
2021-07-15,-0.0,0.0,
2021-07-16,-0.0,0.0,
2021-07-19,-0.0,0.0,
2021-07-20,-0.0,0.0,
2021-07-21,0.0,0.0,
2021-07-22,0.0,0.0,
2021-07-23,0.0,0.0,
2021-07-26,0.0,0.0,
2021-07-27,0.0,0.0,
2021-07-28,-0.0,0.0,
2021-07-29,0.0,0.0,
2021-07-30,0.0,0.0,
2021-08-02,-0.0,0.0,
2021-08-03,0.0,0.0,
2021-08-04,0.0,0.0,
2021-08-05,0.0,0.0,
2021-08-06,-0.0,0.0,
2021-08-09,0.0,0.0,
2021-08-10,-0.0,0.0,
2021-08-11,0.0,0.0,
2021-08-12,-0.0,0.0,
2021-08-13,-0.0,0.0,
2021-08-16,-0.0,0.0,
2021-08-17,-0.0,0.0,
2021-08-18,0.0,0.0,
2021-08-19,-0.0,0.0,
2021-08-20,-0.0,0.0,
2021-08-23,0.0,0.0,
2021-08-24,0.0,0.0,
2021-08-25,0.0,0.0,
2021-08-26,-0.0,0.0,
2021-08-27,-0.0,0.0,
2021-08-30,0.0,0.0,
2021-08-31,-0.0,0.0,
2021-09-01,-0.0,0.0,
2021-09-02,0.0,0.0,
2021-09-03,0.0,0.0,
2021-09-07,-0.0,0.0,
2021-09-08,-0.0,0.0,
2021-09-09,-0.0,0.0,
2021-09-10,0.0,0.0,
2021-09-13,-0.0,0.0,
2021-09-14,0.0,0.0,
2021-09-15,-0.0,0.0,
2021-09-16,-0.0,0.0,
2021-09-17,0.0,0.0,
2021-09-20,-0.0,0.0,
2021-09-21,-0.0,0.0,
2021-09-22,-0.0,0.0,
2021-09-23,0.0,0.0,
2021-09-24,0.0,0.0,
2021-09-27,-0.0,0.0,
2021-09-28,-0.0,0.0,
2021-09-29,0.0,0.0,
2021-09-30,0.0,0.0,
2021-10-01,-0.0,0.0,
2021-10-04,0.0,0.0,
2021-10-05,0.0,0.0,
2021-10-06,-0.0,0.0,
2021-10-07,0.0,0.0,
2021-10-08,0.0,0.0,
2021-10-11,-0.0,0.0,
2021-10-12,-0.0,0.0,
2021-10-13,0.0,0.0,
2021-10-14,0.0,0.0,
2021-10-15,0.0,0.0,
2021-10-18,-0.0,0.0,
2021-10-19,-0.0,0.0,
2021-10-20,0.0,0.0,
2021-10-21,-0.0,0.0,
2021-10-22,-0.0,0.0,
2021-10-25,0.0,0.0,
2021-10-26,-0.0,0.0,
2021-10-27,-0.0,0.0,
2021-10-28,-0.0,0.0,
2021-10-29,-0.0,0.0,
2021-11-01,-0.0,0.0,
2021-11-02,0.0,0.0,
2021-11-03,-0.0,0.0,
2021-11-04,0.0,0.0,
2021-11-05,-0.0,0.0,
2021-11-08,-0.0,0.0,
2021-11-09,-0.0,0.0,
2021-11-10,-8.444613534908357e-05,0.16625332896850828,
2021-11-11,0.0020720275527908298,0.17606517843902683,
2021-11-12,0.00011142451315089575,0.17943015751985256,
2021-11-15,0.002855124804107977,0.18793252213595746,
2021-11-16,0.01098810774667538,0.0,
2021-11-17,-0.0,0.0,
2021-11-18,0.0,0.0,
2021-11-19,-0.0,0.0,
2021-11-22,-9.813322782190264e-05,0.1931997922743708,
2021-11-23,0.012521483654093597,0.0,
2021-11-24,-0.0,0.0,
2021-11-26,-0.0,0.0,
2021-11-29,-8.875799390816502e-05,0.17474230050669987,
2021-11-30,-0.001810878234750712,0.0,
2021-12-01,-0.0,0.0,
2021-12-02,-0.0,0.0,
2021-12-03,-0.0,0.0,
2021-12-06,0.0,0.0,
2021-12-07,-0.0,0.0,
2021-12-08,0.0,0.0,
2021-12-09,0.0,0.0,
2021-12-10,-0.0,0.0,
2021-12-13,-0.0,0.0,
2021-12-14,0.0,0.0,
2021-12-15,0.0,0.0,
2021-12-16,0.0,0.0,
2021-12-17,-0.0,0.0,
2021-12-20,0.0,0.0,
2021-12-21,0.0,0.0,
2021-12-22,-0.0,0.0,
2021-12-23,0.0,0.0,
2021-12-27,-0.0,0.0,
2021-12-28,0.0,0.0,
2021-12-29,0.0,0.0,
2021-12-30,0.0,0.0,
2021-12-31,-0.0,0.0,
2022-01-03,0.0,0.0,
2022-01-04,0.0,0.0,
2022-01-05,0.0,0.0,
2022-01-06,-0.0,0.0,
2022-01-07,0.0,0.0,
2022-01-10,0.0,0.0,
2022-01-11,0.0,0.0,
2022-01-12,-0.0,0.0,
2022-01-13,0.0,0.0,
2022-01-14,-0.0,0.0,
2022-01-18,-0.0,0.0,
2022-01-19,-0.0,0.0,
2022-01-20,-0.0,0.0,
2022-01-21,-0.00010671945574304745,0.21010392849412465,
2022-01-24,-0.003273409631849092,0.0,
2022-01-25,0.0,0.0,
2022-01-26,0.0,0.0,
2022-01-27,0.0,0.0,
2022-01-28,0.0,0.0,
2022-01-31,-0.0,0.0,
2022-02-01,0.0,0.0,
2022-02-02,0.0,0.0,
2022-02-03,-0.0,0.0,
2022-02-04,-0.0,0.0,
2022-02-07,0.0,0.0,
2022-02-08,-0.0,0.0,
2022-02-09,0.0,0.0,
2022-02-10,0.0,0.0,
2022-02-11,0.0,0.0,
2022-02-14,-0.0,0.0,
2022-02-15,-0.0,0.0,
2022-02-16,-0.0,0.0,
2022-02-17,-9.651876462992651e-05,0.19002131786516782,
2022-02-18,0.01012172958942057,0.12813594908283563,
2022-02-22,0.002163190429602005,0.0,
2022-02-23,0.0,0.0,
2022-02-24,0.0,0.0,
2022-02-25,-0.0,0.0,
2022-02-28,0.0,0.0,
2022-03-01,0.0,0.0,
2022-03-02,0.0,0.0,
2022-03-03,0.0,0.0,
2022-03-04,0.0,0.0,
2022-03-07,-0.0,0.0,
2022-03-08,0.0,0.0,
2022-03-09,-0.0,0.0,
2022-03-10,-0.0,0.0,
2022-03-11,0.0,0.0,
2022-03-14,0.0,0.0,
2022-03-15,-0.0,0.0,
2022-03-16,0.0,0.0,
2022-03-17,0.0,0.0,
2022-03-18,0.0,0.0,
2022-03-21,-0.0,0.0,
2022-03-22,0.0,0.0,
2022-03-23,0.0,0.0,
2022-03-24,0.0,0.0,
2022-03-25,0.0,0.0,
2022-03-28,-0.0,0.0,
2022-03-29,0.0,0.0,
2022-03-30,0.0,0.0,
2022-03-31,0.0,0.0,
2022-04-01,-0.0,0.0,
2022-04-04,-0.0,0.0,
2022-04-05,-0.0,0.0,
2022-04-06,0.0,0.0,
2022-04-07,-0.0,0.0,
2022-04-08,0.0,0.0,
2022-04-11,-0.0,0.0,
2022-04-12,0.0,0.0,
2022-04-13,0.0,0.0,
2022-04-14,0.0,0.0,
2022-04-18,-0.0,0.0,
2022-04-19,0.0,0.0,
2022-04-20,0.0,0.0,
2022-04-21,-0.0,0.0,
2022-04-22,0.0,0.0,
2022-04-25,0.0,0.0,
2022-04-26,0.0,0.0,
2022-04-27,0.0,0.0,
2022-04-28,0.0,0.0,
2022-04-29,-0.0,0.0,
2022-05-02,-0.0,0.0,
2022-05-03,0.0,0.0,
2022-05-04,0.0,0.0,
2022-05-05,-0.0,0.0,
2022-05-06,0.0,0.0,
2022-05-09,0.0,0.0,
2022-05-10,0.0,0.0,
2022-05-11,-0.0,0.0,
2022-05-12,0.0,0.0,
2022-05-13,0.0,0.0,
2022-05-16,-0.0,0.0,
2022-05-17,-0.0,0.0,
2022-05-18,-0.0,0.0,
2022-05-19,0.0,0.0,
2022-05-20,-0.0,0.0,
2022-05-23,0.0,0.0,
2022-05-24,0.0,0.0,
2022-05-25,0.0,0.0,
2022-05-26,-0.0,0.0,
2022-05-27,0.0,0.0,
2022-05-31,0.0,0.0,
2022-06-01,-0.0,0.0,
2022-06-02,0.0,0.0,
2022-06-03,0.0,0.0,
2022-06-06,-0.0,0.0,
2022-06-07,-0.0,0.0,
2022-06-08,-0.0,0.0,
2022-06-09,0.0,0.0,
2022-06-10,-0.0,0.0,
2022-06-13,-0.0,0.0,
2022-06-14,0.0,0.0,
2022-06-15,0.0,0.0,
2022-06-16,-0.0,0.0,
2022-06-17,0.0,0.0,
2022-06-21,-0.0,0.0,
2022-06-22,0.0,0.0,
2022-06-23,-0.0,0.0,
2022-06-24,0.0,0.0,
2022-06-27,-0.0,0.0,
2022-06-28,0.0,0.0,
2022-06-29,-0.0,0.0,
2022-06-30,-0.0,0.0,
2022-07-01,-0.0,0.0,
2022-07-05,-0.0,0.0,
2022-07-06,-0.0,0.0,
2022-07-07,0.0,0.0,
2022-07-08,-0.0,0.0,
2022-07-11,0.0,0.0,
2022-07-12,0.0,0.0,
2022-07-13,-0.0,0.0,
2022-07-14,-0.0,0.0,
2022-07-15,-0.0,0.0,
2022-07-18,-0.0,0.0,
2022-07-19,-0.0,0.0,
2022-07-20,0.0,0.0,
2022-07-21,0.0,0.0,
2022-07-22,0.0,0.0,
2022-07-25,0.0,0.0,
2022-07-26,0.0,0.0,
2022-07-27,0.0,0.0,
2022-07-28,0.0,0.0,
2022-07-29,-0.0,0.0,
2022-08-01,-0.0,0.0,
2022-08-02,0.0,0.0,
2022-08-03,0.0,0.0,
2022-08-04,-0.0,0.0,
2022-08-05,-0.0,0.0,
2022-08-08,-0.0,0.0,
2022-08-09,0.0,0.0,
2022-08-10,0.0,0.0,
2022-08-11,-0.0,0.0,
2022-08-12,0.0,0.0,
2022-08-15,-0.0,0.0,
2022-08-16,0.0,0.0,
2022-08-17,0.0,0.0,
2022-08-18,0.0,0.0,
2022-08-19,0.0,0.0,
2022-08-22,-0.0,0.0,
2022-08-23,-0.0,0.0,
2022-08-24,-0.0,0.0,
2022-08-25,0.0,0.0,
2022-08-26,0.0,0.0,
2022-08-29,-0.0,0.0,
2022-08-30,-0.0,0.0,
2022-08-31,-0.0,0.0,
2022-09-01,-5.8405837270490475e-05,0.11498649212627812,
2022-09-02,0.0061310879482266885,0.0,
2022-09-06,-0.0,0.0,
2022-09-07,0.0,0.0,
2022-09-08,-0.0,0.0,
2022-09-09,-0.0,0.0,
2022-09-12,-0.0,0.0,
2022-09-13,0.0,0.0,
2022-09-14,-6.949759384307526e-05,0.13682338787855441,
2022-09-15,-0.006437746963853889,0.14602073871927027,
2022-09-16,-0.0033763252506115848,0.15664990337059845,
2022-09-19,0.01191215526168386,0.15578207135500796,
2022-09-20,0.00756023665434057,0.0,
2022-09-21,0.0,0.0,
2022-09-22,0.0,0.0,
2022-09-23,-0.0,0.0,
2022-09-26,0.0,0.0,
2022-09-27,0.0,0.0,
2022-09-28,0.0,0.0,
2022-09-29,-0.0,0.0,
2022-09-30,0.0,0.0,
2022-10-03,-0.0,0.0,
2022-10-04,0.0,0.0,
2022-10-05,0.0,0.0,
2022-10-06,0.0,0.0,
2022-10-07,-0.0,0.0,
2022-10-10,-0.0,0.0,
2022-10-11,0.0,0.0,
2022-10-12,0.0,0.0,
2022-10-13,0.0,0.0,
2022-10-14,-0.0,0.0,
2022-10-17,0.0,0.0,
2022-10-18,0.0,0.0,
2022-10-19,-0.0,0.0,
2022-10-20,-0.0,0.0,
2022-10-21,0.0,0.0,
2022-10-24,0.0,0.0,
2022-10-25,0.0,0.0,
2022-10-26,-0.0,0.0,
2022-10-27,0.0,0.0,
2022-10-28,0.0,0.0,
2022-10-31,-0.0,0.0,
2022-11-01,-0.0,0.0,
2022-11-02,0.0,0.0,
2022-11-03,0.0,0.0,
2022-11-04,-0.0,0.0,
2022-11-07,-0.0,0.0,
2022-11-08,0.0,0.0,
2022-11-09,-0.0,0.0,
2022-11-10,-0.0,0.0,
2022-11-11,-0.0,0.0,
2022-11-14,0.0,0.0,
2022-11-15,-0.0,0.0,
2022-11-16,0.0,0.0,
2022-11-17,0.0,0.0,
2022-11-18,0.0,0.0,
2022-11-21,0.0,0.0,
2022-11-22,0.0,0.0,
2022-11-23,-0.0,0.0,
2022-11-25,-0.0,0.0,
2022-11-28,-0.0,0.0,
2022-11-29,0.0,0.0,
2022-11-30,0.0,0.0,
2022-12-01,-0.0,0.0,
2022-12-02,-0.0,0.0,
2022-12-05,-0.0,0.0,
2022-12-06,0.0,0.0,
2022-12-07,-0.0,0.0,
2022-12-08,0.0,0.0,
2022-12-09,-0.0,0.0,
2022-12-12,0.0,0.0,
2022-12-13,0.0,0.0,
2022-12-14,0.0,0.0,
2022-12-15,-0.0,0.0,
2022-12-16,-4.848247065171869e-05,0.09544986409557116,
2022-12-19,-0.0017486640943528335,0.14118500165189832,
2022-12-20,0.0020319711233406763,0.1409805470442068,
2022-12-21,-0.0006900867007340561,0.14136277747736128,
2022-12-22,0.002329750661611534,0.14743098174283775,
2022-12-23,0.01806323242316692,0.09862339526720997,
2022-12-27,0.00198161271058438,0.0,
2022-12-28,0.0,0.0,
2022-12-29,-0.0,0.0,
2022-12-30,0.0,0.0,
2023-01-03,-0.0,0.0,
2023-01-04,-0.0,0.0,
2023-01-05,-0.0,0.0,
2023-01-06,-4.0138348192640086e-05,0.07902237300426017,
2023-01-09,0.002408989539908904,0.08385545443216748,
2023-01-10,0.005065177194066487,0.0,
2023-01-11,0.0,0.0,
2023-01-12,0.0,0.0,
2023-01-13,0.0,0.0,
2023-01-17,-0.0,0.0,
2023-01-18,0.0,0.0,
2023-01-19,0.0,0.0,
2023-01-20,0.0,0.0,
2023-01-23,0.0,0.0,
2023-01-24,-0.0,0.0,
2023-01-25,-0.0,0.0,
2023-01-26,0.0,0.0,
2023-01-27,-0.0,0.0,
2023-01-30,-0.0,0.0,
2023-01-31,0.0,0.0,
2023-02-01,-0.0,0.0,
2023-02-02,-3.6315427304259576e-05,0.07149599750526103,
2023-02-03,-0.0056383545494436615,0.10538877264126947,
2023-02-06,0.0018583777249810965,0.15071636115914608,
2023-02-07,0.004947952163683968,0.14109605670716724,
2023-02-08,-0.005092447092474378,0.09493863192997964,
2023-02-09,-0.0029075756112268217,0.1425864902577109,
2023-02-10,0.0022995854574882194,0.0,
2023-02-13,0.0,0.0,
2023-02-14,0.0,0.0,
2023-02-15,-0.0,0.0,
2023-02-16,-0.0,0.0,
2023-02-17,-7.662812101815565e-05,0.1508616132544939,
2023-02-21,0.006664261165655269,0.1600074116882386,
2023-02-22,-0.005053440613820237,0.1563064485986385,
2023-02-23,-0.0017239646047852004,0.15949069600703114,
2023-02-24,-0.0013891428450860442,0.17379068817000407,
2023-02-27,0.0067901886353768405,0.18232991193024276,
2023-02-28,0.0028706295386235962,0.17237368275465711,
2023-03-01,0.03796428202176186,0.20211325097879926,
2023-03-02,0.0007947514602706005,0.0,
2023-03-03,0.0,0.0,
2023-03-06,0.0,0.0,
2023-03-07,-0.0,0.0,
2023-03-08,-0.0,0.0,
2023-03-09,-0.0,0.0,
2023-03-10,-6.514330385512445e-05,0.12825087946477626,
2023-03-13,0.0007043439747235618,0.0,
2023-03-14,0.0,0.0,
2023-03-15,-0.0,0.0,
2023-03-16,0.0,0.0,
2023-03-17,0.0,0.0,
2023-03-20,0.0,0.0,
2023-03-21,-0.0,0.0,
2023-03-22,0.0,0.0,
2023-03-23,0.0,0.0,
2023-03-24,0.0,0.0,
2023-03-27,0.0,0.0,
2023-03-28,0.0,0.0,
2023-03-29,-0.0,0.0,
2023-03-30,-0.0,0.0,
2023-03-31,0.0,0.0,
2023-04-03,-0.0,0.0,
2023-04-04,-8.70594949976845e-05,0.17139838077669137,
2023-04-05,0.01490157957285438,0.18259351943690177,
2023-04-06,-0.006150088144556694,0.0,
2023-04-10,-3.7587184838660156e-05,0.07399977015111218,
2023-04-11,-0.0007537353589566077,0.0,
2023-04-12,-0.0,0.0,
2023-04-13,-3.92231382340109e-05,0.07722055339820896,
2023-04-14,-0.0014711596044556458,0.11594947644520151,
2023-04-17,-0.0012202340171350312,0.17742228420790196,
2023-04-18,-0.004210485444710936,0.19095146935372664,
2023-04-19,-0.00953512233299771,0.19509986499092477,
2023-04-20,-0.003572246015077666,0.23118543116565965,
2023-04-21,-0.0015721375117958246,0.2526234761817619,
2023-04-24,0.003912580460983204,0.25573470306861423,
2023-04-25,-0.004690393283218275,0.2320051601895561,
2023-04-26,0.003902854499481724,0.2486541132549938,
2023-04-27,-0.008872415241862776,0.0,
2023-04-28,-0.0,0.0,
2023-05-01,-0.0001440298984878164,0.28355886264788854,
2023-05-02,-0.004503216495472318,0.2854636641449903,
2023-05-03,-0.0081645086122423,0.3319772264968462,
2023-05-04,0.0024524909948557493,0.32984178764933436,
2023-05-05,-0.0024413878069052958,0.4007642159054538,
2023-05-08,0.017707125956207277,0.43212117400157807,
2023-05-09,0.0018941512352302298,0.35998549041353645,
2023-05-10,0.01913428257126274,0.36627371246982937,
2023-05-11,0.00038224978332315057,0.3149279185094767,
2023-05-12,-0.00584729235094599,0.3083268811225085,
2023-05-15,0.011528697485491197,0.32892058586675443,
2023-05-16,0.0027658344245666063,0.29583346764604745,
2023-05-17,0.0136712205024024,0.21033163922918272,
2023-05-18,0.0046657490752985845,0.1483536282390935,
2023-05-19,-0.00018547501264622515,0.14834438635315803,
2023-05-22,0.00815482947328233,0.1507209148066302,
2023-05-23,-0.003118130035294565,0.0,
2023-05-24,0.0,0.0,
2023-05-25,0.0,0.0,
2023-05-26,0.0,0.0,
2023-05-30,-0.0,0.0,
2023-05-31,0.0,0.0,
2023-06-01,-0.0,0.0,
2023-06-02,-8.383323566243756e-05,0.16504668271042394,
2023-06-05,0.002743917268867197,0.16024497425675366,
2023-06-06,0.006777742193014581,0.10727983683626348,
2023-06-07,0.0059304125997884346,0.0,
2023-06-08,0.0,0.0,
2023-06-09,0.0,0.0,
2023-06-12,-0.0,0.0,
2023-06-13,0.0,0.0,
2023-06-14,0.0,0.0,
2023-06-15,0.0,0.0,
2023-06-16,0.0,0.0,
2023-06-20,-0.0,0.0,
2023-06-21,-0.0,0.0,
2023-06-22,-0.0,0.0,
2023-06-23,-0.0,0.0,
2023-06-26,0.0,0.0,
2023-06-27,0.0,0.0,
2023-06-28,0.0,0.0,
2023-06-29,0.0,0.0,
2023-06-30,0.0,0.0,
2023-07-03,-0.0,0.0,
2023-07-05,0.0,0.0,
2023-07-06,0.0,0.0,
2023-07-07,0.0,0.0,
2023-07-10,0.0,0.0,
2023-07-11,0.0,0.0,
2023-07-12,0.0,0.0,
2023-07-13,-0.0,0.0,
2023-07-14,0.0,0.0,
2023-07-17,0.0,0.0,
2023-07-18,0.0,0.0,
2023-07-19,0.0,0.0,
2023-07-20,0.0,0.0,
2023-07-21,0.0,0.0,
2023-07-24,0.0,0.0,
2023-07-25,-0.0,0.0,
2023-07-26,0.0,0.0,
2023-07-27,0.0,0.0,
2023-07-28,0.0,0.0,
2023-07-31,-0.0,0.0,
2023-08-01,-0.0,0.0,
2023-08-02,-0.0,0.0,
2023-08-03,-0.0,0.0,
2023-08-04,-0.0,0.0,
2023-08-07,0.0,0.0,
2023-08-08,0.0,0.0,
2023-08-09,0.0,0.0,
2023-08-10,0.0,0.0,
2023-08-11,0.0,0.0,
2023-08-14,-0.0,0.0,
2023-08-15,-0.0,0.0,
2023-08-16,0.0,0.0,
2023-08-17,-0.0,0.0,
2023-08-18,0.0,0.0,
2023-08-21,-0.0,0.0,
2023-08-22,0.0,0.0,
2023-08-23,0.0,0.0,
2023-08-24,0.0,0.0,
2023-08-25,0.0,0.0,
2023-08-28,-0.0,0.0,
2023-08-29,-0.0,0.0,
2023-08-30,-0.0,0.0,
2023-08-31,-0.0,0.0,
2023-09-01,-0.0,0.0,
2023-09-05,0.0,0.0,
2023-09-06,-0.0,0.0,
2023-09-07,0.0,0.0,
2023-09-08,0.0,0.0,
2023-09-11,0.0,0.0,
2023-09-12,-0.0,0.0,
2023-09-13,0.0,0.0,
2023-09-14,-0.0,0.0,
2023-09-15,-0.0,0.0,
2023-09-18,-0.0,0.0,
2023-09-19,0.0,0.0,
2023-09-20,-0.0,0.0,
2023-09-21,0.0,0.0,
2023-09-22,-2.4651824425613445e-05,0.04853327933792647,
2023-09-25,-0.0011158573095842983,0.11658626221235259,
2023-09-26,-0.00257257399302411,0.13588883206286745,
2023-09-27,-0.004164268189383084,0.14811541929983296,
2023-09-28,-0.0027845276390189985,0.16248694996312707,
2023-09-29,-0.0015365954247401963,0.17116185830998074,
2023-10-02,-0.004295552036621228,0.17830185908197146,
2023-10-03,-0.013432328914180544,0.0,
2023-10-04,-0.0,0.0,
2023-10-05,-9.884861280308459e-05,0.19460820645607277,
2023-10-06,0.00030629319680806715,0.0,
2023-10-09,-0.0,0.0,
2023-10-10,0.0,0.0,
2023-10-11,0.0,0.0,
2023-10-12,-0.0,0.0,
2023-10-13,-0.00012678118465417684,0.24960045728791064,
2023-10-16,0.0038376057169556576,0.28061692062079835,
2023-10-17,0.00842378286499441,0.2833118948155886,
2023-10-18,-0.0030991036365893244,0.25858212263069796,
2023-10-19,-0.00397665127112415,0.2665634612519613,
2023-10-20,0.008672697177427644,0.28006727165143386,
2023-10-23,0.014571031215858916,0.31897649580101184,
2023-10-24,-0.009774402941898791,0.2795044291412368,
2023-10-25,-0.018032100038309278,0.28076647978493446,
2023-10-26,0.020847239809588317,0.3055185329412023,
2023-10-27,-0.009249273261622459,0.25856185682048677,
2023-10-30,-0.00687122117579839,0.25357703581687413,
2023-10-31,0.02075762341679239,0.25661394016445777,
2023-11-01,-0.010743066054027086,0.17048092708089446,
2023-11-02,0.0045517311204969725,0.2692528508284628,
2023-11-03,-0.009282677756801635,0.2669166389022281,
2023-11-06,0.01328691049370373,0.25610280998018986,
2023-11-07,-0.0006970129807330026,0.1773051695527746,
2023-11-08,-0.002495155255079956,0.19765141001909647,
2023-11-09,0.0006507461351653433,0.2049472171327453,
2023-11-10,-0.002692594777900707,0.20438688674856614,
2023-11-13,0.014315994221368162,0.20554293885869712,
2023-11-14,-0.0036937147104931177,0.12916061271564463,
2023-11-15,0.008362091937548869,0.13185094334605504,
2023-11-16,-0.004190982430341227,0.12203356930279682,
2023-11-17,-0.0018358444652985775,0.11930196591468083,
2023-11-20,0.0027573811683723726,0.12212582602834396,
2023-11-21,0.0058610886893815375,0.12695519572008865,
2023-11-22,0.000647014996407055,0.0,
2023-11-23,0.0,0.0,
2023-11-24,0.0,0.0,
2023-11-27,0.0,0.0,
2023-11-28,0.0,0.0,
2023-11-29,-0.0,0.0,
2023-11-30,-0.0,0.0,
2023-12-01,-0.0,0.0,
2023-12-04,0.0,0.0,
2023-12-05,-0.0,0.0,
2023-12-06,-0.0,0.0,
2023-12-07,-0.0,0.0,
2023-12-08,-5.7931539761076104e-05,0.11405271890461859,
2023-12-11,0.0005114978235733148,0.11561353201007732,
2023-12-12,-0.0022971641398816397,0.12766462082889893,
2023-12-13,0.005120789444512214,0.12688251589553046,
2023-12-14,0.005831677747710069,0.0,
2023-12-15,0.0,0.0,
2023-12-18,0.0,0.0,
2023-12-19,0.0,0.0,
2023-12-20,-0.0,0.0,
2023-12-21,-0.0,0.0,
2023-12-22,-0.0,0.0,
2023-12-26,-0.0,0.0,
2023-12-27,-5.942141026103317e-05,0.11698590145140907,
2023-12-28,-0.0028126878337672314,0.0,
2023-12-29,0.0,0.0,
2024-01-02,0.0,0.0,
2024-01-03,0.0,0.0,
2024-01-04,-0.0,0.0,
2024-01-05,-0.0,0.0,
2024-01-08,0.0,0.0,
2024-01-09,0.0,0.0,
2024-01-10,-0.0,0.0,
2024-01-11,0.0,0.0,
2024-01-12,-0.0,0.0,
2024-01-16,0.0,0.0,
2024-01-17,0.0,0.0,
2024-01-18,0.0,0.0,
2024-01-19,-0.0,0.0,
2024-01-22,0.0,0.0,
2024-01-23,0.0,0.0,
2024-01-24,-0.0,0.0,
2024-01-25,0.0,0.0,
2024-01-26,0.0,0.0,
2024-01-29,-0.0,0.0,
2024-01-30,-0.0,0.0,
2024-01-31,-0.0,0.0,
2024-02-01,0.0,0.0,
2024-02-02,-0.0,0.0,
2024-02-05,0.0,0.0,
2024-02-06,-0.0,0.0,
2024-02-07,0.0,0.0,
2024-02-08,0.0,0.0,
2024-02-09,0.0,0.0,
2024-02-12,0.0,0.0,
2024-02-13,-0.0,0.0,
2024-02-14,-0.0,0.0,
2024-02-15,-0.0,0.0,
2024-02-16,-0.0,0.0,
2024-02-20,-0.0,0.0,
2024-02-21,-0.00012954419371170834,0.25504013136992576,
2024-02-22,0.012611779490848808,0.16645233415340832,
2024-02-23,-0.0024354323749442197,0.0,
2024-02-26,-5.4523695541323856e-05,0.10734352559698135,
2024-02-27,-0.0018194843476269193,0.0,
2024-02-28,-0.0,0.0,
2024-02-29,-0.00015801981821135695,0.311101517103609,
2024-03-01,0.08530696891562428,0.0,
2024-03-04,-0.0,0.0,
2024-03-05,-0.0,0.0,
2024-03-06,0.0,0.0,
2024-03-07,0.0,0.0,
2024-03-08,-0.0,0.0,
2024-03-11,0.0,0.0,
2024-03-12,0.0,0.0,
2024-03-13,0.0,0.0,
2024-03-14,-0.0,0.0,
2024-03-15,0.0,0.0,
2024-03-18,0.0,0.0,
2024-03-19,-0.0,0.0,
2024-03-20,0.0,0.0,
2024-03-21,0.0,0.0,
2024-03-22,0.0,0.0,
2024-03-25,-0.0,0.0,
2024-03-26,-0.0,0.0,
2024-03-27,-0.0,0.0,
2024-03-28,0.0,0.0,
2024-04-01,-0.0,0.0,
2024-04-02,0.0,0.0,
2024-04-03,0.0,0.0,
2024-04-04,-0.0,0.0,
2024-04-05,-0.0,0.0,
2024-04-08,-0.0,0.0,
2024-04-09,-0.0001087067716412644,0.21401645666873928,
2024-04-10,0.001100064792540972,0.0,
2024-04-11,0.0,0.0,
2024-04-12,0.0,0.0,
2024-04-15,-0.0,0.0,
2024-04-16,0.0,0.0,
2024-04-17,-0.0,0.0,
2024-04-18,-0.0,0.0,
2024-04-19,-0.00010408472879250669,0.20491680981024757,
2024-04-22,-0.001004070520210618,0.3043899419052159,
2024-04-23,0.008870907403561595,0.3139538637170079,
2024-04-24,0.004053629214144341,0.13147706964588257,
2024-04-25,-0.0004378837969457848,0.0,
2024-04-26,-7.664862729512706e-05,0.1509019849872814,
2024-04-29,0.0027502041513620067,0.15626922178691183,
2024-04-30,-0.003315746560129792,0.0,
2024-05-01,-0.0001448735027044819,0.2852197084494487,
2024-05-02,0.0043982845878760965,0.45221635853637193,
2024-05-03,-0.004903662335062024,0.39152922771790266,
2024-05-06,0.010851734858719314,0.4220336753737202,
2024-05-07,-0.015909400486311617,0.3686715487974411,
2024-05-08,-0.010040557656811843,0.42296028605566727,
2024-05-09,0.00043600237077241066,0.45221635853637193,
2024-05-10,-0.012350797563149406,0.45221635853637193,
2024-05-13,-0.008327058671950644,0.45221635853637193,
2024-05-14,-0.008974511502561408,0.45221635853637193,
2024-05-15,0.007682666988406168,0.45221635853637193,
2024-05-16,0.013641962372675127,0.45221635853637193,
2024-05-17,0.012875652271639693,0.45221635853637193,
2024-05-20,-0.011339575128978105,0.43946193588464516,
2024-05-21,-0.01033722650805838,0.44108587646497327,
2024-05-22,0.001309452037546351,0.45221635853637193,
2024-05-23,0.00777127781634563,0.45221635853637193,
2024-05-24,-0.00692417892789483,0.42532285590179525,
2024-05-28,-0.011101281271916978,0.43671782350011046,
2024-05-29,-0.01719876602076865,0.45221635853637193,
2024-05-30,-0.022470786142428013,0.45221635853637193,
2024-05-31,0.024845667578838257,0.0,
2024-06-03,-0.0,0.0,
2024-06-04,0.0,0.0,
2024-06-05,-0.0,0.0,
2024-06-06,0.0,0.0,
2024-06-07,-0.0,0.0,
2024-06-10,-0.0,0.0,
2024-06-11,-0.0,0.0,
2024-06-12,-0.0,0.0,
2024-06-13,0.0,0.0,
2024-06-14,-0.00018534388524835496,0.3648957740826988,
2024-06-17,-0.005817283727259511,0.37355939432575386,
2024-06-18,0.004809608889780177,0.3844966707049201,
2024-06-20,-0.0008928209933556391,0.3953992005980275,
2024-06-21,0.02207100898070835,0.41380783507519975,
2024-06-24,-0.00944228765440407,0.3168243896290775,
2024-06-25,0.009582336739199653,0.3393452696556485,
2024-06-26,0.016545458520125133,0.3082592191586225,
2024-06-27,-0.008768458918645054,0.12630810333888146,
2024-06-28,-0.0036966332406887245,0.20136061595656496,
2024-07-01,0.007578261244357059,0.1353510903140797,
2024-07-02,0.0035490014842059717,0.0,
2024-07-03,-0.0,0.0,
2024-07-05,-0.0,0.0,
2024-07-08,-0.0,0.0,
2024-07-09,-0.0,0.0,
2024-07-10,-0.0,0.0,
2024-07-11,-0.00011555686034866548,0.22750256881143516,
2024-07-12,0.002053106237730496,0.2275676510180394,
2024-07-15,-0.0028821242086966795,0.23713481222839114,
2024-07-16,0.001238409386733756,0.2539899707011489,
2024-07-17,-0.011200034011438756,0.2626731833456492,
2024-07-18,0.003737586497058788,0.40505643723947155,
2024-07-19,-0.0019722008573914425,0.0,
2024-07-22,0.0,0.0,
2024-07-23,0.0,0.0,
2024-07-24,0.0,0.0,
2024-07-25,0.0,0.0,
2024-07-26,0.0,0.0,
2024-07-29,-0.0,0.0,
2024-07-30,-0.0,0.0,
2024-07-31,0.0,0.0,
2024-08-01,-0.0,0.0,
2024-08-02,-0.0,0.0,
2024-08-05,-9.27962398996879e-05,0.18269259730251053,
2024-08-06,-0.0039457664389331,0.0,
2024-08-07,-0.0,0.0,
2024-08-08,-9.367774528238091e-05,0.1844280610246874,
2024-08-09,-0.008934658826639564,0.0,
2024-08-12,-0.0,0.0,
2024-08-13,-0.0,0.0,
2024-08-14,-0.0,0.0,
2024-08-15,-0.0,0.0,
2024-08-16,-0.0002296971979867286,0.45221635853637193,
2024-08-19,0.0012945277438445022,0.45221635853637193,
2024-08-20,0.0022203050005820627,0.45221635853637193,
2024-08-21,0.009373306615284328,0.45221635853637193,
2024-08-22,0.003837974050090286,0.45221635853637193,
2024-08-23,-0.003035263746040196,0.45221635853637193,
2024-08-26,-0.04092468961558297,0.45221635853637193,
2024-08-27,0.0020251031072774433,0.45221635853637193,
2024-08-28,-0.01402392444867535,0.45221635853637193,
2024-08-29,0.006197534144559697,0.45221635853637193,
2024-08-30,0.01878777983626952,0.45221635853637193,
2024-09-03,-0.08434888167167949,0.0,
2024-09-04,-0.00022054967925425235,0.43420718103180933,
2024-09-05,-0.016881767122396314,0.4505896392541061,
2024-09-06,-0.002447060206380621,0.4457197458886315,
2024-09-09,-0.00035025784037560583,0.4501958769500409,
2024-09-10,0.009550931577774067,0.45221635853637193,
2024-09-11,-0.007798083175232675,0.45221635853637193,
2024-09-12,-0.010838256391545611,0.45221635853637193,
2024-09-13,-0.002040145283154495,0.0,
2024-09-16,-0.0,0.0,
2024-09-17,0.0,0.0,
2024-09-18,0.0,0.0,
2024-09-19,0.0,0.0,
2024-09-20,-0.00017758272324762075,0.34961598639375335,
2024-09-23,0.0005401242339752114,0.39688403176381726,
2024-09-24,0.0100617574650466,0.4007353211067749,
2024-09-25,0.01874650670111639,0.4159572838219546,
2024-09-26,0.015643101763296034,0.2400792535817743,
2024-09-27,-0.012022224197819642,0.1555847461148875,
2024-09-30,0.002458925354880514,0.23221825124807166,
2024-10-01,-0.01417139318109131,0.0,
2024-10-02,-0.00016774325048384423,0.33024452439006835,
2024-10-03,0.020220887957992942,0.20390898316800196,
2024-10-04,-0.004387819476174634,0.0,
2024-10-07,0.0,0.0,
2024-10-08,-0.0,0.0,
2024-10-09,-0.0,0.0,
2024-10-10,0.0,0.0,
2024-10-11,0.0,0.0,
2024-10-14,-0.0,0.0,
2024-10-15,0.0,0.0,
2024-10-16,0.0,0.0,
2024-10-17,0.0,0.0,
2024-10-18,-0.0,0.0,
2024-10-21,-0.0,0.0,
2024-10-22,0.0,0.0,
2024-10-23,0.0,0.0,
2024-10-24,-0.0,0.0,
2024-10-25,0.0,0.0,
2024-10-28,-0.0,0.0,
2024-10-29,-0.0,0.0,
2024-10-30,0.0,0.0,
2024-10-31,0.0,0.0,
2024-11-01,-0.0,0.0,
2024-11-04,0.0,0.0,
2024-11-05,0.0,0.0,
2024-11-06,-0.0,0.0,
2024-11-07,0.0,0.0,
2024-11-08,0.0,0.0,
2024-11-11,0.0,0.0,
2024-11-12,0.0,0.0,
2024-11-13,-0.0,0.0,
2024-11-14,0.0,0.0,
2024-11-15,0.0,0.0,
2024-11-18,0.0,0.0,
2024-11-19,0.0,0.0,
2024-11-20,0.0,0.0,
2024-11-21,-0.0,0.0,
2024-11-22,-0.0,0.0,
2024-11-25,0.0,0.0,
2024-11-26,-0.0,0.0,
2024-11-27,-0.0,0.0,
2024-11-29,-0.0,0.0,
2024-12-02,-0.0,0.0,
2024-12-03,-0.0,0.0,
2024-12-04,0.0,0.0,
2024-12-05,-0.0,0.0,
2024-12-06,0.0,0.0,
2024-12-09,0.0,0.0,
2024-12-10,-0.0,0.0,
2024-12-11,-0.0,0.0,
2024-12-12,0.0,0.0,
2024-12-13,-0.0,0.0,
2024-12-16,-0.0,0.0,
2024-12-17,-0.0,0.0,
2024-12-18,-0.0,0.0,
2024-12-19,-0.0,0.0,
2024-12-20,0.0,0.0,
2024-12-23,0.0,0.0,
2024-12-24,-0.0,0.0,
2024-12-26,-0.0,0.0,
2024-12-27,-0.0,0.0,
2024-12-30,0.0,0.0,
2024-12-31,0.0,0.0,
2025-01-02,0.0,0.0,
2025-01-03,-0.0,0.0,
2025-01-06,-0.0,0.0,
2025-01-07,-0.0,0.0,
2025-01-08,0.0,0.0,
2025-01-09,0.0,0.0,
2025-01-10,0.0,0.0,
2025-01-13,-0.0,0.0,
2025-01-14,0.0,0.0,
2025-01-15,0.0,0.0,
2025-01-16,0.0,0.0,
2025-01-17,0.0,0.0,
2025-01-21,0.0,0.0,
2025-01-22,-0.0,0.0,
2025-01-23,0.0,0.0,
2025-01-24,0.0,0.0,
2025-01-27,0.0,0.0,
2025-01-28,-0.0,0.0,
2025-01-29,0.0,0.0,
2025-01-30,0.0,0.0,
2025-01-31,0.0,0.0,
2025-02-03,0.0,0.0,
2025-02-04,-0.0,0.0,
2025-02-05,-0.0,0.0,
2025-02-06,0.0,0.0,
2025-02-07,0.0,0.0,
2025-02-10,-0.0,0.0,
2025-02-11,0.0,0.0,
2025-02-12,-0.0,0.0,
2025-02-13,0.0,0.0,
2025-02-14,0.0,0.0,
2025-02-18,-0.0,0.0,
2025-02-19,-0.0,0.0,
2025-02-20,0.0,0.0,
2025-02-21,-0.0,0.0,
2025-02-24,-0.0,0.0,
2025-02-25,-0.0,0.0,
2025-02-26,-0.0,0.0,
2025-02-27,-6.858857360773721e-05,0.13503375429023262,
2025-02-28,-0.004809706203904563,0.0,
2025-03-03,0.0,0.0,
2025-03-04,0.0,0.0,
2025-03-05,-0.0,0.0,
2025-03-06,-0.0,0.0,
2025-03-07,-0.0,0.0,
2025-03-10,0.0,0.0,
2025-03-11,0.0,0.0,
2025-03-12,-0.0,0.0,
2025-03-13,0.0,0.0,
2025-03-14,-0.0,0.0,
2025-03-17,0.0,0.0,
2025-03-18,0.0,0.0,
2025-03-19,0.0,0.0,
2025-03-20,-0.0,0.0,
2025-03-21,0.0,0.0,
2025-03-24,-0.0,0.0,
2025-03-25,0.0,0.0,
2025-03-26,0.0,0.0,
2025-03-27,0.0,0.0,
2025-03-28,-0.0,0.0,
2025-03-31,-0.0,0.0,
2025-04-01,0.0,0.0,
2025-04-02,0.0,0.0,
2025-04-03,-0.0,0.0,
2025-04-04,0.0,0.0,
2025-04-07,0.0,0.0,
2025-04-08,0.0,0.0,
2025-04-09,-0.0,0.0,
2025-04-10,-0.0,0.0,
2025-04-11,-0.0,0.0,
2025-04-14,0.0,0.0,
2025-04-15,0.0,0.0,
2025-04-16,-0.0,0.0,
2025-04-17,-0.0,0.0,
2025-04-21,0.0,0.0,
2025-04-22,0.0,0.0,
2025-04-23,0.0,0.0,
2025-04-24,0.0,0.0,
2025-04-25,0.0,0.0,
2025-04-28,0.0,0.0,
2025-04-29,-0.0,0.0,
2025-04-30,0.0,0.0,
2025-05-01,-0.0,0.0,
2025-05-02,-0.0,0.0,
2025-05-05,0.0,0.0,
2025-05-06,-0.0,0.0,
2025-05-07,-0.0,0.0,
2025-05-08,0.0,0.0,
2025-05-09,-0.0,0.0,
2025-05-12,0.0,0.0,
2025-05-13,0.0,0.0,
2025-05-14,0.0,0.0,
2025-05-15,-0.0,0.0,
2025-05-16,-0.0,0.0,
2025-05-19,-0.0,0.0,
2025-05-20,0.0,0.0,
2025-05-21,0.0,0.0,
2025-05-22,-0.0,0.0,
2025-05-23,-0.0,0.0,
2025-05-27,-0.0,0.0,
2025-05-28,-0.0,0.0,
2025-05-29,-0.0,0.0,
2025-05-30,-0.0,0.0,
2025-06-02,-0.0,0.0,
2025-06-03,-0.00011583268522094033,0.22804559902872626,
2025-06-04,-0.009602803608081658,0.0,
2025-06-05,-0.0001799096073326141,0.354197039436084,
2025-06-06,-0.005405397074797008,0.0,
2025-06-09,0.0,0.0,
2025-06-10,0.0,0.0,
2025-06-11,-0.0,0.0,
2025-06-12,-0.0,0.0,
2025-06-13,-0.00020375715412566066,0.40114689718489444,
2025-06-16,0.02368228728385285,0.395616926373869,
2025-06-17,-0.0009037185783520006,0.1433014909512546,
2025-06-18,0.006514172931467827,0.14823245970543064,
2025-06-20,0.0054303491694834725,0.0,
2025-06-23,0.0,0.0,
2025-06-24,-0.0,0.0,
2025-06-25,-0.0,0.0,
2025-06-26,0.0,0.0,
2025-06-27,-0.0,0.0,
2025-06-30,0.0,0.0,
2025-07-01,-0.0,0.0,
2025-07-02,-0.0,0.0,
2025-07-03,-0.0,0.0,
2025-07-04,0.0,0.0,
2025-07-07,-0.0,0.0,
2025-07-08,0.0,0.0,
2025-07-09,-0.0,0.0,
2025-07-10,0.0,0.0,
2025-07-11,-0.0,0.0,
2025-07-14,0.0,0.0,
2025-07-15,0.0,0.0,
2025-07-16,-0.0,0.0,
2025-07-17,0.0,0.0,
2025-07-18,-0.0,0.0,
2025-07-21,0.0,0.0,
2025-07-22,-0.0,0.0,
2025-07-23,0.0,0.0,
2025-07-24,-0.0,0.0,
2025-07-25,0.0,0.0,
2025-07-28,-0.0,0.0,
2025-07-29,0.0,0.0,
2025-07-30,-0.0,0.0,
2025-07-31,-0.0,0.0,
2025-08-01,-0.0,0.0,
2025-08-04,0.0,0.0,
2025-08-05,-0.0,0.0,
2025-08-06,0.0,0.0,
2025-08-07,0.0,0.0,
2025-08-08,0.0,0.0,
2025-08-11,-0.0,0.0,
2025-08-12,0.0,0.0,
2025-08-13,0.0,0.0,
2025-08-14,-0.0,0.0,
2025-08-15,-0.0,0.0,
2025-08-18,0.0,0.0,
2025-08-19,0.0,0.0,
2025-08-20,0.0,0.0,
2025-08-21,0.0,0.0,
2025-08-22,-0.0,0.0,
2025-08-25,-0.0,0.0,
2025-08-26,-0.0,0.0,
2025-08-27,0.0,0.0,
2025-08-28,0.0,0.0,
2025-08-29,-0.0,0.0,
2025-09-02,-0.0,0.0,
2025-09-03,0.0,0.0,
2025-09-04,-0.0,0.0,
2025-09-05,-0.0,0.0,
2025-09-08,-0.0,0.0,
2025-09-09,0.0,0.0,
2025-09-10,-0.0,0.0,
2025-09-11,-0.0,0.0,
2025-09-12,-0.0,0.0,
2025-09-15,0.0,0.0,
2025-09-16,0.0,0.0,
2025-09-17,-0.0,0.0,
2025-09-18,-0.0,0.0,
2025-09-19,-0.0,0.0,
2025-09-22,0.0,0.0,
2025-09-23,0.0,0.0,
2025-09-24,-0.0,0.0,
2025-09-25,0.0,0.0,
2025-09-26,0.0,0.0,
2025-09-29,0.0,0.0,
2025-09-30,0.0,0.0,
2025-10-01,-0.0,0.0,
2025-10-02,-0.0,0.0,
2025-10-03,-0.0,0.0,
2025-10-06,0.0,0.0,
2025-10-07,0.0,0.0,
2025-10-08,-0.0,0.0,
2025-10-09,0.0,0.0,
2025-10-10,-0.0,0.0,
2025-10-13,0.0,0.0,
2025-10-14,-0.0,0.0,
2025-10-15,0.0,0.0,
2025-10-16,-0.0,0.0,
2025-10-17,0.0,0.0,
2025-10-20,-0.0,0.0,
2025-10-21,-0.0,0.0,
2025-10-22,0.0,0.0,
2025-10-23,0.0,0.0,
2025-10-24,0.0,0.0,
2025-10-27,0.0,0.0,
2025-10-28,0.0,0.0,
2025-10-29,0.0,0.0,
2025-10-30,0.0,0.0,
2025-10-31,-0.0,0.0,
2025-11-03,-0.0,0.0,
2025-11-04,0.0,0.0,
2025-11-05,0.0,0.0,
2025-11-06,0.0,0.0,
2025-11-07,-0.0,0.0,
2025-11-10,0.0,0.0,
2025-11-11,0.0,0.0,
2025-11-12,-0.0,0.0,
2025-11-13,-0.0,0.0,
2025-11-14,0.0,0.0,
2025-11-17,-0.0,0.0,
2025-11-18,0.0,0.0,
2025-11-19,-0.0,0.0,
2025-11-20,-0.0,0.0,
2025-11-21,-0.0,0.0,
2025-11-24,-0.0,0.0,
2025-11-25,-0.0,0.0,
2025-11-26,-0.0,0.0,
2025-11-28,0.0,0.0,
2025-12-01,-0.0,0.0,
2025-12-02,-0.0,0.0,
2025-12-03,-0.0,0.0,
2025-12-04,-0.0,0.0,
2025-12-05,0.0,0.0,
2025-12-08,-0.0,0.0,
2025-12-09,-0.0,0.0,
2025-12-10,-0.0,0.0,
2025-12-11,-0.0,0.0,
2025-12-12,-0.0,0.0,
2025-12-15,-5.848671569131114e-05,0.1151457215172688,
2025-12-16,-0.0027438377070009225,0.18807601980820043,
2025-12-17,-6.337614568946189e-05,0.27835918013012884,
2025-12-18,-0.002941899562657224,0.31102343734748045,
2025-12-19,-0.005720704306837731,0.34230375931898577,
2025-12-22,0.0015069943415206525,0.39639819054356695,
2025-12-23,0.0018600538568238313,0.42968456712699077,
2025-12-24,-0.005915290474755366,0.4395329682079535,
2025-12-26,-0.00945820734991496,0.4395329682079535,
2025-12-29,-0.010512983730156395,0.4395329682079535,
2025-12-30,0.012014608899957207,0.4395329682079535,
2025-12-31,-0.006446241175114755,0.4395329682079535,
2026-01-02,-3.060080029946528e-06,0.3855700837732625,
2026-01-05,-0.00022466933834581132,0.0,
2026-01-06,-0.0,0.0,
2026-01-07,0.0,0.0,
2026-01-08,0.0,0.0,
2026-01-09,-0.0,0.0,
2026-01-12,0.0,0.0,
2026-01-13,0.0,0.0,
2026-01-14,-0.0,0.0,
2026-01-15,0.0,0.0,
2026-01-16,-0.0001780615633129763,0.35055870277242207,
2026-01-20,0.026991218759733614,0.34100951833127696,
2026-01-21,0.03183227271199952,0.09462578303554117,
2026-01-22,-0.0034564460948192707,0.0,
2026-01-23,0.0,0.0,
2026-01-26,0.0,0.0,
2026-01-27,0.0,0.0,
2026-01-28,0.0,0.0,
2026-01-29,-0.0,0.0,
2026-01-30,0.0,0.0,
2026-02-02,-0.0,0.0,
2026-02-03,-9.538630306500733e-05,0.18779178415923317,
2026-02-04,0.0064595112085017795,0.12004392971204536,
2026-02-05,-0.0015847743560945544,0.07865328657749981,
2026-02-06,0.0025425819192782524,0.07982345628524146,
2026-02-09,0.0004634656868321612,0.0392304921551094,
2026-02-10,-0.0009608560544605883,0.04006593583068618,
2026-02-11,0.0007445903323020748,0.08102755423679282,
2026-02-12,-0.002147234749366247,0.03939907157052076,
2026-02-13,-0.0004276477416215588,0.07908458984560003,
2026-02-17,0.0022146366581457955,0.08000652159621055,
2026-02-18,0.0013750874045028992,0.03805403247620216,
2026-02-19,0.0018046839318479658,0.04022666858854969,
2026-02-20,-0.0010253383498161621,0.0,
2026-02-23,0.0,0.0,
2026-02-24,0.0,0.0,
2026-02-25,0.0,0.0,
2026-02-26,0.0,0.0,
2026-02-27,0.0,0.0,
2026-03-02,0.0,0.0,
2026-03-03,0.0,0.0,
2026-03-04,0.0,0.0,
2026-03-05,0.0,0.0,
2026-03-06,-0.0,0.0,
2026-03-09,-0.0,0.0,
2026-03-10,0.0,0.0,
2026-03-11,0.0,0.0,
2026-03-12,-0.0,0.0,
2026-03-13,0.0,0.0,
2026-03-16,0.0,0.0,
2026-03-17,0.0,0.0,
2026-03-18,0.0,0.0,
2026-03-19,0.0,0.0,
2026-03-20,0.0,0.0,
2026-03-23,-0.0,0.0,
2026-03-24,0.0,0.0,
2026-03-25,-0.0,0.0,
2026-03-26,0.0,0.0,
2026-03-27,0.0,0.0,
2026-03-30,-0.0,0.0,
2026-03-31,-0.0,0.0,
2026-04-01,-0.0,0.0,
2026-04-02,-0.0,0.0,
2026-04-06,-0.0,0.0,
2026-04-07,0.0,0.0,
2026-04-08,0.0,0.0,
2026-04-09,-0.0,0.0,
2026-04-10,-0.0,0.0,
2026-04-13,0.0,0.0,
2026-04-14,0.0,0.0,
2026-04-15,0.0,0.0,
2026-04-16,0.0,0.0,
2026-04-17,0.0,0.0,
2026-04-20,-0.0,0.0,
2026-04-21,0.0,0.0,
2026-04-22,0.0,0.0,
2026-04-23,0.0,0.0,
2026-04-24,0.0,0.0,
2026-04-27,0.0,0.0,
2026-04-28,-0.0,0.0,
2026-04-29,0.0,0.0,
2026-04-30,0.0,0.0,
2026-05-01,-0.0,0.0,
2026-05-04,0.0,0.0,
2026-05-05,0.0,0.0,
2026-05-06,-0.0,0.0,
2026-05-07,0.0,0.0,
2026-05-08,0.0,0.0,
2026-05-11,0.0,0.0,
2026-05-12,0.0,0.0,
2026-05-13,-0.0,0.0,
2026-05-14,-0.0,0.0,
2026-05-15,0.0,0.0,
2026-05-18,-0.0,0.0,
2026-05-19,-0.0,0.0,
2026-05-20,0.0,0.0,
2026-05-21,-0.0,0.0,
2026-05-22,0.0,0.0,
2026-05-26,-0.0,0.0,
2026-05-27,0.0,0.0,
2026-05-28,0.0,0.0,
2026-05-29,-0.0,0.0,
2026-06-01,-0.0,0.0,
2026-06-02,0.0,0.0,
2026-06-03,-0.0,0.0,
2026-06-04,-0.0,0.0,
2026-06-05,0.0,0.0,
2026-06-08,0.0,0.0,
2026-06-09,0.0,0.0,
2026-06-10,0.0,0.0,
2026-06-11,0.0,0.0,
2026-06-12,-0.0,0.0,
2026-06-15,-0.0,0.0,
2026-06-16,0.0,0.0,
2026-06-17,0.0,0.0,
2026-06-18,0.0,0.0,
2026-06-22,0.0,0.0,
2026-06-23,0.0,0.0,
2026-06-24,0.0,0.0,
2026-06-25,0.0,0.0,
2026-06-26,-0.0,0.0,
2026-06-29,0.0,0.0,
2026-06-30,-0.0,0.0,
2026-07-01,-0.0,0.0,
2026-07-02,-0.0,0.0,
2026-07-06,0.0,0.0,
2026-07-07,-0.0,0.0,
2026-07-08,0.0,0.0,
2026-07-09,-0.0,0.0,
2026-07-10,-0.0,0.0,
2026-07-13,0.0,0.0,
2026-07-14,0.0,0.0,
2026-07-15,0.0,0.0,
2026-07-16,0.0,0.0,
2026-07-17,-0.0,0.0,
2026-07-20,-0.0,0.0,
2026-07-21,-0.0,0.0,
2026-07-22,-0.0,0.0,
2026-07-23,-0.0,0.0,
2026-07-24,-0.0,0.0,
2026-07-27,0.0,0.0,
2026-07-28,0.0,0.0,
2026-07-29,-0.0,0.0,
2026-07-30,-0.0,0.0,
2026-07-31,-0.0,0.0,
2026-08-03,-0.0,0.0,
2026-08-04,-0.0,0.0,
2026-08-05,0.0,0.0,
2026-08-06,0.0,0.0,
2026-08-07,0.0,0.0,
2026-08-10,0.0,0.0,
2026-08-11,-0.0,0.0,
2026-08-12,0.0,0.0,
2026-08-13,0.0,0.0,
2026-08-14,0.0,0.0,
2026-08-17,0.0,0.0,
2026-08-18,0.0,0.0,
2026-08-19,-0.0,0.0,
2026-08-20,-0.0,0.0,
2026-08-21,0.0,0.0,
2026-08-24,-0.0,0.0,
2026-08-25,0.0,0.0,
2026-08-26,0.0,0.0,
2026-08-27,0.0,0.0,
2026-08-28,0.0,0.0,
2026-08-31,-0.0,0.0,
2026-09-01,-0.0,0.0,
2026-09-02,-0.0,0.0,
2026-09-03,-0.0,0.0,
2026-09-04,0.0,0.0,
2026-09-08,-0.0,0.0,
2026-09-09,-0.0,0.0,
